sample_i_id,sample_j_id,x_i_start_date,x_i_end_date,target_i_date,x_j_start_date,x_j_end_date,target_j_date,cpi_i,cpi_j,delta_cpi,window_distance,shape_distance,level_distance,shape_distance_normalized,level_distance_normalized,hybrid_distance,delta_bin,selection_method,search_distance
12,0,2014-07,2015-06,2015-07,2013-07,2014-06,2014-07,100.3,100.1,0.2,0.759115,0.759115,1.5145337128855059,0.5225718203671629,1.2922298377293402,0.9074008290482516,medium,ssa_delta_stratified_gap1_max1,0.5541277990790121
13,0,2014-08,2015-07,2015-08,2013-07,2014-06,2014-07,100.5,100.1,0.4,1.008067,1.008067,1.320160724651415,0.6939494111459592,1.1263869958647206,0.9101682035053399,large,ssa_delta_stratified_gap1_max1,0.7116793521194285
13,1,2014-08,2015-07,2015-08,2013-08,2014-07,2014-08,100.5,100.2,0.3,0.777135,0.777135,1.210763796016799,0.5349767184432335,1.0330473929659074,0.7840120557045704,medium,ssa_delta_stratified_gap1_max1,0.5553976160986631
14,0,2014-09,2015-08,2015-09,2013-07,2014-06,2014-07,100.1,100.1,0.0,1.615897,1.615897,1.1310027530950224,1.1123772245520605,0.9649937084060829,1.0386854664790717,medium,ssa_delta_stratified_gap1_max1,1.1063345003900753
14,2,2014-09,2015-08,2015-09,2013-09,2014-08,2014-09,100.1,100.5,-0.4,0.786265,0.786265,0.4854795020139973,0.5412617750156266,0.41422062300167134,0.477741199008649,small,ssa_delta_stratified_gap1_max1,0.5360530877830544
15,0,2014-10,2015-09,2015-10,2013-07,2014-06,2014-07,99.7,100.1,-0.4,1.649812,1.649812,1.3734832615475783,1.1357241789499481,1.1718828290801908,1.1538035040150696,small,ssa_delta_stratified_gap1_max1,1.137206683605288
16,3,2014-11,2015-10,2015-11,2013-10,2014-09,2014-10,100.0,100.0,0.0,1.075006,1.075006,1.4756402459844207,0.740029958999127,1.2590451697389748,0.999537564369051,medium,ssa_delta_stratified_gap1_max1,0.7613095826394608
16,2,2014-11,2015-10,2015-11,2013-09,2014-08,2014-09,100.0,100.5,-0.5,1.597701,1.597701,1.5398013397166361,1.0998511687589319,1.313788672004207,1.2068199203815695,small,ssa_delta_stratified_gap1_max1,1.1086226063919882
17,0,2014-12,2015-11,2015-12,2013-07,2014-06,2014-07,100.5,100.1,0.4,1.206846,1.206846,1.5145337128855059,0.8307881034136188,1.2922298377293402,1.0615089705714795,large,ssa_delta_stratified_gap1_max1,0.8497072145205633
17,5,2014-12,2015-11,2015-12,2013-12,2014-11,2014-12,100.5,100.3,0.2,0.862348,0.862348,0.3468798202877734,0.5936370169868627,0.29596465900256813,0.44480083799471537,medium,ssa_delta_stratified_gap1_max1,0.5814324503095066
18,0,2015-01,2015-12,2016-01,2013-07,2014-06,2014-07,100.5,100.1,0.4,1.270091,1.270091,1.4846828912337051,0.8743257160008041,1.2667605318360418,1.0705431239184229,large,ssa_delta_stratified_gap1_max1,0.8904155434500488
18,1,2015-01,2015-12,2016-01,2013-08,2014-07,2014-08,100.5,100.2,0.3,1.219497,1.219497,1.3201607246506644,0.8394970027232951,1.1263869958640802,0.9829419992936876,medium,ssa_delta_stratified_gap1_max1,0.8512594924420672
19,2,2015-02,2016-01,2016-02,2013-09,2014-08,2014-09,101.6,100.5,1.1,1.234668,1.234668,0.5655013765473421,0.8499406602544863,0.4824968542028972,0.6662187572286917,large,ssa_delta_stratified_gap1_max1,0.8348754642063712
20,8,2015-03,2016-02,2016-03,2014-03,2015-02,2015-03,99.6,99.5,0.1,0.464866,0.464866,1.3201607246511615,0.3200119505566371,1.1263869958645043,0.7231994732105707,medium,ssa_delta_stratified_gap1_max1,0.3530733274142597
20,6,2015-03,2016-02,2016-03,2014-01,2014-12,2015-01,99.6,100.3,-0.7,1.548944,1.548944,2.296298172231289,1.0662870391532178,1.959246591366528,1.512766815259873,small,ssa_delta_stratified_gap1_max1,1.1028983807939636
21,4,2015-04,2016-03,2016-04,2013-11,2014-10,2014-11,99.8,99.8,0.0,1.287849,1.287849,1.320160724650918,0.8865502542935266,1.1263869958642965,1.0064686250789117,medium,ssa_delta_stratified_gap1_max1,0.8963835606979281
21,0,2015-04,2016-03,2016-04,2013-07,2014-06,2014-07,99.8,100.1,-0.3,1.680879,1.680879,0.4556934571347115,1.1571105811990758,0.3888065859198384,0.7729585835594571,small,ssa_delta_stratified_gap1_max1,1.1256101173926272
22,8,2015-05,2016-04,2016-05,2014-03,2015-02,2015-03,99.5,99.5,0.0,1.48528,1.48528,2.513257284168489,1.0224609885918994,2.14436035649914,1.5834106725455195,medium,ssa_delta_stratified_gap1_max1,1.0684588626760962
22,6,2015-05,2016-04,2016-05,2014-01,2014-12,2015-01,99.5,100.3,-0.8,1.528407,1.528407,1.5398013397168846,1.0521494480439912,1.3137886720044187,1.182969060024205,small,ssa_delta_stratified_gap1_max1,1.0628766562263687
23,8,2015-06,2016-05,2016-06,2014-03,2015-02,2015-03,99.9,99.5,0.4,1.69732,1.69732,2.714576819221314,1.168428501802221,2.3161301282115274,1.7422793150068743,large,ssa_delta_stratified_gap1_max1,1.2154842684850025
23,4,2015-06,2016-05,2016-06,2013-11,2014-10,2014-11,99.9,99.8,0.1,1.274612,1.274612,1.0126029852671643,0.8774379548577361,0.8639727067171288,0.8707053307874324,medium,ssa_delta_stratified_gap1_max1,0.8768858796839711
23,6,2015-06,2016-05,2016-06,2014-01,2014-12,2015-01,99.9,100.3,-0.4,1.29895,1.29895,1.4756402459845825,0.8941921396177474,1.259045169739113,1.0766186546784302,small,ssa_delta_stratified_gap1_max1,0.9091511138527233
24,9,2015-07,2016-06,2016-07,2014-04,2015-03,2015-04,100.2,99.8,0.4,1.682168,1.682168,0.9042722371592512,1.1579979237973033,0.7715427899331178,0.9647703568652105,large,ssa_delta_stratified_gap1_max1,1.1421532633088716
24,0,2015-07,2016-06,2016-07,2013-07,2014-06,2014-07,100.2,100.1,0.1,0.922684,0.922684,0.6697321255599571,0.6351720852619898,0.5714285714285019,0.6033003283452458,medium,ssa_delta_stratified_gap1_max1,0.6325586011948168
24,7,2015-07,2016-06,2016-07,2014-02,2015-01,2015-02,100.2,101.2,-1.0,1.22089,1.22089,1.939396653329196,0.8404559385179657,1.6547312227534874,1.2475935806357266,small,ssa_delta_stratified_gap1_max1,0.8738412251716221
25,8,2015-08,2016-07,2016-08,2014-03,2015-02,2015-03,100.1,99.5,0.6,1.28336,1.28336,1.5998747210528894,0.8834600441124234,1.3650444579636363,1.1242522510380297,large,ssa_delta_stratified_gap1_max1,0.9032050050803231
25,9,2015-08,2016-07,2016-08,2014-04,2015-03,2015-04,100.1,99.8,0.3,1.504504,1.504504,1.1759586744880295,1.0356947155960272,1.0033509813491712,1.019522848472599,medium,ssa_delta_stratified_gap1_max1,1.034368622491906
25,12,2015-08,2016-07,2016-08,2014-07,2015-06,2015-07,100.1,100.3,-0.2,1.426354,1.426354,0.7354134277600795,0.981896558845477,0.6274691453436315,0.8046828520945543,small,ssa_delta_stratified_gap1_max1,0.9673650348919013
26,5,2015-09,2016-08,2016-09,2013-12,2014-11,2014-12,100.7,100.3,0.4,1.637666,1.637666,0.4854795020141942,1.1273629196806942,0.4142206230018393,0.7707917713412668,large,ssa_delta_stratified_gap1_max1,1.0981240855168612
26,2,2015-09,2016-08,2016-09,2013-09,2014-08,2014-09,100.7,100.5,0.2,0.936496,0.936496,1.0160169621847142,0.6446802124665784,0.8668855787124125,0.7557828955894954,medium,ssa_delta_stratified_gap1_max1,0.6537906324826575
26,7,2015-09,2016-08,2016-09,2014-02,2015-01,2015-02,100.7,101.2,-0.5,1.347386,1.347386,1.0495281367063343,0.9275352940690543,0.8954779693906557,0.911506631729855,small,ssa_delta_stratified_gap1_max1,0.92622094375724
27,8,2015-10,2016-09,2016-10,2014-03,2015-02,2015-03,99.9,99.5,0.4,1.197162,1.197162,1.1303402964491094,0.8241216753909402,0.9644284874164358,0.8942750814036879,large,ssa_delta_stratified_gap1_max1,0.8298742546839855
27,10,2015-10,2016-09,2016-10,2014-05,2015-04,2015-05,99.9,99.8,0.1,1.271056,1.271056,1.5223172671574703,0.874990018256265,1.2988709187354905,1.0869304684958778,medium,ssa_delta_stratified_gap1_max1,0.8923691351759132
27,12,2015-10,2016-09,2016-10,2014-07,2015-06,2015-07,99.9,100.3,-0.4,1.678499,1.678499,1.4628027700670028,1.1554721984343117,1.2480919837646502,1.201782091099481,small,ssa_delta_stratified_gap1_max1,1.1592696096328556
28,15,2015-11,2016-10,2016-11,2014-10,2015-09,2015-10,100.1,99.7,0.4,1.326662,1.326662,1.2107637960167934,0.9132689728854536,1.0330473929659028,0.9731581829256781,large,ssa_delta_stratified_gap1_max1,0.9181798881087521
28,1,2015-11,2016-10,2016-11,2013-08,2014-07,2014-08,100.1,100.2,-0.1,1.608876,1.608876,0.34687982028761666,1.1075439953960067,0.29596465900243435,0.7017543271992205,medium,ssa_delta_stratified_gap1_max1,1.07426924260387
28,2,2015-11,2016-10,2016-11,2013-09,2014-08,2014-09,100.1,100.5,-0.4,1.43548,1.43548,0.5655013765476803,0.9881788618333917,0.4824968542031857,0.7353378580182887,small,ssa_delta_stratified_gap1_max1,0.9674458995205532
29,15,2015-12,2016-11,2016-12,2014-10,2015-09,2015-10,100.2,99.7,0.5,1.388423,1.388423,1.3394642511201997,0.9557850056310802,1.1428571428572474,1.0493210742441637,large,ssa_delta_stratified_gap1_max1,0.963454963257353
29,3,2015-12,2016-11,2016-12,2013-10,2014-09,2014-10,100.2,100.0,0.2,1.411394,1.411394,1.1740462848227111,0.9715981528955318,1.00171929301773,0.9866587229566309,medium,ssa_delta_stratified_gap1_max1,0.9728331196405419
29,7,2015-12,2016-11,2016-12,2014-02,2015-01,2015-02,100.2,101.2,-1.0,1.67567,1.67567,2.5298026187479126,1.1535247258118255,2.158477160131072,1.6560009429714486,small,ssa_delta_stratified_gap1_max1,1.1947277756189145
30,12,2016-01,2016-12,2017-01,2014-07,2015-06,2015-07,101.0,100.3,0.7,1.463514,1.463514,1.0495281367066076,1.0074773586516248,0.895477969390889,0.9514776640212569,large,ssa_delta_stratified_gap1_max1,1.0028853836919347
30,7,2016-01,2016-12,2017-01,2014-02,2015-01,2015-02,101.0,101.2,-0.2,1.543051,1.543051,2.0149300304220024,1.0622303208201276,1.7191777799963932,1.3907040504082604,small,ssa_delta_stratified_gap1_max1,1.0891651666463544
31,10,2016-02,2017-01,2017-02,2014-05,2015-04,2015-05,99.8,99.8,0.0,1.49993,1.49993,2.365003985206568,1.0325459917447537,2.017867737133535,1.5252068644391443,medium,ssa_delta_stratified_gap1_max1,1.0729441833056936
31,17,2016-02,2017-01,2017-02,2014-12,2015-11,2015-12,99.8,100.5,-0.7,1.381909,1.381909,2.3873388873627923,0.9513007933076882,2.036924313255601,1.4941125532816446,small,ssa_delta_stratified_gap1_max1,0.9958113576255526
32,15,2016-03,2017-02,2017-03,2014-10,2015-09,2015-10,99.7,99.7,0.0,1.285182,1.285182,1.414857239054032,0.8847143018424234,1.2071839173191052,1.0459491095807643,medium,ssa_delta_stratified_gap1_max1,0.8979355560769673
32,2,2016-03,2017-02,2017-03,2013-09,2014-08,2014-09,99.7,100.5,-0.8,1.571475,1.571475,2.2598413083587814,1.0817972921250236,1.9281408808199232,1.5049690864724734,small,ssa_delta_stratified_gap1_max1,1.1164973792615145
33,20,2016-04,2017-03,2017-04,2015-03,2016-02,2016-03,100.1,99.6,0.5,1.327228,1.327228,3.7180590020240074,0.9136586050891748,3.1723207875642765,2.0429896963267256,large,ssa_delta_stratified_gap1_max1,1.0062637545706539
33,3,2016-04,2017-03,2017-04,2013-10,2014-09,2014-10,100.1,100.0,0.1,1.526158,1.526158,1.9358223202539724,1.050601245170901,1.651681531742657,1.351141388456779,medium,ssa_delta_stratified_gap1_max1,1.0752455369203429
33,2,2016-04,2017-03,2017-04,2013-09,2014-08,2014-09,100.1,100.5,-0.4,1.409792,1.409792,2.1479510622517544,0.9704953423118544,1.8326739306026785,1.4015846364572664,small,ssa_delta_stratified_gap1_max1,1.0058446644317782
34,22,2016-05,2017-04,2017-05,2015-05,2016-04,2016-05,99.9,99.5,0.4,1.279241,1.279241,2.0602248923209547,0.8806245404955901,1.757824243619934,1.319224392057762,large,ssa_delta_stratified_gap1_max1,0.9165897283236882
34,9,2016-05,2017-04,2017-05,2014-04,2015-03,2015-04,99.9,99.8,0.1,1.466542,1.466542,1.1310027530948532,1.0095618221019211,0.9649937084059385,0.9872777652539297,medium,ssa_delta_stratified_gap1_max1,1.0077345294403859
34,13,2016-05,2017-04,2017-05,2014-08,2015-07,2015-08,99.9,100.5,-0.6,1.50662,1.50662,0.8905825563824502,1.037151361785204,0.7598624860757223,0.898506923930463,small,ssa_delta_stratified_gap1_max1,1.0257825178811153
35,22,2016-06,2017-05,2017-06,2015-05,2016-04,2016-05,99.8,99.5,0.3,1.432983,1.432983,1.3480494899887145,0.9864599367226285,1.1501822368683883,1.0683210867955084,medium,ssa_delta_stratified_gap1_max1,0.9931725510286047
35,14,2016-06,2017-05,2017-06,2014-09,2015-08,2015-09,99.8,100.1,-0.3,1.529625,1.529625,1.1310027530950224,1.0529879145177234,0.9649937084060829,1.0089908114619033,small,ssa_delta_stratified_gap1_max1,1.0493801520671462
36,15,2016-07,2017-06,2017-07,2014-10,2015-09,2015-10,100.1,99.7,0.4,1.49611,1.49611,0.4854795020139973,1.0299163185676954,0.41422062300167134,0.7220684707846834,large,ssa_delta_stratified_gap1_max1,1.0046727950494885
36,11,2016-07,2017-06,2017-07,2014-06,2015-05,2015-06,100.1,100.0,0.1,1.504927,1.504927,0.16743303139013205,1.0359859071546385,0.1428571428572473,0.5894215250059429,medium,ssa_delta_stratified_gap1_max1,0.9993676278184453
36,12,2016-07,2017-06,2017-07,2014-07,2015-06,2015-07,100.1,100.3,-0.2,1.227583,1.227583,0.3037956380898005,0.8450633737467749,0.2592043906132195,0.5521338821799971,small,ssa_delta_stratified_gap1_max1,0.8210431554382991
37,4,2016-08,2017-07,2017-08,2013-11,2014-10,2014-11,100.4,99.8,0.6,1.628651,1.628651,0.5247640683533007,1.121157028662061,0.4477389846954418,0.7844480066787514,large,ssa_delta_stratified_gap1_max1,1.0935468888594295
37,2,2016-08,2017-07,2017-08,2013-09,2014-08,2014-09,100.4,100.5,-0.1,1.026203,1.026203,1.1818333755028883,0.706434163171909,1.0083633913566554,0.8573987772642822,medium,ssa_delta_stratified_gap1_max1,0.7188132615274835
37,19,2016-08,2017-07,2017-08,2015-02,2016-01,2016-02,100.4,101.6,-1.2,1.539093,1.539093,1.034414162171662,1.059505648978558,0.8825824301931988,0.9710440395858784,small,ssa_delta_stratified_gap1_max1,1.052251797008358
38,22,2016-09,2017-08,2017-09,2015-05,2016-04,2016-05,100.5,99.5,1.0,1.593784,1.593784,1.4846828912341692,1.0971547211582677,1.2667605318364377,1.1819576264973528,large,ssa_delta_stratified_gap1_max1,1.1041085593960727
38,17,2016-09,2017-08,2017-09,2014-12,2015-11,2015-12,100.5,100.5,0.0,1.500983,1.500983,0.6937596405754091,1.0332708728587439,0.5919293180050187,0.8126000954318813,medium,ssa_delta_stratified_gap1_max1,1.0151758691097412
38,26,2016-09,2017-08,2017-09,2015-09,2016-08,2016-09,100.5,100.7,-0.2,1.292385,1.292385,0.5655013765476977,0.8896728190922533,0.4824968542032006,0.6860848366477269,small,ssa_delta_stratified_gap1_max1,0.8729786045318021
39,20,2016-10,2017-09,2017-10,2015-03,2016-02,2016-03,100.1,99.6,0.5,1.216661,1.216661,2.141492731514724,0.8375447113279711,1.8271635562813204,1.3323541338046458,large,ssa_delta_stratified_gap1_max1,0.8781190839710584
39,24,2016-10,2017-09,2017-10,2015-07,2016-06,2016-07,100.1,100.2,-0.1,1.681677,1.681677,1.2375264067941052,1.1576599213025556,1.055881776834513,1.1067708490685342,medium,ssa_delta_stratified_gap1_max1,1.1534870173793659
39,17,2016-10,2017-09,2017-10,2014-12,2015-11,2015-12,100.1,100.5,-0.4,1.62796,1.62796,0.7594890952244905,1.1206813469433836,0.6480109765330395,0.8843461617382116,small,ssa_delta_stratified_gap1_max1,1.1013018617565595
40,8,2016-11,2017-10,2017-11,2014-03,2015-02,2015-03,100.0,99.5,0.5,1.375653,1.375653,1.679244014163107,0.9469941871831656,1.4327638939087788,1.1898790405459723,large,ssa_delta_stratified_gap1_max1,0.9669107451589157
40,10,2016-11,2017-10,2017-11,2014-05,2015-04,2015-05,100.0,99.8,0.2,1.47153,1.47153,0.45569345713468995,1.0129955419467291,0.38880658591982004,0.7009010639332746,medium,ssa_delta_stratified_gap1_max1,0.9874037947496258
40,7,2016-11,2017-10,2017-11,2014-02,2015-01,2015-02,100.0,101.2,-1.2,1.665831,1.665831,1.3734832615473047,1.1467515963906014,1.1718828290799574,1.1593172127352793,small,ssa_delta_stratified_gap1_max1,1.147781976930865
41,23,2016-12,2017-11,2017-12,2015-06,2016-05,2016-06,100.3,99.9,0.4,1.340873,1.340873,1.1303402964488978,0.923051770141782,0.9644284874162553,0.9437401287790186,large,ssa_delta_stratified_gap1_max1,0.9247482155500354
41,5,2016-12,2017-11,2017-12,2013-12,2014-11,2014-12,100.3,100.3,0.0,0.709308,0.709308,0.3037956380898005,0.48828487483581756,0.2592043906132195,0.3737446327245185,medium,ssa_delta_stratified_gap1_max1,0.47889257498269105
41,2,2016-12,2017-11,2017-12,2013-09,2014-08,2014-09,100.3,100.5,-0.2,1.401819,1.401819,0.890582556382987,0.9650067600498948,0.7598624860761802,0.8624346230630375,small,ssa_delta_stratified_gap1_max1,0.9565958448169725
42,4,2017-01,2017-12,2018-01,2013-11,2014-10,2014-11,100.6,99.8,0.8,1.619044,1.619044,0.45569345713468995,1.1145436071405952,0.38880658591982004,0.7516750965302076,large,ssa_delta_stratified_gap1_max1,1.0847883892705434
42,18,2017-01,2017-12,2018-01,2015-01,2015-12,2016-01,100.6,100.5,0.1,1.264572,1.264572,0.3037956380898005,0.8705264578164625,0.2592043906132195,0.564865424214841,medium,ssa_delta_stratified_gap1_max1,0.8454622530611295
42,19,2017-01,2017-12,2018-01,2015-02,2016-01,2016-02,100.6,101.6,-1.0,0.9109,0.9109,0.45213611857973124,0.627060025388049,0.385771394966649,0.506415710177349,small,ssa_delta_stratified_gap1_max1,0.6171671915407716
43,27,2017-02,2018-01,2018-02,2015-10,2016-09,2016-10,101.2,99.9,1.3,1.563777,1.563777,1.348049489988998,1.0764980187959676,1.1501822368686303,1.113340127832299,large,ssa_delta_stratified_gap1_max1,1.0795190717369467
43,7,2017-02,2018-01,2018-02,2014-02,2015-01,2015-02,101.2,101.2,0.0,0.952896,0.952896,0.810060273611048,0.6559699088288179,0.6911592967614074,0.6735646027951127,medium,ssa_delta_stratified_gap1_max1,0.6574126737340541
43,19,2017-02,2018-01,2018-02,2015-02,2016-01,2016-02,101.2,101.6,-0.4,1.208193,1.208193,1.0160169621847108,0.8317153729867856,0.8668855787124096,0.8493004758495976,small,ssa_delta_stratified_gap1_max1,0.833157351421536
44,21,2017-03,2018-02,2018-03,2015-04,2016-03,2016-04,98.9,99.8,-0.9,1.411341,1.411341,2.4817290186958756,0.9715616679011904,2.1174598226721697,1.54451074528668,small,ssa_delta_stratified_gap1_max1,1.0185434922468004
45,8,2017-04,2018-03,2018-04,2014-03,2015-02,2015-03,99.8,99.5,0.3,1.650553,1.650553,3.5295741344799625,1.1362342804746077,3.011501805636939,2.073868043055773,medium,ssa_delta_stratified_gap1_max1,1.2131202490062634
45,30,2017-04,2018-03,2018-04,2016-01,2016-12,2017-01,99.8,101.0,-1.2,1.526909,1.526909,2.0028637986075273,1.0511182306567575,1.7088826346015,1.3800004326291289,small,ssa_delta_stratified_gap1_max1,1.0780865712184917
46,22,2017-05,2018-04,2018-05,2015-05,2016-04,2016-05,99.8,99.5,0.3,0.565326,0.565326,1.3394642511201997,0.38916822473655077,1.1428571428572474,0.766012683796899,medium,ssa_delta_stratified_gap1_max1,0.4200694703794993
46,28,2017-05,2018-04,2018-05,2015-11,2016-10,2016-11,99.8,100.1,-0.3,1.507027,1.507027,1.1818333755031714,1.0374315390059008,1.008363391356897,1.022897465181399,small,ssa_delta_stratified_gap1_max1,1.0362397449522915
47,22,2017-06,2018-05,2018-06,2015-05,2016-04,2016-05,99.9,99.5,0.4,1.539181,1.539181,1.5068972825100462,1.0595662278370868,1.285714285714251,1.1726402567756689,large,ssa_delta_stratified_gap1_max1,1.0688382982100506
47,9,2017-06,2018-05,2018-06,2014-04,2015-03,2015-04,99.9,99.8,0.1,1.498123,1.498123,0.4854795020139973,1.0313020599565486,0.41422062300167134,0.72276134147911,medium,ssa_delta_stratified_gap1_max1,1.0060017210413985
47,19,2017-06,2018-05,2018-06,2015-02,2016-01,2016-02,99.9,101.6,-1.7,1.652963,1.652963,1.2566286420843207,1.1378933151229613,1.0721801782496347,1.105036746686298,small,ssa_delta_stratified_gap1_max1,1.135199076511155
48,22,2017-07,2018-06,2018-07,2015-05,2016-04,2016-05,100.3,99.5,0.8,1.496682,1.496682,1.3480494899887145,1.0303100811481345,1.1501822368683883,1.0902461590082613,large,ssa_delta_stratified_gap1_max1,1.0352248395326649
48,3,2017-07,2018-06,2018-07,2013-10,2014-09,2014-10,100.3,100.0,0.3,1.479323,1.479323,0.9709590040279946,1.0183602129071518,0.8284412460033427,0.9234007294552473,medium,ssa_delta_stratified_gap1_max1,1.0105735352640957
48,2,2017-07,2018-06,2018-07,2013-09,2014-08,2014-09,100.3,100.5,-0.2,1.619174,1.619174,0.9531537267860598,1.1146330986361495,0.8132494346060015,0.9639412666210755,small,ssa_delta_stratified_gap1_max1,1.1022763684109134
49,20,2017-08,2018-07,2018-08,2015-03,2016-02,2016-03,100.7,99.6,1.1,1.305286,1.305286,2.14480153295872,0.8985538174318418,1.8299866905018902,1.364270253966866,large,ssa_delta_stratified_gap1_max1,0.9367425652277138
49,17,2017-08,2018-07,2018-08,2014-12,2015-11,2015-12,100.7,100.5,0.2,1.522015,1.522015,0.6782041778691666,1.0477492200471963,0.5786570924496064,0.8132031562484013,medium,ssa_delta_stratified_gap1_max1,1.028516442815695
49,19,2017-08,2018-07,2018-08,2015-02,2016-01,2016-02,100.7,101.6,-0.9,1.214378,1.214378,0.3468798202879112,0.835973102986813,0.29596465900268565,0.5659688809947494,small,ssa_delta_stratified_gap1_max1,0.8138327567834638
