evaluation_index,gap_months,k_references,level_weight,distance_power,max_pairs_per_bin,shape_weight,fitness,val_mae,val_rmse,validation_block_rmse_std,selected_alpha,num_train_pairs,num_train_pair_targets
328,1,5,0.041,0.654,1,0.959,0.4520166779032874,0.35304854906951594,0.44679092931184045,0.05225748591446977,100.0,92,38
344,1,5,0.042,0.674,1,0.958,0.45207605275362944,0.35318600346499807,0.44686002664265734,0.052160261109721114,100.0,92,38
342,1,5,0.043,0.656,1,0.957,0.45234344946265465,0.3535999307395141,0.44708751567611205,0.052559337865426034,100.0,92,38
327,1,5,0.022,0.617,1,0.978,0.4530939175804712,0.35573058405107866,0.44811618986415724,0.04977727716313961,100.0,92,38
340,1,4,0.032,0.511,1,0.968,0.454833708795178,0.358421053679392,0.4483716424540456,0.06462066341132386,100.0,92,38
337,1,4,0.031,0.626,1,0.969,0.45520415838340955,0.3587793946287611,0.4488131617388949,0.06390996644514647,100.0,92,38
312,1,5,0.013,0.626,1,0.987,0.455722448497983,0.36037790148048493,0.4505259712897846,0.05196477208198365,100.0,92,38
332,1,5,0.015,0.641,1,0.985,0.4557228751662045,0.3603740431839169,0.4505361965596485,0.05186678606556012,100.0,92,38
279,1,5,0.014,0.653,1,0.986,0.4557858418692344,0.36044961874917036,0.4505988491846612,0.051869926845731676,100.0,92,38
276,1,5,0.013,0.646,1,0.987,0.4557876020553084,0.36045407783613603,0.450595731038921,0.05191871016387401,100.0,92,38
280,1,5,0.014,0.657,1,0.986,0.4557989686981238,0.36046475238416664,0.45061292961919625,0.05186039078927548,100.0,92,38
293,1,5,0.011,0.594,1,0.989,0.45685852644439073,0.36193593109002886,0.4516776603137577,0.051808661306330335,100.0,92,38
324,1,5,0.012,0.618,1,0.988,0.45690506138838655,0.3619888646402444,0.45173259253496356,0.051724688534229825,100.0,92,38
336,1,5,0.051,0.644,1,0.949,0.45736528680631283,0.35554070187315445,0.45158086169958345,0.05784425106729397,100.0,92,38
334,1,4,0.017,0.5,1,0.983,0.45810920377052694,0.3639711497905305,0.4512679194794955,0.06841284291031448,100.0,92,38
284,1,6,0.018,0.701,1,0.982,0.45818360069197384,0.3513185801175054,0.45221498492252293,0.05968615769450899,100.0,92,38
296,1,7,0.014,0.721,1,0.986,0.45878751039170484,0.3510228101374635,0.4523363347306672,0.06451175661037652,100.0,92,38
78,12,8,0.061,1.163,2,0.9390000000000001,0.4591464378425837,0.3574381551068099,0.4510998786441174,0.08046559198466303,100.0,116,27
313,1,5,0.0,0.5,1,1.0,0.45932045681377626,0.3640397692100669,0.45412743015362117,0.051930266601550645,100.0,92,38
289,1,5,0.0,0.688,1,1.0,0.45992002242221985,0.3647511703079377,0.4547594472419868,0.051605751802330374,100.0,92,38
301,1,4,0.013,0.598,1,0.987,0.4599268084304522,0.36523939102676545,0.45300715092685223,0.06919657503599988,100.0,92,38
320,1,4,0.013,0.613,1,0.987,0.459973932664896,0.3652766621982538,0.45306447041156395,0.06909462253332056,100.0,92,38
323,1,4,0.01,0.5,1,0.99,0.46004256101667995,0.3655233126370449,0.4530611027358573,0.06981458280822622,100.0,92,38
292,1,4,0.011,0.513,1,0.989,0.4600580582351877,0.36553212317931116,0.4530856755351471,0.06972382700040555,100.0,92,38
303,1,5,0.062,0.701,1,0.938,0.4600681234266762,0.3603780988962345,0.45429228283430617,0.05775840592370041,100.0,92,38
318,1,4,0.012,0.566,1,0.988,0.4601910127336944,0.36563629268274556,0.45325456848416057,0.06936444249533841,100.0,92,38
300,1,4,0.012,0.588,1,0.988,0.4602582389099266,0.36568979564820076,0.45333666417352675,0.06921574736399869,100.0,92,38
264,1,4,0.012,0.63,1,0.988,0.4603914520280328,0.36579289174398943,0.453498484982555,0.06892967045477749,100.0,92,38
315,1,7,0.023,0.751,1,0.977,0.46040543314273025,0.35299110279150686,0.45404676805886546,0.06358665083864766,100.0,92,38
288,1,5,0.0,0.922,1,1.0,0.4608463678005318,0.36597198005864934,0.45573728125718166,0.051090865433501526,100.0,92,38
321,1,4,0.0,0.565,1,1.0,0.46112635123336804,0.3697513136451461,0.45405286155096525,0.07073489682402787,100.0,92,38
98,12,8,0.072,1.173,2,0.928,0.4615244268843425,0.36112968967787157,0.4535784109053023,0.0794601597904013,100.0,116,27
333,1,4,0.038,0.6,1,0.962,0.4623492153462353,0.36542314117518454,0.4566286039157926,0.05720611430442743,100.0,92,38
198,12,9,0.1,1.749,2,0.9,0.4626004585402336,0.3607257692875452,0.4546999241115276,0.07900534428705958,100.0,116,27
238,12,9,0.107,1.756,2,0.893,0.4630978376053277,0.36260225051943407,0.45530266451633344,0.07795173088994271,100.0,116,27
228,12,9,0.11,1.758,2,0.89,0.46347943214146103,0.3630083286191592,0.4557588051537667,0.07720626987694297,100.0,116,27
226,12,8,0.096,1.588,2,0.904,0.4645875796014654,0.36360668017642234,0.45680072115321907,0.0778685844824635,100.0,116,27
60,12,9,0.073,1.259,2,0.927,0.4647477709417334,0.361457392750908,0.45680834905573964,0.079394218859938,100.0,116,27
239,12,9,0.112,1.737,2,0.888,0.4649132080607896,0.3651179778240507,0.4572951271426529,0.07618080918136727,100.0,116,27
258,12,5,0.0,0.5,2,1.0,0.46498487621238394,0.36407344613681086,0.458651607605997,0.06333268606386963,100.0,116,27
240,12,9,0.08,1.769,2,0.92,0.46499314373294415,0.36338764786341926,0.4573197588955434,0.07673384837400783,100.0,116,27
85,12,9,0.081,1.462,2,0.919,0.4651994863120625,0.36344817318545874,0.4573315940558062,0.07867892256256262,100.0,116,27
207,12,9,0.082,1.856,2,0.918,0.4660517901436539,0.3650576273122583,0.45833359171338656,0.0771819843026733,100.0,116,27
311,1,3,0.04,0.5,1,0.96,0.46672129218302894,0.37197564611435074,0.46112056901923126,0.05600723163797674,100.0,92,38
192,12,10,0.109,1.903,2,0.891,0.46710379089685583,0.36355095028461526,0.4586702755409876,0.08433515355868203,100.0,116,27
326,1,5,0.096,0.543,1,0.904,0.4677337849136268,0.3673513394040119,0.46228417264822924,0.054496122653976055,100.0,92,38
171,12,10,0.11,1.902,2,0.89,0.46775476734273835,0.3642426298798843,0.4592570396546459,0.08497727688092413,100.0,116,27
222,12,10,0.115,1.902,2,0.885,0.4677656449541414,0.3631587443054558,0.45937235508097,0.08393289873171407,100.0,116,27
227,12,9,0.134,1.783,2,0.866,0.4678086197646347,0.370356160827999,0.4601080685032401,0.07700551261394616,100.0,116,27
229,12,9,0.12,1.729,2,0.88,0.46802075594284703,0.3696701537128961,0.46034680588296584,0.07673950059881197,100.0,116,27
181,12,10,0.112,1.9,2,0.888,0.4681644616801097,0.36520975913194825,0.4596970142641444,0.08467447415965355,100.0,116,27
200,12,10,0.113,1.913,2,0.887,0.46821825484814705,0.3652716835815558,0.4597569442754158,0.08461310572731258,100.0,116,27
295,1,5,0.094,0.572,1,0.906,0.46836684796048805,0.3689643981985941,0.46297291472984076,0.053939332306473124,100.0,92,38
217,12,9,0.126,1.775,2,0.874,0.4687965844835627,0.37141726214094795,0.4612849244247802,0.075116600587825,100.0,116,27
283,1,5,0.091,0.724,1,0.909,0.4690765747324599,0.37071348452285585,0.4637690656835393,0.05307509048920554,100.0,92,38
219,12,9,0.148,1.7,2,0.852,0.46946900002218683,0.36860569500558554,0.46184767373940977,0.07621326282777037,100.0,116,27
189,12,10,0.118,1.923,2,0.882,0.4696969106686005,0.36599916201890703,0.4614867985190707,0.08210112149529776,100.0,116,27
154,12,10,0.093,1.875,2,0.907,0.4697989990038256,0.3696762410056951,0.46224353590097683,0.07555463102848757,100.0,116,27
51,12,8,0.03,0.808,2,0.97,0.4702786098642629,0.3663934757835768,0.4618322856769513,0.08446324187311623,100.0,116,27
62,12,8,0.133,0.704,2,0.867,0.47126319828623403,0.372284678764089,0.4638760646219449,0.07387133664289093,100.0,116,27
341,1,3,0.021,0.5,1,0.979,0.4715403471747835,0.3772839688326731,0.4661094534551492,0.054308937196342805,100.0,92,38
308,1,8,0.025,0.777,1,0.975,0.47230200209985473,0.3569710094584511,0.4660492935375012,0.06252708562353541,100.0,92,38
257,1,9,0.024,1.301,1,0.976,0.47239000910635903,0.36050183373137623,0.46641264677220623,0.059773623341527755,100.0,92,38
309,1,3,0.01,0.5,1,0.99,0.472403477467654,0.378530257832761,0.46697021892276225,0.054332585448917115,100.0,92,38
12,12,8,0.0,0.838,2,1.0,0.47240766580917515,0.37395164489826443,0.46433375054663784,0.08073915262537286,100.0,116,27
46,12,8,0.001,0.852,2,0.999,0.4724106534797966,0.3740132730137099,0.4643369965132921,0.08073656966504517,100.0,116,27
45,12,8,0.0,0.828,2,1.0,0.4724178526710612,0.37396759209051517,0.46434176103801733,0.08076091633043843,100.0,116,27
67,12,9,0.059,1.111,2,0.9410000000000001,0.4724315577425068,0.3678782943622451,0.4637993378028191,0.0863221993968764,100.0,116,27
325,1,3,0.008,0.5,1,0.992,0.4724660152345618,0.37855355289816794,0.46703113050890066,0.05434884725661136,100.0,92,38
270,1,3,0.007,0.5,1,0.993,0.4724978290997246,0.3785652194177585,0.46706209842089,0.054357306788345786,100.0,92,38
310,1,3,0.013,0.584,1,0.987,0.4726714290237806,0.37884000125470185,0.46728039836659746,0.053910306571831844,100.0,92,38
331,1,3,0.006,0.557,1,0.994,0.4727949290406082,0.37882080108152916,0.4673847796353402,0.054101494052680305,100.0,92,38
191,12,10,0.019,1.811,2,0.981,0.47285077121617564,0.3690543754045207,0.46424107556488525,0.08609695651290408,100.0,116,27
162,12,10,0.165,1.948,2,0.835,0.4738742902536216,0.3726974699062907,0.4655057844396091,0.08368505814012471,100.0,116,27
201,12,10,0.145,1.939,2,0.855,0.47409065870372397,0.37439017250405365,0.4659608698180126,0.08129788885711374,100.0,116,27
221,12,9,0.0,1.628,2,1.0,0.47454495114415396,0.37131838979391824,0.4665068012764784,0.08038149867675522,100.0,116,27
86,12,9,0.0,1.064,2,1.0,0.47454878553070445,0.3711366357289219,0.46632956567304895,0.08219219857655505,100.0,116,27
255,12,9,0.0,0.892,2,1.0,0.4748834987100652,0.3713368096133416,0.4666163757464539,0.08267122963611268,100.0,116,27
180,12,10,0.0,1.603,2,1.0,0.4748855891420615,0.3702044214424297,0.4667171472008134,0.08168441941248088,100.0,116,27
53,12,9,0.0,0.887,2,1.0,0.47489540886045295,0.37134339272624606,0.46662694273439165,0.08268466126061307,100.0,116,27
159,12,10,0.0,1.731,2,1.0,0.4749761417726132,0.3702202885676529,0.4668527182407785,0.08123423531834688,100.0,116,27
144,12,10,0.0,1.782,2,1.0,0.47503759988116845,0.37023420770085114,0.4669325754514351,0.08105024429733393,100.0,116,27
152,12,10,0.0,1.828,2,1.0,0.4751054262585935,0.37025037779659287,0.46701720106528344,0.08088225193310031,100.0,116,27
137,12,10,0.0,1.102,2,1.0,0.4753859337978554,0.37041588265915476,0.4670603373968319,0.083255964010235,100.0,116,27
106,12,9,0.0,0.682,2,1.0,0.4754841131917287,0.3716491111856846,0.4671627890995173,0.08321324092211388,100.0,116,27
261,12,9,0.0,0.637,2,1.0,0.4756384711224809,0.3717252804724697,0.46730608009180036,0.08332391030680564,100.0,116,27
0,12,10,0.0,1.0,2,1.0,0.47564510202811555,0.37051243779607623,0.4672915034653418,0.08353598562773759,100.0,116,27
202,12,10,0.0,2.076,2,1.0,0.4756715654825254,0.3703935621927485,0.4676765974780128,0.07994968004512605,100.0,116,27
172,12,10,0.0,2.103,2,1.0,0.47575329391489657,0.37041452157526905,0.46776868549429806,0.07984608420598513,100.0,116,27
147,12,10,0.0,0.931,2,1.0,0.47584809665935357,0.37058763218990975,0.46747630451336697,0.08371792145986602,100.0,116,27
26,12,9,0.0,0.5,2,1.0,0.47616009633188827,0.3719760888559108,0.46779503837063946,0.08365057961248797,100.0,116,27
76,3,5,0.033,0.621,1,0.967,0.4762233648672251,0.3777142081747352,0.4716180683472369,0.04605296519988226,100.0,87,36
160,12,11,0.0,2.491,2,1.0,0.47653675090969544,0.3734069625857908,0.46855347504797923,0.07983275861716188,100.0,116,27
13,12,11,0.144,1.082,2,0.856,0.4767718141475303,0.3717282188009398,0.46790003484812753,0.08871779299402764,100.0,116,27
265,12,10,0.0,0.677,2,1.0,0.4767734823834037,0.3709295610097813,0.4683395697852384,0.08433912598165329,100.0,116,27
138,12,10,0.0,0.504,2,1.0,0.4775476434256729,0.37121635689881377,0.46907528516889113,0.08472358256781758,100.0,116,27
27,12,11,0.009,0.985,2,0.991,0.47768941328963527,0.3779185489661583,0.46914086311474884,0.08548550174886452,100.0,116,27
269,12,7,0.0,0.5,2,1.0,0.47779534640401633,0.3742025796879081,0.47020131599169673,0.07594030412319583,100.0,116,27
304,1,10,0.031,0.844,1,0.969,0.47804371406036505,0.36225674674161706,0.4714470257990643,0.06596688261300787,100.0,92,38
50,12,8,0.0,0.5,1,1.0,0.4788646758580093,0.37444754652914614,0.47034064927041763,0.08524026587591658,100.0,65,27
41,12,8,0.0,1.783,1,1.0,0.4807538518671071,0.37660182238108747,0.47247703062197977,0.08276821245127379,100.0,65,27
151,12,10,0.037,0.5,1,0.963,0.4818948950677071,0.3737122450224559,0.47242110703151,0.09473788036197103,100.0,65,27
190,12,11,0.0,0.975,1,1.0,0.481986907633372,0.3771412355096471,0.4730809224920328,0.08905985141339184,100.0,65,27
278,3,5,0.006,0.5,1,0.994,0.4822322770244022,0.38527915596970136,0.47725705732876594,0.049752196956362196,100.0,87,36
79,12,10,0.0,2.108,1,1.0,0.4826277594061133,0.3737078663660927,0.47425743902625883,0.08370320379854441,100.0,65,27
121,3,4,0.025,0.771,1,0.975,0.4826314428099679,0.38565161739994064,0.47668217976484467,0.059492630451231994,100.0,87,36
178,3,5,0.055,0.945,1,0.945,0.4826913918487961,0.3823065160824408,0.47748472370461154,0.05206668144184596,100.0,87,36
199,3,5,0.055,0.948,1,0.945,0.48270064502495125,0.3823303128891758,0.47749527285691623,0.052053721680350384,100.0,87,36
33,12,10,0.0,2.135,1,1.0,0.48274754981953777,0.37380435808989826,0.47438533547932515,0.08362214340212622,100.0,65,27
235,12,8,0.0,2.196,1,1.0,0.4832242439110416,0.3787468873738631,0.47506845940318126,0.08155784507860288,100.0,65,27
16,12,12,0.072,1.755,2,0.928,0.48341092678354125,0.37765905694843127,0.4740564330914562,0.09354493692085092,100.0,116,27
170,12,10,0.18,1.962,2,0.8200000000000001,0.4841172817328911,0.37909132511437316,0.47513055464545123,0.0898672708743984,100.0,116,27
271,12,12,0.027,0.693,2,0.973,0.4849568191770645,0.38379806886718576,0.47624390168842945,0.08712917488635037,100.0,116,27
282,3,5,0.0,0.5,1,1.0,0.4855022038184603,0.38718082430498363,0.4805046681358017,0.04997535682658581,100.0,87,36
335,1,5,0.138,0.557,1,0.862,0.4866571063158117,0.3764943892044408,0.4814947120373908,0.05162394278420937,100.0,92,38
166,12,15,0.156,2.807,2,0.844,0.486663655707424,0.3841782112286435,0.47778876391136715,0.08874891796056822,100.0,116,27
259,12,10,0.4,0.52,2,0.6,0.4874580250430677,0.3875022698682061,0.4777535273576958,0.09704497685371924,100.0,116,27
212,12,9,0.197,1.651,2,0.8029999999999999,0.4879969023411399,0.3826178617339199,0.47865205967855284,0.09344842662587043,100.0,116,27
182,12,10,0.212,2.004,2,0.788,0.48835409367797133,0.38428252385399003,0.4788530855507795,0.09501008127191826,100.0,116,27
104,3,4,0.0,0.5,2,1.0,0.4892522980915805,0.4005035882381574,0.4822689324728645,0.06983365618715968,100.0,160,36
146,12,11,0.0,1.596,3,1.0,0.48954845840050193,0.39214039460416233,0.4809183687129623,0.0863008968753963,100.0,158,27
84,12,4,0.0,0.962,3,1.0,0.4895710726614699,0.3924247408686685,0.4811722149667568,0.08398857694713129,100.0,158,27
150,12,11,0.0,1.671,3,1.0,0.48967596205016595,0.3921604965331195,0.481074287008617,0.08601675041548958,100.0,158,27
107,12,9,0.302,1.403,2,0.698,0.4900787711938495,0.38751502428586787,0.4801164742363202,0.09962296957529292,100.0,116,27
89,3,3,0.017,0.684,1,0.983,0.4901901150991456,0.39771966908246964,0.48500133627322517,0.05188778825920447,100.0,87,36
93,3,4,0.041,0.749,1,0.959,0.4904794054757457,0.3930423063358979,0.4852884298890714,0.05190975586674321,100.0,87,36
230,12,9,0.2,1.849,2,0.8,0.49060234056167656,0.3848734813175522,0.48121257508734466,0.09389765474331918,100.0,116,27
211,12,9,0.228,1.62,2,0.772,0.4907688725593032,0.38904207689816195,0.4809960424501082,0.09772830109194998,100.0,116,27
252,12,14,0.226,2.311,2,0.774,0.4914155625608966,0.38571429552795344,0.48142744190787007,0.0998812065302652,100.0,116,27
299,3,11,0.037,0.905,1,0.963,0.49152611827046894,0.3902868432261354,0.4851673024631026,0.06358815807366343,100.0,87,36
43,12,10,0.0,0.5,3,1.0,0.49156582846128855,0.3899037843171458,0.4828392054594607,0.08726623001827834,100.0,158,27
322,3,11,0.037,0.854,1,0.963,0.4916118551429051,0.3904041650699636,0.4852305466010095,0.06381308541895626,100.0,87,36
183,12,10,0.4,1.606,2,0.6,0.4917428276560908,0.3914144518536315,0.48257387609375524,0.09168951562335569,100.0,116,27
17,12,11,0.0,2.297,3,1.0,0.49189760427417883,0.3929243976790992,0.4835593399862143,0.0833826428796454,100.0,158,27
69,12,9,0.0,1.945,3,1.0,0.49210781203245085,0.3912967381433949,0.48391383897959506,0.08193973052855778,100.0,158,27
275,1,7,0.217,0.734,1,0.783,0.4923374977146409,0.38731332311081607,0.4865643569015742,0.05773140813066745,100.0,92,38
92,6,6,0.043,0.818,1,0.957,0.4924603367461684,0.3874957656489954,0.4854232804698119,0.0703705627635646,100.0,80,33
38,12,15,0.0,1.12,2,1.0,0.4931072163121083,0.3867770095043609,0.48314897151782527,0.09958244794283028,100.0,116,27
70,12,11,0.146,1.849,3,0.854,0.4934821337154601,0.39849721795440746,0.48461606420120695,0.0886606951425319,100.0,158,27
109,12,12,0.104,1.466,3,0.896,0.4943048080530463,0.3961970244247697,0.48508587320221,0.09218934850836258,100.0,158,27
149,3,3,0.0,0.638,1,1.0,0.4947371914678097,0.4034234145475851,0.4895029508376975,0.05234240630112195,100.0,87,36
40,6,5,0.0,0.514,1,1.0,0.494864988837647,0.3939165593342422,0.4884394461503723,0.0642554268727468,100.0,80,33
14,1,5,0.013,0.639,3,0.987,0.4950711865767769,0.40095953105296156,0.4897443753943426,0.05326811182434278,100.0,243,38
210,12,9,0.381,2.03,2,0.619,0.49520262137774695,0.39227848137502974,0.48583400643280744,0.0936861494493953,100.0,116,27
272,3,6,0.0,1.881,2,1.0,0.49543384800865803,0.3984775853820344,0.490221655429997,0.05212192578661035,100.0,160,36
94,6,5,0.0,0.687,1,1.0,0.49554338412822124,0.3937162988388366,0.48911596354581227,0.06427420582408964,100.0,80,33
161,12,10,0.4,2.183,2,0.6,0.4956421517866194,0.3952228494701062,0.4868719915383284,0.08770160248291009,100.0,116,27
141,6,5,0.0,0.783,1,1.0,0.4959688121371175,0.39369058671740714,0.4895429499615668,0.06425862175550723,100.0,80,33
97,12,8,0.391,1.492,2,0.609,0.49658742666816896,0.39248974637835154,0.48750489143350695,0.09082535234662005,100.0,116,27
49,6,6,0.0,0.571,1,1.0,0.49757383179046444,0.3908818551242973,0.49054306415675764,0.0703076763370679,100.0,80,33
247,3,13,0.035,1.866,2,0.965,0.49763355183215596,0.39768519120312174,0.49178207342870023,0.058514784034557586,100.0,160,36
113,3,3,0.0,0.5,2,1.0,0.4979585327686784,0.4100225510528039,0.4921365266883579,0.058220060803205,100.0,160,36
234,12,15,0.327,2.248,2,0.673,0.49835363545226125,0.3910804083288181,0.48850660191720086,0.09847033535060372,100.0,116,27
123,12,13,0.111,1.196,3,0.889,0.49860325369456765,0.3968406380906266,0.48888416097409176,0.09719092720475868,100.0,158,27
290,1,5,0.171,0.81,1,0.829,0.4988961709010666,0.3961935013834569,0.4938166091459304,0.050795617551361985,100.0,92,38
218,12,9,0.266,1.915,2,0.734,0.49898997474555074,0.3925516645756539,0.4885650376413673,0.10424937104183435,100.0,116,27
168,12,15,0.343,2.312,2,0.657,0.4994568242076541,0.3931580511001076,0.48960390618752686,0.09852918020127233,100.0,116,27
216,6,8,0.086,1.504,1,0.914,0.49967985545700405,0.3967061741964178,0.4923750127875819,0.07304842669422176,100.0,80,33
52,12,9,0.4,0.5,1,0.6,0.4998023471329415,0.3994156330603194,0.4892869233327144,0.10515423800227144,100.0,65,27
68,6,5,0.081,0.5,1,0.919,0.5002662541279379,0.401847193583986,0.4934389088396299,0.06827345288308077,100.0,80,33
174,12,10,0.277,2.06,2,0.723,0.5003213016646422,0.39357348177719775,0.4894779837322258,0.10843317932416381,100.0,116,27
242,6,6,0.0,1.459,1,1.0,0.5016238882992503,0.3966155630554024,0.4947733426894423,0.06850545609808054,100.0,80,33
48,12,15,0.0,1.622,3,1.0,0.5026493784743488,0.4025739230370843,0.4927383522086142,0.09911026265734485,100.0,158,27
37,12,15,0.0,1.332,3,1.0,0.5036738879226008,0.4033726414594292,0.4935862717205193,0.10087616202081497,100.0,158,27
28,12,15,0.185,1.277,3,0.815,0.5038821149309508,0.4055788081794181,0.4940909557481738,0.0979115918277706,100.0,158,27
187,6,7,0.073,1.271,1,0.927,0.5040544335548999,0.39972492574058077,0.4969102443365311,0.07144189218368781,100.0,80,33
122,3,12,0.105,1.55,3,0.895,0.5043315793728428,0.4049188740298335,0.4978181613606494,0.06513418012193382,100.0,222,36
142,6,10,0.0,1.145,1,1.0,0.5047405391289377,0.3989432997335816,0.49698636184054895,0.07754177288388717,100.0,80,33
251,12,6,0.316,2.763,2,0.6839999999999999,0.504756238914837,0.4077911476607552,0.4984519011728304,0.06304337742006584,100.0,116,27
213,6,7,0.075,1.315,1,0.925,0.5047852562340052,0.40142154790310847,0.49771612651525193,0.07069129718753255,100.0,80,33
105,12,9,0.4,0.5,3,0.6,0.5056008989070384,0.4031687222394488,0.49514505899659733,0.10455839910441095,100.0,158,27
209,6,7,0.078,1.374,1,0.922,0.5056426862117002,0.40243790205841556,0.4986623366337767,0.06980349577923485,100.0,80,33
127,3,9,0.02,1.627,3,0.98,0.5059599617630127,0.40615818053264735,0.4998942035896968,0.06065758173315925,100.0,222,36
173,6,11,0.0,1.177,1,1.0,0.5059727987234071,0.40426528523939187,0.49800235637489426,0.07970442348512813,100.0,80,33
208,6,7,0.058,1.32,1,0.942,0.5060364678714031,0.40503568749448265,0.49988907981260616,0.06147388058796948,100.0,80,33
262,12,15,0.145,2.283,4,0.855,0.5060466246588894,0.40926937961003423,0.4976275018882198,0.0841912277066959,100.0,197,27
153,12,12,0.0,3.0,4,1.0,0.506841802479048,0.4059882255175921,0.4990029466053483,0.07838855873699727,100.0,197,27
42,6,9,0.0,0.728,1,1.0,0.5069300543350775,0.4024671350258684,0.4995382266724896,0.07391827662587991,100.0,80,33
184,12,15,0.175,3.0,3,0.825,0.5070853651473173,0.41018432404439253,0.49819640600818677,0.0888895913913052,100.0,158,27
136,6,9,0.0,0.558,1,1.0,0.5072644859465653,0.40273873284235434,0.4998527879691169,0.07411697977448346,100.0,80,33
58,6,7,0.0,0.708,1,1.0,0.5074702640380095,0.40464390896518315,0.5000316487476248,0.07438615290384684,100.0,80,33
59,6,7,0.0,0.67,1,1.0,0.5074885420368105,0.40464024049838687,0.5000450201880341,0.07443521848776374,100.0,80,33
25,6,7,0.0,0.511,1,1.0,0.507632122054322,0.4046517932529121,0.5001703348445911,0.07461787209730951,100.0,80,33
83,3,11,0.0,0.5,4,1.0,0.5077183601820288,0.40802222572650887,0.5006290377107953,0.07089322471233474,100.0,279,36
44,12,15,0.0,2.056,4,1.0,0.5081231442936287,0.40770164248496565,0.49920124870482474,0.08921895588803955,100.0,197,27
30,12,15,0.0,1.98,4,1.0,0.5081535738364085,0.4078692888691835,0.49918267341226447,0.08970900424144003,100.0,197,27
112,6,8,0.0,0.5,1,1.0,0.5082084864045108,0.40858380764493,0.5008871016197565,0.07321384784754287,100.0,80,33
256,6,9,0.155,1.579,1,0.845,0.5087750541143352,0.4087503428275713,0.5021165779496629,0.06658476164672313,100.0,80,33
130,1,9,0.34,1.222,1,0.6599999999999999,0.5089961428910911,0.40021938729647705,0.5011157734062428,0.07880369484848253,100.0,92,38
302,1,5,0.207,0.5,1,0.793,0.5090659792931959,0.39836391348494005,0.503710441949242,0.0535553734395389,100.0,92,38
339,1,7,0.293,0.762,1,0.7070000000000001,0.5092154709542761,0.39932063466421824,0.5035993938416418,0.05616077112634328,100.0,92,38
260,12,11,0.4,0.5,1,0.6,0.5097574769160305,0.40680277731333186,0.49959528806280673,0.10162188853223701,100.0,65,27
57,12,15,0.4,1.106,3,0.6,0.5110449186665321,0.4106046442155275,0.5005042783591667,0.1054064030736546,100.0,158,27
135,3,12,0.191,2.985,2,0.8089999999999999,0.5114634398019021,0.4189515713394561,0.5066968635865031,0.04766576215398948,100.0,160,36
263,6,5,0.0,0.5,2,1.0,0.5122589740665542,0.4111723467329897,0.5071606493851706,0.050983246813835856,100.0,147,33
66,6,8,0.066,1.131,2,0.9339999999999999,0.5122927036281099,0.40593667770466957,0.5058322266871718,0.06460476940938126,100.0,147,33
75,6,8,0.067,1.153,2,0.933,0.51238310829714,0.4059822284474595,0.5059273608687931,0.06455747428346857,100.0,147,33
1,12,12,0.314,0.82,3,0.6859999999999999,0.512492751823094,0.4120715767050396,0.501961723960246,0.10531027862847997,100.0,158,27
116,12,9,0.261,1.554,3,0.739,0.5131104785502103,0.4108726090741625,0.5025075545757511,0.10602923974459116,100.0,158,27
250,3,15,0.259,1.808,1,0.741,0.5133156343858619,0.41094040399165566,0.5070037656272011,0.06311868758660821,100.0,87,36
15,12,11,0.4,1.724,1,0.6,0.5133597040207001,0.40982838982516984,0.5037920919160814,0.09567612104618697,100.0,65,27
80,6,8,0.065,1.123,2,0.935,0.5139398350009282,0.407640215255881,0.507542537992779,0.06397297008149164,100.0,147,33
204,6,8,0.085,1.653,2,0.915,0.5159883991167764,0.40882870377525554,0.5095247644635109,0.06463634653265465,100.0,147,33
5,3,8,0.018,0.886,4,0.982,0.5164855031957308,0.4155708590912389,0.5103447290687024,0.06140774127028388,100.0,279,36
139,12,15,0.38,1.188,4,0.62,0.5168694505876626,0.4168910863565837,0.5071963949569961,0.09673055630666591,100.0,197,27
3,3,9,0.026,2.569,4,0.974,0.5175312891907348,0.4185579485419273,0.511414881681237,0.06116407509497663,100.0,279,36
248,3,15,0.111,2.209,4,0.889,0.5175630166723795,0.4177214377799686,0.5104603273762975,0.07102689296081917,100.0,279,36
158,12,11,0.4,2.41,1,0.6,0.5180310777107113,0.4127694754120884,0.508995193088303,0.09035884622408318,100.0,65,27
132,12,7,0.229,2.503,4,0.771,0.5192529443019493,0.4264858861567872,0.5121726095473039,0.07080334754645447,100.0,197,27
24,6,8,0.102,0.766,2,0.898,0.5193319838379313,0.41174791149246154,0.5125668270476087,0.0676515679032259,100.0,147,33
143,6,11,0.0,0.5,3,1.0,0.5195385983597571,0.4220774342404064,0.5134601015686858,0.06078496791071267,100.0,202,33
87,6,8,0.13,1.232,2,0.87,0.5200788731726029,0.4132872544982585,0.5139000652842622,0.061788078883407045,100.0,147,33
131,3,7,0.245,0.879,1,0.755,0.5201842542052385,0.42189152651621953,0.5152569603188725,0.049272938863660874,100.0,87,36
197,6,7,0.069,1.489,2,0.931,0.5205831954723822,0.41436020548334984,0.5144215625187872,0.06161632953594966,100.0,147,33
145,6,11,0.0,2.125,3,1.0,0.5219478363536046,0.4291509824703638,0.5164945361807948,0.054533001728098364,100.0,202,33
100,6,8,0.055,1.094,2,0.945,0.5220287627388668,0.4144342302187299,0.5155143909652786,0.06514371773588132,100.0,147,33
111,6,8,0.056,1.066,2,0.944,0.5220319293203213,0.4144355458456709,0.515508478235235,0.0652345108508627,100.0,147,33
214,6,7,0.079,1.613,2,0.921,0.5223471377389115,0.4162902710585311,0.5163031015540728,0.06044036184838765,100.0,147,33
102,1,8,0.238,1.459,2,0.762,0.5225917779908823,0.42325379586212714,0.5156040864520628,0.06987691538819492,100.0,172,38
61,6,9,0.0,1.313,2,1.0,0.5227036178917368,0.41831868558819724,0.5166380048486002,0.06065613043136521,100.0,147,33
18,6,9,0.0,0.518,2,1.0,0.5229601557313159,0.417031969912187,0.5167084899919651,0.06251665739350896,100.0,147,33
133,6,9,0.0,1.181,3,1.0,0.522995680283079,0.4277133977012246,0.5177011548440219,0.05294525439057045,100.0,202,33
72,6,9,0.038,1.232,2,0.962,0.5233866143430614,0.4177123513383906,0.5166759758325614,0.06710638510500067,100.0,147,33
134,12,14,0.4,3.0,1,0.6,0.5234141156706453,0.41402963375647095,0.5139500300960964,0.09464085574548947,100.0,65,27
236,12,9,0.395,2.943,3,0.605,0.5234153931858326,0.42246264619600205,0.5147949480544213,0.0862044513141136,100.0,158,27
99,6,7,0.037,0.996,2,0.963,0.5236100130404299,0.4206357703466855,0.51821544350191,0.05394569538519866,100.0,147,33
343,1,5,0.306,0.918,1,0.694,0.5236281977981053,0.41495285960366335,0.5205356849064995,0.03092512891605864,100.0,92,38
35,6,8,0.0,0.907,2,1.0,0.5237739296424626,0.4236406820904989,0.5176471212768073,0.06126808365655322,100.0,147,33
157,6,8,0.0,1.457,2,1.0,0.5240419957513265,0.4237291292765194,0.5180351097565283,0.06006885994798121,100.0,147,33
103,3,9,0.4,0.5,3,0.6,0.5244505362271792,0.4305465516315937,0.5169064738376593,0.07544062389519916,100.0,222,36
77,6,7,0.0,1.484,2,1.0,0.525052780399479,0.42362583950648924,0.5191651807278089,0.058875996716700935,100.0,147,33
294,1,5,0.264,0.5,1,0.736,0.5254659497591517,0.40986927810203516,0.5203595496898575,0.05106400069294201,100.0,92,38
203,12,11,0.4,3.0,3,0.6,0.52565139772569,0.4229856148665353,0.5169451517889352,0.08706245936754797,100.0,158,27
9,6,6,0.115,2.206,2,0.885,0.5256537792444481,0.42101609188875544,0.5200255234549858,0.05628255789462317,100.0,147,33
281,6,7,0.0,0.5,3,1.0,0.5256950016812296,0.43287603575939027,0.5201388893315814,0.05556112349648287,100.0,202,33
32,6,8,0.007,0.746,2,0.993,0.5261769609189623,0.4216106369188102,0.5202540806070842,0.059228803118780746,100.0,147,33
246,1,12,0.36,1.81,2,0.64,0.5269036982626173,0.4207668865005325,0.5187848669938037,0.08118831268813602,100.0,172,38
6,6,15,0.13,1.426,3,0.87,0.5291369656802959,0.4302033739036451,0.522338793850432,0.06798171829863911,100.0,202,33
2,3,14,0.258,2.557,3,0.742,0.5291689718787821,0.4305170841172646,0.522587453779475,0.06581518099307042,100.0,222,36
71,6,10,0.4,0.5,1,0.6,0.5297876425618898,0.4234761607112255,0.5198529918934738,0.09934650668416067,100.0,80,33
254,6,13,0.108,1.016,2,0.892,0.5313353285284064,0.42209961625079206,0.5236674765331647,0.07667851995241681,100.0,147,33
125,3,14,0.237,2.857,5,0.763,0.5321853505221195,0.43335895567741745,0.5243271229575047,0.07858227564614714,100.0,332,36
253,6,7,0.13,2.242,3,0.87,0.5322636429819222,0.4313265254399839,0.5279572769878202,0.04306365994101981,100.0,202,33
128,1,6,0.202,1.26,3,0.798,0.5326858445244445,0.430275417427943,0.5279761177357667,0.04709726788677771,100.0,243,38
245,12,7,0.376,2.817,4,0.624,0.533321887289018,0.43352605751951784,0.5262518463948256,0.07070040894192398,100.0,197,27
8,3,13,0.28,1.281,4,0.72,0.5343751900164323,0.4375631969223551,0.5257469660424382,0.0862822397399411,100.0,279,36
11,6,7,0.227,0.849,1,0.773,0.5392526963073195,0.43402790478734865,0.5316954578984905,0.07557238408829069,100.0,80,33
21,1,1,0.142,0.5,1,0.858,0.5404265780400462,0.44700958699341414,0.5374532871377429,0.029732909023033313,100.0,92,38
95,3,9,0.4,2.226,3,0.6,0.5424888727185512,0.44476287163226624,0.5360188913923402,0.06469981326211066,100.0,222,36
23,1,2,0.0,0.5,1,1.0,0.5431486707486184,0.4204508458399178,0.534331158959523,0.08817511789095407,100.0,92,38
34,6,9,0.263,1.101,1,0.737,0.5433211663374358,0.439297044691172,0.5335046654736146,0.0981650086382113,100.0,80,33
244,12,3,0.135,2.194,3,0.865,0.5437828281357989,0.442464791888975,0.5355331888738152,0.08249639261983761,100.0,158,27
108,1,1,0.066,0.5,1,0.9339999999999999,0.5439860624606772,0.44464275268673187,0.5396128396955692,0.04373222765108009,100.0,92,38
237,3,8,0.4,1.287,4,0.6,0.5469726568031515,0.4431990268376227,0.5394219913534859,0.07550665449665693,100.0,279,36
297,1,1,0.11,0.5,1,0.89,0.5471173998823264,0.45557407626079965,0.5435301392280131,0.03587260654313414,100.0,92,38
96,6,9,0.4,1.812,1,0.6,0.5472981030244706,0.4445313169872858,0.538420395947275,0.0887770707719554,100.0,80,33
114,6,9,0.206,1.307,2,0.794,0.5481632546978683,0.43270222456074836,0.5403128099806598,0.07850444717208492,100.0,147,33
120,1,1,0.072,0.5,1,0.928,0.5486451150717138,0.4561272727421125,0.5446377879725104,0.04007327099203419,100.0,92,38
273,3,5,0.397,0.5,1,0.603,0.5494778948369229,0.451210041268895,0.5450846892195732,0.04393205617349734,100.0,87,36
115,6,9,0.4,0.731,2,0.6,0.5495648928882764,0.4374331342451901,0.5403694229026745,0.09195469985601806,100.0,147,33
91,1,1,0.155,0.5,1,0.845,0.5496542516833272,0.45933868369891306,0.5455649114287116,0.04089340254615619,100.0,92,38
220,6,9,0.4,2.078,1,0.6,0.5505365621470176,0.44757743213885987,0.5418350448958513,0.08701517251166278,100.0,80,33
319,3,5,0.318,0.5,1,0.6819999999999999,0.5505727083776866,0.44418784646592036,0.5466993997503637,0.03873308627322787,100.0,87,36
314,3,5,0.319,0.5,1,0.681,0.5507782345493358,0.44478917395518697,0.5468976372777166,0.0388059727161924,100.0,87,36
31,3,2,0.0,0.5,1,1.0,0.5509410057216577,0.4378404168269172,0.5422307123603402,0.0871029336131758,100.0,87,36
307,1,1,0.045,0.5,1,0.955,0.557296737221542,0.45265201029841146,0.5548269716565779,0.024697655649641694,100.0,92,38
305,1,1,0.036,0.5,1,0.964,0.558908315340862,0.456660758938147,0.5565341549788578,0.02374160362004211,100.0,92,38
274,3,5,0.4,1.546,2,0.6,0.5640835383122383,0.46430258196649626,0.559718806346082,0.04364731966156434,100.0,160,36
286,3,4,0.4,0.619,1,0.6,0.5651639133862061,0.4630849743267523,0.5606388681008463,0.04525045285359753,100.0,87,36
163,6,11,0.4,3.0,3,0.6,0.5652964678565576,0.45610388460631335,0.5581112202586784,0.07185247597879228,100.0,202,33
74,1,1,0.031,0.5,1,0.969,0.5661255444807115,0.4600969860282447,0.5629161724452219,0.03209372035489641,100.0,92,38
266,6,6,0.4,1.47,1,0.6,0.566225835735097,0.4671157863673086,0.5598858664586874,0.0633996927640954,100.0,80,33
287,3,4,0.4,0.927,1,0.6,0.5681550249847303,0.4653325562203141,0.5635471642022423,0.04607860782487966,100.0,87,36
7,3,3,0.19,1.067,4,0.81,0.5733249659827886,0.4586459635439711,0.5675862883008661,0.05738677681922481,100.0,279,36
4,6,6,0.388,2.733,4,0.612,0.5830545040237285,0.47556843893471146,0.5766587131146039,0.06395790909124587,100.0,251,33
124,1,5,0.381,2.596,3,0.619,0.587618109822396,0.48400230175578984,0.5828101270509978,0.04807982771398243,100.0,243,38
243,1,1,0.23,0.5,1,0.77,0.5877282446709634,0.4800811143234768,0.5840755080244946,0.036527366464687634,100.0,92,38
88,1,1,0.231,0.5,1,0.769,0.5877282446709651,0.48008111432347894,0.5840755080244965,0.03652736646468609,100.0,92,38
36,1,1,0.233,0.5,1,0.767,0.5877282446709656,0.4800811143234796,0.584075508024497,0.036527366464686295,100.0,92,38
126,1,3,0.304,0.815,2,0.696,0.5893316167298674,0.46836337016393087,0.5842352312629356,0.05096385466931843,100.0,172,38
177,1,1,0.191,0.5,1,0.8089999999999999,0.5916311562462603,0.481913206547074,0.5882662672000019,0.033648890462584236,100.0,92,38
64,1,1,0.184,0.5,1,0.8160000000000001,0.5916311562462603,0.4819132065470746,0.588266267200002,0.03364889046258354,100.0,92,38
249,3,3,0.309,1.634,2,0.6910000000000001,0.5922403065386087,0.4777670980686591,0.5884598178701926,0.037804886684161015,100.0,160,36
47,1,1,0.267,0.5,1,0.733,0.5953890761829547,0.4847878079748426,0.5921622357679184,0.03226840415036302,100.0,92,38
205,1,1,0.256,0.5,1,0.744,0.5953890761829564,0.4847878079748445,0.5921622357679202,0.032268404150363056,100.0,92,38
101,1,1,0.264,0.5,1,0.736,0.5953890761829569,0.48478780797484516,0.5921622357679205,0.03226840415036361,100.0,92,38
39,1,1,0.179,0.5,1,0.821,0.598518120062984,0.4914245279349662,0.5957436178396037,0.027745022233802482,100.0,92,38
129,3,2,0.235,0.685,3,0.765,0.6186767483057807,0.5042487832594118,0.6165151962813846,0.021615520243960806,100.0,222,36
119,1,1,0.304,0.5,1,0.696,0.6568554912218083,0.5067207244322254,0.6450567652143423,0.11798726007466007,100.0,92,38
10,3,1,0.315,2.162,4,0.685,0.6682646835756695,0.5354156628643593,0.6627521184452299,0.05512565130439603,100.0,279,36
188,1,1,0.006,0.5,1,0.994,0.6695125514801878,0.5084764029080734,0.6551908090026649,0.14321742477522975,100.0,92,38
345,1,1,0.004,0.516,1,0.996,0.6695125514801887,0.5084764029080756,0.655190809002666,0.14321742477522692,100.0,92,38
179,1,1,0.013,0.5,1,0.987,0.6695125514801893,0.5084764029080756,0.6551908090026665,0.14321742477522778,100.0,92,38
81,1,1,0.316,0.5,1,0.6839999999999999,0.670287371277055,0.5208227501184464,0.6597003374029039,0.10587033874151064,100.0,92,38
176,1,1,0.018,0.5,1,0.982,0.6707841646386574,0.5111727847390518,0.6565764138807978,0.14207750757859575,100.0,92,38
19,1,1,0.0,0.5,1,1.0,0.6826489883947102,0.5245968157143005,0.6693835086376753,0.13265479757035012,100.0,92,38
186,1,1,0.0,0.783,1,1.0,0.6826489883947113,0.5245968157143029,0.6693835086376762,0.13265479757035167,100.0,92,38
169,1,1,0.0,0.874,1,1.0,0.6826489883947116,0.5245968157143029,0.6693835086376764,0.1326547975703518,100.0,92,38
267,6,1,0.0,0.5,1,1.0,0.6990765584404859,0.5283126118692947,0.6839759802133034,0.15100578227182526,100.0,80,33
330,6,2,0.4,1.533,2,0.6,0.7082421084952752,0.5461054601000074,0.6995017489711765,0.08740359524098837,100.0,147,33
63,6,2,0.4,1.546,2,0.6,0.7082591814861023,0.5461166574190941,0.6995153997045974,0.08743781781504914,100.0,147,33
65,6,2,0.4,1.651,2,0.6,0.7084002047961525,0.546201075815277,0.6996290058556142,0.08771198940538319,100.0,147,33
285,6,2,0.4,1.714,2,0.6,0.7084872641133395,0.5462465573038711,0.699699826544136,0.08787437569203482,100.0,147,33
140,6,2,0.4,1.823,2,0.6,0.7086416318243813,0.5463160575652425,0.6998265260303403,0.08815105794040999,100.0,147,33
194,6,2,0.4,1.871,2,0.6,0.7087109333290591,0.5463429712316238,0.6998838308115677,0.08827102517491418,100.0,147,33
54,6,2,0.4,2.077,2,0.6,0.7090155922963902,0.5464330362356773,0.7001384705722321,0.08877121724158146,100.0,147,33
268,6,2,0.4,2.174,2,0.6,0.7091621351892872,0.5464613513642194,0.70026236514321,0.08899770046077117,100.0,147,33
29,1,1,0.4,0.5,1,0.6,0.7329262671441577,0.5555920434533069,0.723197237064766,0.09729030079391637,100.0,92,38
20,1,1,0.4,0.503,1,0.6,0.7329262671441589,0.5555920434533081,0.7231972370647672,0.09729030079391579,100.0,92,38
329,3,1,0.4,0.584,1,0.6,0.736001285200778,0.5855001564061976,0.7275820810095471,0.08419204191230915,100.0,87,36
225,3,1,0.4,1.288,1,0.6,0.7360012852007785,0.5855001564061986,0.7275820810095478,0.08419204191230668,100.0,87,36
165,3,1,0.4,0.773,1,0.6,0.7360012852007789,0.5855001564061986,0.7275820810095481,0.0841920419123079,100.0,87,36
316,3,1,0.4,0.757,1,0.6,0.7360012852007789,0.5855001564061989,0.7275820810095482,0.08419204191230704,100.0,87,36
185,3,1,0.4,1.058,1,0.6,0.7360012852007789,0.5855001564061998,0.7275820810095484,0.08419204191230593,100.0,87,36
196,3,1,0.4,0.529,1,0.6,0.7360012852007791,0.5855001564061998,0.7275820810095484,0.08419204191230772,100.0,87,36
156,3,1,0.4,1.34,1,0.6,0.7360012852007792,0.5855001564061991,0.7275820810095484,0.08419204191230825,100.0,87,36
223,3,1,0.4,1.09,1,0.6,0.7360012852007792,0.5855001564062001,0.7275820810095486,0.08419204191230678,100.0,87,36
215,3,1,0.4,1.066,1,0.6,0.7360012852007793,0.5855001564062005,0.7275820810095486,0.08419204191230718,100.0,87,36
148,3,1,0.4,0.913,1,0.6,0.7360012852007797,0.5855001564061998,0.7275820810095489,0.08419204191230756,100.0,87,36
167,3,1,0.4,1.458,1,0.6,0.7360012852007797,0.5855001564061998,0.7275820810095489,0.0841920419123082,100.0,87,36
164,3,1,0.4,0.936,1,0.6,0.7360012852007798,0.5855001564061995,0.7275820810095489,0.08419204191230849,100.0,87,36
298,3,1,0.4,1.235,1,0.6,0.7360012852007798,0.5855001564061998,0.727582081009549,0.08419204191230804,100.0,87,36
56,3,1,0.4,0.932,1,0.6,0.7360012852007798,0.5855001564062001,0.727582081009549,0.08419204191230803,100.0,87,36
155,3,1,0.4,0.883,1,0.6,0.7360012852007799,0.5855001564061998,0.727582081009549,0.0841920419123092,100.0,87,36
118,3,1,0.4,0.609,1,0.6,0.7360012852007799,0.5855001564061995,0.7275820810095491,0.08419204191230761,100.0,87,36
22,3,1,0.4,0.69,1,0.6,0.7360012852007799,0.5855001564062005,0.7275820810095491,0.08419204191230775,100.0,87,36
195,3,1,0.4,1.403,1,0.6,0.73600128520078,0.5855001564061998,0.7275820810095492,0.08419204191230728,100.0,87,36
175,3,1,0.4,1.291,1,0.6,0.73600128520078,0.5855001564062005,0.7275820810095492,0.08419204191230814,100.0,87,36
291,3,1,0.4,1.351,1,0.6,0.73600128520078,0.5855001564062005,0.7275820810095492,0.08419204191230814,100.0,87,36
90,3,1,0.4,1.013,1,0.6,0.7360012852007801,0.5855001564062001,0.7275820810095492,0.08419204191230832,100.0,87,36
338,3,1,0.4,0.889,1,0.6,0.7360012852007801,0.5855001564062008,0.7275820810095495,0.08419204191230603,100.0,87,36
231,3,1,0.4,0.909,1,0.6,0.7360012852007801,0.585500156406201,0.7275820810095495,0.08419204191230707,100.0,87,36
82,3,1,0.4,1.206,1,0.6,0.7360012852007802,0.5855001564061998,0.7275820810095495,0.08419204191230735,100.0,87,36
73,3,1,0.4,0.927,1,0.6,0.7360012852007803,0.5855001564062005,0.7275820810095495,0.08419204191230825,100.0,87,36
317,3,1,0.4,1.039,1,0.6,0.7360012852007803,0.5855001564062005,0.7275820810095496,0.08419204191230814,100.0,87,36
110,3,1,0.4,0.969,1,0.6,0.7360012852007803,0.5855001564062008,0.7275820810095496,0.08419204191230756,100.0,87,36
193,3,1,0.4,1.049,1,0.6,0.7360012852007805,0.5855001564062005,0.7275820810095497,0.08419204191230735,100.0,87,36
117,3,1,0.4,1.133,1,0.6,0.7360012852007806,0.5855001564062005,0.7275820810095498,0.08419204191230767,100.0,87,36
306,3,1,0.4,1.026,1,0.6,0.7360012852007806,0.585500156406201,0.7275820810095498,0.0841920419123075,100.0,87,36
55,3,1,0.4,0.838,1,0.6,0.7360012852007806,0.5855001564062017,0.7275820810095499,0.08419204191230632,100.0,87,36
206,3,1,0.4,1.395,1,0.6,0.7360012852007808,0.585500156406201,0.72758208100955,0.08419204191230772,100.0,87,36
232,3,1,0.4,0.993,1,0.6,0.7360012852007808,0.585500156406201,0.72758208100955,0.08419204191230789,100.0,87,36
224,3,1,0.4,1.149,1,0.6,0.736001285200781,0.5855001564062013,0.7275820810095502,0.08419204191230803,100.0,87,36
241,3,1,0.4,0.867,1,0.6,0.7360012852007811,0.585500156406202,0.7275820810095505,0.08419204191230667,100.0,87,36
233,3,1,0.4,0.712,1,0.6,0.7360012852007817,0.5855001564062005,0.7275820810095509,0.08419204191230774,100.0,87,36
277,6,1,0.4,1.466,1,0.6,0.7602461499676633,0.5903498986610184,0.7543268587105708,0.05919291257092415,100.0,80,33
