sample_i_id,sample_j_id,x_i_start_date,x_i_end_date,target_i_date,x_j_start_date,x_j_end_date,target_j_date,cpi_i,cpi_j,delta_cpi,window_distance,shape_distance,level_distance,shape_distance_normalized,level_distance_normalized,hybrid_distance,delta_bin,selection_method
185,162,2015-06,2016-05,2016-06,2013-07,2014-06,2014-07,101.9,102.3,-0.4,1.726193,1.726193,1.9826435479299411,1.2450897125325617,1.6979436437121138,1.4715166781223377,small,closed50_delta_stratified_gap12_hybrid_ablation
186,163,2015-07,2016-06,2016-07,2013-08,2014-07,2014-08,101.8,102.0,-0.2,1.723137,1.723137,1.8479517034746995,1.24288544327559,1.5825930243880195,1.4127392338318048,small,closed50_delta_stratified_gap12_hybrid_ablation
186,162,2015-07,2016-06,2016-07,2013-07,2014-06,2014-07,101.8,102.3,-0.5,1.928923,1.928923,1.9287493418891781,1.3913172997268826,1.651788436097831,1.5215528679123569,small,closed50_delta_stratified_gap12_hybrid_ablation
187,164,2015-08,2016-07,2016-08,2013-09,2014-08,2014-09,101.3,101.6,-0.3,1.694097,1.694097,1.587729288699858,1.2219391149959913,1.3597375365320792,1.2908383257640352,small,closed50_delta_stratified_gap12_hybrid_ablation
187,162,2015-08,2016-07,2016-08,2013-07,2014-06,2014-07,101.3,102.3,-1.0,1.846517,1.846517,1.9524187884872648,1.3318784867720401,1.6720590422001564,1.5019687644860982,small,closed50_delta_stratified_gap12_hybrid_ablation
188,164,2015-09,2016-08,2016-09,2013-09,2014-08,2014-09,101.9,101.6,0.3,1.778225,1.778225,2.060112688790569,1.2826199932847686,1.7642885171743554,1.523454255229562,medium,closed50_delta_stratified_gap12_hybrid_ablation
188,165,2015-09,2016-08,2016-09,2013-10,2014-09,2014-10,101.9,101.6,0.3,1.55414,1.55414,1.4668393397620922,1.1209892091066036,1.2562069141961199,1.1885980616513616,medium,closed50_delta_stratified_gap12_hybrid_ablation
188,162,2015-09,2016-08,2016-09,2013-07,2014-06,2014-07,101.9,102.3,-0.4,1.66794,1.66794,2.534017042257984,1.2030722724061336,2.1701420482024805,1.6866071603043071,small,closed50_delta_stratified_gap12_hybrid_ablation
188,163,2015-09,2016-08,2016-09,2013-08,2014-07,2014-08,101.9,102.0,-0.1,1.775411,1.775411,2.469309058741884,1.2805902767634605,2.1147258795102792,1.69765807813687,small,closed50_delta_stratified_gap12_hybrid_ablation
189,165,2015-10,2016-09,2016-10,2013-10,2014-09,2014-10,102.1,101.6,0.5,1.74317,1.74317,1.406122544620496,1.2573350918439512,1.204208814747087,1.2307719532955192,large,closed50_delta_stratified_gap12_hybrid_ablation
189,164,2015-10,2016-09,2016-10,2013-09,2014-08,2014-09,102.1,101.6,0.5,1.767028,1.767028,1.6474714635011918,1.2745436834450072,1.41090096733202,1.3427223253885137,large,closed50_delta_stratified_gap12_hybrid_ablation
189,163,2015-10,2016-09,2016-10,2013-08,2014-07,2014-08,102.1,102.0,0.1,1.663143,1.663143,1.888289993450669,1.1996122332616008,1.6171388927739052,1.408375563017753,medium,closed50_delta_stratified_gap12_hybrid_ablation
189,162,2015-10,2016-09,2016-10,2013-07,2014-06,2014-07,102.1,102.3,-0.2,1.47707,1.47707,1.9693222874357914,1.065399211843908,1.6865352644268454,1.3759672381353767,small,closed50_delta_stratified_gap12_hybrid_ablation
190,164,2015-11,2016-10,2016-11,2013-09,2014-08,2014-09,102.3,101.6,0.7,1.694246,1.694246,1.4759036695361547,1.2220465875481146,1.2639696414601553,1.243008114504135,large,closed50_delta_stratified_gap12_hybrid_ablation
190,165,2015-11,2016-10,2016-11,2013-10,2014-09,2014-10,102.3,101.6,0.7,1.717284,1.717284,1.4109629502575811,1.2386637194663446,1.2083541569560072,1.223508938211176,large,closed50_delta_stratified_gap12_hybrid_ablation
190,163,2015-11,2016-10,2016-11,2013-08,2014-07,2014-08,102.3,102.0,0.3,1.465189,1.465189,1.629942514710596,1.0568295380735941,1.3958891074285982,1.226359322751096,medium,closed50_delta_stratified_gap12_hybrid_ablation
190,162,2015-11,2016-10,2016-11,2013-07,2014-06,2014-07,102.3,102.3,0.0,1.029295,1.029295,1.7145066887698264,0.7424225539445491,1.4683101949102846,1.105366374427417,small,closed50_delta_stratified_gap12_hybrid_ablation
191,164,2015-12,2016-11,2016-12,2013-09,2014-08,2014-09,102.1,101.6,0.5,1.521278,1.521278,1.3859637776060696,1.097286101671198,1.1869447682910532,1.1421154349811258,large,closed50_delta_stratified_gap12_hybrid_ablation
191,166,2015-12,2016-11,2016-12,2013-11,2014-10,2014-11,102.1,101.4,0.7,1.690495,1.690495,1.316119652869714,1.2193410201453332,1.1271299882865733,1.1732355042159532,large,closed50_delta_stratified_gap12_hybrid_ablation
191,163,2015-12,2016-11,2016-12,2013-08,2014-07,2014-08,102.1,102.0,0.1,1.030495,1.030495,1.423467820339654,0.7432881046999044,1.2190633763179395,0.9811757405089219,medium,closed50_delta_stratified_gap12_hybrid_ablation
191,162,2015-12,2016-11,2016-12,2013-07,2014-06,2014-07,102.1,102.3,-0.2,1.058107,1.058107,1.5097385973299684,0.7632044275806305,1.2929460051857211,1.0280752163831757,small,closed50_delta_stratified_gap12_hybrid_ablation
192,164,2016-01,2016-12,2017-01,2013-09,2014-08,2014-09,102.5,101.6,0.9,1.034737,1.034737,1.1977028475104903,0.7463478266200856,1.025717375727791,0.8860326011739383,large,closed50_delta_stratified_gap12_hybrid_ablation
192,163,2016-01,2016-12,2017-01,2013-08,2014-07,2014-08,102.5,102.0,0.5,1.004861,1.004861,1.3565939932644224,0.7247984979809224,1.1617923707800824,0.9432954343805025,large,closed50_delta_stratified_gap12_hybrid_ablation
192,162,2016-01,2016-12,2017-01,2013-07,2014-06,2014-07,102.5,102.3,0.2,1.025601,1.025601,1.4404133579914378,0.739758100202647,1.2335756006535603,0.9866668504281036,medium,closed50_delta_stratified_gap12_hybrid_ablation
193,165,2016-02,2017-01,2017-02,2013-10,2014-09,2014-10,100.8,101.6,-0.8,1.19325,1.19325,1.6502319216806056,0.8606820323564509,1.4132650344505713,1.1369735334035111,small,closed50_delta_stratified_gap12_hybrid_ablation
193,164,2016-02,2017-01,2017-02,2013-09,2014-08,2014-09,100.8,101.6,-0.8,1.17891,1.17891,1.3251067512639971,0.8503387008299548,1.134826574296661,0.9925826375633079,small,closed50_delta_stratified_gap12_hybrid_ablation
194,168,2016-03,2017-02,2017-03,2014-01,2014-12,2015-01,100.9,100.8,0.1,1.426104,1.426104,1.1652093225548745,1.0286378286793751,0.9978897946087374,1.0132638116440562,medium,closed50_delta_stratified_gap12_hybrid_ablation
194,164,2016-03,2017-02,2017-03,2013-09,2014-08,2014-09,100.9,101.6,-0.7,1.010493,1.010493,2.405627159908393,0.7288608161927235,2.060188453730068,1.3945246349613956,small,closed50_delta_stratified_gap12_hybrid_ablation
194,167,2016-03,2017-02,2017-03,2013-12,2014-11,2014-12,100.9,101.5,-0.6,1.239615,1.239615,1.0508484460131093,0.8941247496664924,0.8999506952602057,0.897037722463349,small,closed50_delta_stratified_gap12_hybrid_ablation
195,168,2016-04,2017-03,2017-04,2014-01,2014-12,2015-01,101.2,100.8,0.4,1.154632,1.154632,1.0822505620930314,0.8328271664645245,0.9268435895743063,0.8798353780194155,medium,closed50_delta_stratified_gap12_hybrid_ablation
195,170,2016-04,2017-03,2017-04,2014-03,2015-02,2015-03,101.2,101.4,-0.2,1.158887,1.158887,0.8296705542327398,0.8358962651845552,0.7105330887165434,0.7732146769505492,small,closed50_delta_stratified_gap12_hybrid_ablation
195,163,2016-04,2017-03,2017-04,2013-08,2014-07,2014-08,101.2,102.0,-0.8,1.355503,1.355503,2.9271815662180463,0.9777138712803405,2.506849675293639,1.7422817732869897,small,closed50_delta_stratified_gap12_hybrid_ablation
196,168,2016-05,2017-04,2017-05,2014-01,2014-12,2015-01,101.5,100.8,0.7,0.909317,0.909317,0.832660800961353,0.6558833468395315,0.7130939476421333,0.6844886472408325,large,closed50_delta_stratified_gap12_hybrid_ablation
196,173,2016-05,2017-04,2017-05,2014-06,2015-05,2015-06,101.5,101.4,0.1,1.349242,1.349242,0.38821849645628603,0.9731978602142742,0.332471829904907,0.6528348450595907,medium,closed50_delta_stratified_gap12_hybrid_ablation
196,166,2016-05,2017-04,2017-05,2013-11,2014-10,2014-11,101.5,101.4,0.1,0.884643,0.884643,1.39613366559094,0.6380861807248337,1.1956542999056512,0.9168702403152424,medium,closed50_delta_stratified_gap12_hybrid_ablation
196,162,2016-05,2017-04,2017-05,2013-07,2014-06,2014-07,101.5,102.3,-0.8,1.300572,1.300572,2.789052860582593,0.9380925641616545,2.388555714691001,1.6633241394263276,small,closed50_delta_stratified_gap12_hybrid_ablation
196,171,2016-05,2017-04,2017-05,2014-04,2015-03,2015-04,101.5,101.5,0.0,1.183514,1.183514,0.33365751914761216,0.8536595305613348,0.28574559678412753,0.5697025636727312,small,closed50_delta_stratified_gap12_hybrid_ablation
197,168,2016-06,2017-05,2017-06,2014-01,2014-12,2015-01,101.5,100.8,0.7,0.889347,0.889347,0.7764369929125721,0.6414791396858266,0.664943659809814,0.6532113997478203,large,closed50_delta_stratified_gap12_hybrid_ablation
197,170,2016-06,2017-05,2017-06,2014-03,2015-02,2015-03,101.5,101.4,0.1,1.105703,1.105703,0.32554512456382734,0.7975350557072073,0.2787981105185284,0.5381665831128678,medium,closed50_delta_stratified_gap12_hybrid_ablation
197,173,2016-06,2017-05,2017-06,2014-06,2015-05,2015-06,101.5,101.4,0.1,1.488252,1.488252,0.5700113900734625,1.0734647022992272,0.48815997087790275,0.780812336588565,medium,closed50_delta_stratified_gap12_hybrid_ablation
197,167,2016-06,2017-05,2017-06,2013-12,2014-11,2014-12,101.5,101.5,0.0,0.886607,0.886607,1.0058114785472312,0.6395027987944321,0.8613808612017341,0.7504418299980831,small,closed50_delta_stratified_gap12_hybrid_ablation
197,165,2016-06,2017-05,2017-06,2013-10,2014-09,2014-10,101.5,101.6,-0.1,1.307226,1.307226,1.690394385070836,0.9428920431000998,1.44766032426475,1.195276183682425,small,closed50_delta_stratified_gap12_hybrid_ablation
198,168,2016-07,2017-06,2017-07,2014-01,2014-12,2015-01,101.4,100.8,0.6,0.90255,0.90255,0.8627077699028128,0.6510023618716236,0.7388262886775324,0.694914325274578,large,closed50_delta_stratified_gap12_hybrid_ablation
198,172,2016-07,2017-06,2017-07,2014-05,2015-04,2015-05,101.4,101.2,0.2,1.182175,1.182175,0.08627077699024083,0.8526937201768174,0.0738826288677186,0.463288174522268,medium,closed50_delta_stratified_gap12_hybrid_ablation
198,175,2016-07,2017-06,2017-07,2014-08,2015-07,2015-08,101.4,102.0,-0.6,1.477585,1.477585,0.5639991724805395,1.0657706773764146,0.48301108435355694,0.7743908808649858,small,closed50_delta_stratified_gap12_hybrid_ablation
198,173,2016-07,2017-06,2017-07,2014-06,2015-05,2015-06,101.4,101.4,0.0,1.183989,1.183989,0.5328962624373603,0.8540021444019963,0.45637443125274857,0.6551882878273725,small,closed50_delta_stratified_gap12_hybrid_ablation
199,172,2016-08,2017-07,2017-08,2014-05,2015-04,2015-05,101.8,101.2,0.6,1.104589,1.104589,0.23903400895228258,0.796731536089319,0.204709654720998,0.5007205954051586,large,closed50_delta_stratified_gap12_hybrid_ablation
199,168,2016-08,2017-07,2017-08,2014-01,2014-12,2015-01,101.8,100.8,1.0,1.244708,1.244708,0.963289651168934,0.8977982913306796,0.8249650028940789,0.8613816471123792,large,closed50_delta_stratified_gap12_hybrid_ablation
199,169,2016-08,2017-07,2017-08,2014-02,2015-01,2015-02,101.8,101.4,0.4,0.959625,0.959625,1.1507848223353032,0.6921701196732112,0.9855365965328065,0.8388533581030089,medium,closed50_delta_stratified_gap12_hybrid_ablation
199,174,2016-08,2017-07,2017-08,2014-07,2015-06,2015-07,101.8,101.6,0.2,1.175206,1.175206,0.30194771946597165,0.8476670341650915,0.25858920103712535,0.5531281176011085,medium,closed50_delta_stratified_gap12_hybrid_ablation
199,175,2016-08,2017-07,2017-08,2014-08,2015-07,2015-08,101.8,102.0,-0.2,1.639563,1.639563,0.5608962785107371,1.1826041609188687,0.4803537538925976,0.8314789574057331,small,closed50_delta_stratified_gap12_hybrid_ablation
199,162,2016-08,2017-07,2017-08,2013-07,2014-06,2014-07,101.8,102.3,-0.5,0.901709,0.901709,2.819220382129348,0.6503957550505788,2.4143912974463286,1.5323935262484536,small,closed50_delta_stratified_gap12_hybrid_ablation
200,168,2016-09,2017-08,2017-09,2014-01,2014-12,2015-01,101.6,100.8,0.8,1.280054,1.280054,0.976635373691399,0.9232930888296708,0.836394331555514,0.8798437101925924,large,closed50_delta_stratified_gap12_hybrid_ablation
200,172,2016-09,2017-08,2017-09,2014-05,2015-04,2015-05,101.6,101.2,0.4,0.972022,0.972022,0.5004862787214113,0.7011119802683279,0.42861839517618533,0.5648651877222566,medium,closed50_delta_stratified_gap12_hybrid_ablation
200,167,2016-09,2017-08,2017-09,2013-12,2014-11,2014-12,101.6,101.5,0.1,1.520553,1.520553,1.2468876946957321,1.0967631647565041,1.0678394701064442,1.0823013174314742,medium,closed50_delta_stratified_gap12_hybrid_ablation
200,163,2016-09,2017-08,2017-09,2013-08,2014-07,2014-08,101.6,102.0,-0.4,0.886886,0.886886,2.350265501387969,0.639704039345052,2.0127765141061955,1.3262402767256238,small,closed50_delta_stratified_gap12_hybrid_ablation
200,165,2016-09,2017-08,2017-09,2013-10,2014-09,2014-10,101.6,101.6,0.0,1.230299,1.230299,1.7780374288540757,0.8874051906357505,1.5227181677498831,1.2050616791928168,small,closed50_delta_stratified_gap12_hybrid_ablation
201,170,2016-10,2017-09,2017-10,2014-03,2015-02,2015-03,101.9,101.4,0.5,1.276431,1.276431,0.5266795994100417,0.9206798468407938,0.45105045686342543,0.6858651518521096,large,closed50_delta_stratified_gap12_hybrid_ablation
201,166,2016-10,2017-09,2017-10,2013-11,2014-10,2014-11,101.9,101.4,0.5,1.270873,1.270873,1.4666032088347931,0.9166709042589063,1.2560046907518148,1.0863377975053605,large,closed50_delta_stratified_gap12_hybrid_ablation
201,176,2016-10,2017-09,2017-10,2014-09,2015-08,2015-09,101.9,101.6,0.3,0.997128,0.997128,0.827006184118539,0.7192207446549536,0.7082513117906671,0.7137360282228103,medium,closed50_delta_stratified_gap12_hybrid_ablation
201,164,2016-10,2017-09,2017-10,2013-09,2014-08,2014-09,101.9,101.6,0.3,0.917834,0.917834,2.235386575817083,0.6620265933256659,1.9143937555547546,1.2882101744402101,medium,closed50_delta_stratified_gap12_hybrid_ablation
201,163,2016-10,2017-09,2017-10,2013-08,2014-07,2014-08,101.9,102.0,-0.1,0.887535,0.887535,2.543504616136102,0.6401721580452401,2.1782672433629613,1.4092197007041007,small,closed50_delta_stratified_gap12_hybrid_ablation
201,175,2016-10,2017-09,2017-10,2014-08,2015-07,2015-08,101.9,102.0,-0.1,0.966457,0.966457,0.49605696769407787,0.6970979886403675,0.4248251159895473,0.5609615523149574,small,closed50_delta_stratified_gap12_hybrid_ablation
202,172,2016-11,2017-10,2017-11,2014-05,2015-04,2015-05,101.7,101.2,0.5,1.009529,1.009529,0.6838401137857357,0.7281654904192546,0.585643332474047,0.6569044114466508,large,closed50_delta_stratified_gap12_hybrid_ablation
202,168,2016-11,2017-10,2017-11,2014-01,2014-12,2015-01,101.7,100.8,0.9,1.345251,1.345251,1.1569040564523294,0.9703191826604216,0.9907771324245148,0.9805481575424682,large,closed50_delta_stratified_gap12_hybrid_ablation
202,167,2016-11,2017-10,2017-11,2013-12,2014-11,2014-12,101.7,101.5,0.2,1.451467,1.451467,1.4284919140693038,1.046931965186106,1.2233660297235804,1.1351489974548432,medium,closed50_delta_stratified_gap12_hybrid_ablation
202,164,2016-11,2017-10,2017-11,2013-09,2014-08,2014-09,101.7,101.6,0.1,0.984057,0.984057,2.18460963872703,0.7097927330522457,1.8709081891909758,1.2903504611216108,medium,closed50_delta_stratified_gap12_hybrid_ablation
202,163,2016-11,2017-10,2017-11,2013-08,2014-07,2014-08,101.7,102.0,-0.3,1.180007,1.180007,2.4007385906177308,0.8511299584788089,2.0560018639809456,1.4535659112298773,small,closed50_delta_stratified_gap12_hybrid_ablation
202,162,2016-11,2017-10,2017-11,2013-07,2014-06,2014-07,101.7,102.3,-0.6,1.506827,1.506827,2.4837813993864253,1.0868627066998315,2.1271200483121757,1.6069913775060036,small,closed50_delta_stratified_gap12_hybrid_ablation
203,177,2016-12,2017-11,2017-12,2014-10,2015-09,2015-10,101.8,101.3,0.5,1.038677,1.038677,0.3633578023051964,0.7491897182668356,0.3111810347661707,0.5301853765165031,large,closed50_delta_stratified_gap12_hybrid_ablation
203,168,2016-12,2017-11,2017-12,2014-01,2014-12,2015-01,101.8,100.8,1.0,1.571176,1.571176,1.127998344961051,1.1332771446634646,0.9660221687070898,1.0496496566852773,large,closed50_delta_stratified_gap12_hybrid_ablation
203,176,2016-12,2017-11,2017-12,2014-09,2015-08,2015-09,101.8,101.6,0.2,1.137545,1.137545,0.5924206691045261,0.8205024450005607,0.5073513645758233,0.6639269047881919,medium,closed50_delta_stratified_gap12_hybrid_ablation
203,164,2016-12,2017-11,2017-12,2013-09,2014-08,2014-09,101.8,101.6,0.2,1.216636,1.216636,2.3605039913926804,0.877550173993734,2.0215447967573357,1.4495474853755348,medium,closed50_delta_stratified_gap12_hybrid_ablation
203,175,2016-12,2017-11,2017-12,2014-08,2015-07,2015-08,101.8,102.0,-0.2,1.211951,1.211951,0.3633578023051636,0.8741709195863676,0.3111810347661426,0.5926759771762551,small,closed50_delta_stratified_gap12_hybrid_ablation
203,162,2016-12,2017-11,2017-12,2013-07,2014-06,2014-07,101.8,102.3,-0.5,1.679689,1.679689,2.7116138639098057,1.2115467355933582,2.322236656828438,1.766891696210898,small,closed50_delta_stratified_gap12_hybrid_ablation
204,168,2017-01,2017-12,2018-01,2014-01,2014-12,2015-01,101.5,100.8,0.7,1.473502,1.473502,1.2461740382575806,1.0628256409313181,1.0672282919578462,1.0650269664445822,large,closed50_delta_stratified_gap12_hybrid_ablation
204,169,2017-01,2017-12,2018-01,2014-02,2015-01,2015-02,101.5,101.4,0.1,1.691193,1.691193,1.827435734175332,1.2198444821680314,1.5650230685062247,1.392433775337128,medium,closed50_delta_stratified_gap12_hybrid_ablation
204,172,2017-01,2017-12,2018-01,2014-05,2015-04,2015-05,101.5,101.2,0.3,1.531309,1.531309,0.6170355233147284,1.1045213846936726,0.5284316214332655,0.8164765030634691,medium,closed50_delta_stratified_gap12_hybrid_ablation
204,162,2017-01,2017-12,2018-01,2013-07,2014-06,2014-07,101.5,102.3,-0.8,1.709851,1.709851,2.717084651957095,1.2333023538292145,2.326921860984621,1.7801121074069177,small,closed50_delta_stratified_gap12_hybrid_ablation
204,174,2017-01,2017-12,2018-01,2014-07,2015-06,2015-07,101.5,101.6,-0.1,1.298492,1.298492,0.6704445161617358,0.9365922761857053,0.5741712905817242,0.7553817833837148,small,closed50_delta_stratified_gap12_hybrid_ablation
205,167,2017-02,2018-01,2018-02,2013-12,2014-11,2014-12,102.9,101.5,1.4,1.728167,1.728167,1.5831087371169126,1.2465135435251211,1.3557804781899998,1.3011470108575605,large,closed50_delta_stratified_gap12_hybrid_ablation
205,165,2017-02,2018-01,2018-02,2013-10,2014-09,2014-10,102.9,101.6,1.3,1.872333,1.872333,2.2706421101063667,1.3504993686889177,1.9445867322068942,1.647543050447906,large,closed50_delta_stratified_gap12_hybrid_ablation
206,176,2017-03,2018-02,2018-03,2014-09,2015-08,2015-09,102.1,101.6,0.5,1.072628,1.072628,1.5693223861418468,0.7736783130127259,1.343973793608428,1.0588260533105769,large,closed50_delta_stratified_gap12_hybrid_ablation
206,168,2017-03,2018-02,2018-03,2014-01,2014-12,2015-01,102.1,100.8,1.3,1.742162,1.742162,2.4868492247076435,1.2566080292094526,2.1297473458461273,1.69317768752779,large,closed50_delta_stratified_gap12_hybrid_ablation
206,180,2017-03,2018-02,2018-03,2015-01,2015-12,2016-01,102.1,101.8,0.3,0.929035,0.929035,2.2119906081732927,0.6701057883346118,1.8943573578922779,1.2822315731134448,medium,closed50_delta_stratified_gap12_hybrid_ablation
206,163,2017-03,2018-02,2018-03,2013-08,2014-07,2014-08,102.1,102.0,0.1,1.642518,1.642518,2.4725794279841433,1.184735579653931,2.117526636445777,1.651131108049854,medium,closed50_delta_stratified_gap12_hybrid_ablation
206,183,2017-03,2018-02,2018-03,2015-04,2016-03,2016-04,102.1,102.3,-0.2,0.985964,0.985964,0.9963145848829817,0.7111682374609645,0.8532476845401711,0.7822079610005678,small,closed50_delta_stratified_gap12_hybrid_ablation
206,162,2017-03,2018-02,2018-03,2013-07,2014-06,2014-07,102.1,102.3,-0.2,1.702451,1.702451,2.5518288814465335,1.2279647908378566,2.185396176542694,1.7066804836902754,small,closed50_delta_stratified_gap12_hybrid_ablation
207,177,2017-04,2018-03,2018-04,2014-10,2015-09,2015-10,101.8,101.3,0.5,0.892583,0.892583,1.1198189129102167,0.6438132415561015,0.9590172712940427,0.801415256425072,large,closed50_delta_stratified_gap12_hybrid_ablation
207,168,2017-04,2018-03,2018-04,2014-01,2014-12,2015-01,101.8,100.8,1.0,1.758195,1.758195,1.1848413382090721,1.268172508593296,1.0147027291516637,1.1414376188724797,large,closed50_delta_stratified_gap12_hybrid_ablation
207,173,2017-04,2018-03,2018-04,2014-06,2015-05,2015-06,101.8,101.4,0.4,1.668895,1.668895,1.5442230922180742,1.2037611065489373,1.3224786606966004,1.2631198836227688,medium,closed50_delta_stratified_gap12_hybrid_ablation
207,164,2017-04,2018-03,2018-04,2013-09,2014-08,2014-09,101.8,101.6,0.2,1.683977,1.683977,1.8836676586613457,1.2146396369591614,1.6131803072869502,1.4139099721230557,medium,closed50_delta_stratified_gap12_hybrid_ablation
207,175,2017-04,2018-03,2018-04,2014-08,2015-07,2015-08,101.8,102.0,-0.2,1.517455,1.517455,1.1198189129101919,1.0945286012230953,0.9590172712940214,1.0267729362585583,small,closed50_delta_stratified_gap12_hybrid_ablation
207,180,2017-04,2018-03,2018-04,2015-01,2015-12,2016-01,101.8,101.8,0.0,1.12089,1.12089,1.1344695428293854,0.808489321808525,0.9715641277239863,0.8900267247662557,small,closed50_delta_stratified_gap12_hybrid_ablation
208,172,2017-05,2018-04,2018-05,2014-05,2015-04,2015-05,101.8,101.2,0.6,1.646455,1.646455,0.5597176510836278,1.1875753074237927,0.47934437278107384,0.8334598401024332,large,closed50_delta_stratified_gap12_hybrid_ablation
208,168,2017-05,2018-04,2018-05,2014-01,2014-12,2015-01,101.8,100.8,1.0,1.735662,1.735662,0.7171020268568906,1.2519196292846113,0.6141289641630308,0.933024296723821,large,closed50_delta_stratified_gap12_hybrid_ablation
208,167,2017-05,2018-04,2018-05,2013-12,2014-11,2014-12,101.8,101.5,0.3,1.702255,1.702255,0.9877236234967552,1.2278234175478153,0.845890351804113,1.0368568846759643,medium,closed50_delta_stratified_gap12_hybrid_ablation
208,174,2017-05,2018-04,2018-05,2014-07,2015-06,2015-07,101.8,101.6,0.2,1.575642,1.575642,0.9877236234967552,1.1364984360579788,0.845890351804113,0.9911943939310459,medium,closed50_delta_stratified_gap12_hybrid_ablation
208,182,2017-05,2018-04,2018-05,2015-03,2016-02,2016-03,101.8,102.3,-0.5,1.201187,1.201187,0.9644891159791976,0.8664069293108304,0.8259922292215597,0.846199579266195,small,closed50_delta_stratified_gap12_hybrid_ablation
208,175,2017-05,2018-04,2018-05,2014-08,2015-07,2015-08,101.8,102.0,-0.2,1.741827,1.741827,0.9441449967253558,1.2563663962902494,0.8085694463869709,1.03246792133861,small,closed50_delta_stratified_gap12_hybrid_ablation
209,169,2017-06,2018-05,2018-06,2014-02,2015-01,2015-02,101.9,101.4,0.5,1.636576,1.636576,1.6565354223620845,1.1804496608303299,1.4186633769445747,1.2995565188874523,large,closed50_delta_stratified_gap12_hybrid_ablation
209,177,2017-06,2018-05,2018-06,2014-10,2015-09,2015-10,101.9,101.3,0.6,1.311546,1.311546,1.005000975525152,0.946008025819379,0.8606867432620845,0.9033473845407318,large,closed50_delta_stratified_gap12_hybrid_ablation
209,165,2017-06,2018-05,2018-06,2013-10,2014-09,2014-10,101.9,101.6,0.3,1.643952,1.643952,1.3984664066326238,1.1857699128065806,1.197652068404325,1.1917109906054528,medium,closed50_delta_stratified_gap12_hybrid_ablation
209,179,2017-06,2018-05,2018-06,2014-12,2015-11,2015-12,101.9,101.6,0.3,0.725675,0.725675,1.109319650535191,0.5234237869937294,0.9500256621709837,0.7367247245823565,medium,closed50_delta_stratified_gap12_hybrid_ablation
209,181,2017-06,2018-05,2018-06,2015-02,2016-01,2016-02,101.9,102.3,-0.4,1.519212,1.519212,0.7548692986649842,1.0957959117873945,0.6464730025928606,0.8711344571901276,small,closed50_delta_stratified_gap12_hybrid_ablation
209,185,2017-06,2018-05,2018-06,2015-06,2016-05,2016-06,101.9,101.9,0.0,0.910323,0.910323,0.3315597137444072,0.6566089668894377,0.2839490280797652,0.47027899748460145,small,closed50_delta_stratified_gap12_hybrid_ablation
210,168,2017-07,2018-06,2018-07,2014-01,2014-12,2015-01,102.1,100.8,1.3,1.647247,1.647247,0.7565048077393461,1.1881465709223271,0.6478736589236195,0.9180101149229734,large,closed50_delta_stratified_gap12_hybrid_ablation
210,177,2017-07,2018-06,2018-07,2014-10,2015-09,2015-10,102.1,101.3,0.8,1.647484,1.647484,1.1480597496964804,1.1883175171965097,0.9832028337288097,1.0857601754626596,large,closed50_delta_stratified_gap12_hybrid_ablation
210,180,2017-07,2018-06,2018-07,2015-01,2015-12,2016-01,102.1,101.8,0.3,0.666409,0.666409,1.1675453893032617,0.4806756777713222,0.9998904112555635,0.7402830445134428,medium,closed50_delta_stratified_gap12_hybrid_ablation
210,186,2017-07,2018-06,2018-07,2015-07,2016-06,2016-07,102.1,101.8,0.3,0.949841,0.949841,0.0,0.6851129958478809,0.0,0.34255649792394044,medium,closed50_delta_stratified_gap12_hybrid_ablation
210,182,2017-07,2018-06,2018-07,2015-03,2016-02,2016-03,102.1,102.3,-0.2,1.494421,1.494421,0.9254812829082251,1.0779143544740497,0.7925857693024309,0.9352500618882402,small,closed50_delta_stratified_gap12_hybrid_ablation
210,162,2017-07,2018-06,2018-07,2013-07,2014-06,2014-07,102.1,102.3,-0.2,1.71161,1.71161,1.9287493418891781,1.2345711069781062,1.651788436097831,1.4431797715379686,small,closed50_delta_stratified_gap12_hybrid_ablation
211,180,2017-08,2018-07,2018-08,2015-01,2015-12,2016-01,102.3,101.8,0.5,1.129109,1.129109,1.4638734727754856,0.8144176231904128,1.253666934176382,1.0340422786833974,large,closed50_delta_stratified_gap12_hybrid_ablation
211,176,2017-08,2018-07,2018-08,2014-09,2015-08,2015-09,102.3,101.6,0.7,1.338759,1.338759,1.1977028475104539,0.9656365530739494,1.0257173757277598,0.9956769644008545,large,closed50_delta_stratified_gap12_hybrid_ablation
211,188,2017-08,2018-07,2018-08,2015-09,2016-08,2016-09,102.3,101.9,0.4,1.154972,1.154972,1.348499416444934,0.8330724058452085,1.1548601437171089,0.9939662747811586,medium,closed50_delta_stratified_gap12_hybrid_ablation
211,185,2017-08,2018-07,2018-08,2015-06,2016-05,2016-06,102.3,101.9,0.4,1.389672,1.389672,0.3071652523452661,1.0023597077467874,0.2630575164826862,0.6327086121147368,medium,closed50_delta_stratified_gap12_hybrid_ablation
211,162,2017-08,2018-07,2018-08,2013-07,2014-06,2014-07,102.3,102.3,0.0,1.540071,1.540071,1.693349504203799,1.1108413477923587,1.4501910997808358,1.2805162237865972,small,closed50_delta_stratified_gap12_hybrid_ablation
211,183,2017-08,2018-07,2018-08,2015-04,2016-03,2016-04,102.3,102.3,0.0,1.471727,1.471727,0.6885901389839388,1.0615453471056884,0.5897112725236753,0.8256283098146818,small,closed50_delta_stratified_gap12_hybrid_ablation
