model,split,sample_id,actual,predicted,error
naive_last_value,train,162,102.3,102.3,0.0
naive_last_value,train,163,102.0,102.3,0.29999999999999716
naive_last_value,train,164,101.6,102.0,0.4000000000000057
naive_last_value,train,165,101.6,101.6,0.0
naive_last_value,train,166,101.4,101.6,0.19999999999998863
naive_last_value,train,167,101.5,101.4,-0.09999999999999432
naive_last_value,train,168,100.8,101.5,0.7000000000000028
naive_last_value,train,169,101.4,100.8,-0.6000000000000085
naive_last_value,train,170,101.4,101.4,0.0
naive_last_value,train,171,101.5,101.4,-0.09999999999999432
naive_last_value,train,172,101.2,101.5,0.29999999999999716
naive_last_value,train,173,101.4,101.2,-0.20000000000000284
naive_last_value,train,174,101.6,101.4,-0.19999999999998863
naive_last_value,train,175,102.0,101.6,-0.4000000000000057
naive_last_value,train,176,101.6,102.0,0.4000000000000057
naive_last_value,train,177,101.3,101.6,0.29999999999999716
naive_last_value,train,178,101.5,101.3,-0.20000000000000284
naive_last_value,train,179,101.6,101.5,-0.09999999999999432
naive_last_value,train,180,101.8,101.6,-0.20000000000000284
naive_last_value,train,181,102.3,101.8,-0.5
naive_last_value,train,182,102.3,102.3,0.0
naive_last_value,train,183,102.3,102.3,0.0
naive_last_value,train,184,102.0,102.3,0.29999999999999716
naive_last_value,train,185,101.9,102.0,0.09999999999999432
naive_last_value,train,186,101.8,101.9,0.10000000000000853
naive_last_value,train,187,101.3,101.8,0.5
naive_last_value,train,188,101.9,101.3,-0.6000000000000085
naive_last_value,train,189,102.1,101.9,-0.19999999999998863
naive_last_value,train,190,102.3,102.1,-0.20000000000000284
naive_last_value,train,191,102.1,102.3,0.20000000000000284
naive_last_value,train,192,102.5,102.1,-0.4000000000000057
naive_last_value,train,193,100.8,102.5,1.7000000000000028
naive_last_value,train,194,100.9,100.8,-0.10000000000000853
naive_last_value,train,195,101.2,100.9,-0.29999999999999716
naive_last_value,train,196,101.5,101.2,-0.29999999999999716
naive_last_value,train,197,101.5,101.5,0.0
naive_last_value,train,198,101.4,101.5,0.09999999999999432
naive_last_value,train,199,101.8,101.4,-0.3999999999999915
naive_last_value,train,200,101.6,101.8,0.20000000000000284
naive_last_value,train,201,101.9,101.6,-0.30000000000001137
naive_last_value,train,202,101.7,101.9,0.20000000000000284
naive_last_value,train,203,101.8,101.7,-0.09999999999999432
naive_last_value,train,204,101.5,101.8,0.29999999999999716
naive_last_value,train,205,102.9,101.5,-1.4000000000000057
naive_last_value,train,206,102.1,102.9,0.8000000000000114
naive_last_value,train,207,101.8,102.1,0.29999999999999716
naive_last_value,train,208,101.8,101.8,0.0
naive_last_value,train,209,101.9,101.8,-0.10000000000000853
naive_last_value,train,210,102.1,101.9,-0.19999999999998863
naive_last_value,train,211,102.3,102.1,-0.20000000000000284
naive_last_value,val,212,102.5,102.3,-0.20000000000000284
naive_last_value,val,213,102.5,102.5,0.0
naive_last_value,val,214,102.2,102.5,0.29999999999999716
naive_last_value,val,215,101.9,102.2,0.29999999999999716
naive_last_value,val,216,101.7,101.9,0.20000000000000284
naive_last_value,val,217,101.5,101.7,0.20000000000000284
naive_last_value,val,218,102.3,101.5,-0.7999999999999972
naive_last_value,val,219,102.5,102.3,-0.20000000000000284
naive_last_value,val,220,102.7,102.5,-0.20000000000000284
naive_last_value,val,221,102.7,102.7,0.0
naive_last_value,val,222,102.8,102.7,-0.09999999999999432
naive_last_value,val,223,102.8,102.8,0.0
naive_last_value,val,224,103.0,102.8,-0.20000000000000284
naive_last_value,val,225,103.8,103.0,-0.7999999999999972
naive_last_value,val,226,104.5,103.8,-0.7000000000000028
naive_last_value,val,227,104.5,104.5,0.0
naive_last_value,val,228,105.4,104.5,-0.9000000000000057
naive_last_value,val,229,105.2,105.4,0.20000000000000284
naive_last_value,val,230,104.3,105.2,0.9000000000000057
naive_last_value,val,231,103.3,104.3,1.0
naive_last_value,val,232,102.4,103.3,0.8999999999999915
naive_last_value,val,233,102.5,102.4,-0.09999999999999432
naive_last_value,val,234,102.7,102.5,-0.20000000000000284
naive_last_value,val,235,102.4,102.7,0.29999999999999716
naive_last_value,val,236,101.7,102.4,0.7000000000000028
naive_last_value,val,237,100.5,101.7,1.2000000000000028
naive_last_value,val,238,99.5,100.5,1.0
naive_last_value,val,239,100.2,99.5,-0.7000000000000028
naive_last_value,val,240,99.7,100.2,0.5
naive_last_value,val,241,99.8,99.7,-0.09999999999999432
naive_last_value,val,242,100.4,99.8,-0.6000000000000085
naive_last_value,val,243,100.9,100.4,-0.5
naive_last_value,val,244,101.3,100.9,-0.3999999999999915
naive_last_value,val,245,101.1,101.3,0.20000000000000284
naive_last_value,val,246,101.0,101.1,0.09999999999999432
naive_last_value,val,247,100.8,101.0,0.20000000000000284
naive_last_value,val,248,100.7,100.8,0.09999999999999432
naive_last_value,val,249,101.5,100.7,-0.7999999999999972
naive_last_value,val,250,102.3,101.5,-0.7999999999999972
naive_last_value,val,251,101.5,102.3,0.7999999999999972
naive_last_value,val,252,100.9,101.5,0.5999999999999943
naive_last_value,val,253,100.9,100.9,0.0
naive_last_value,val,254,101.5,100.9,-0.5999999999999943
naive_last_value,val,255,102.1,101.5,-0.5999999999999943
naive_last_value,val,256,102.1,102.1,0.0
naive_last_value,test,257,102.5,102.1,-0.4000000000000057
naive_last_value,test,258,102.7,102.5,-0.20000000000000284
naive_last_value,test,259,102.5,102.7,0.20000000000000284
naive_last_value,test,260,102.8,102.5,-0.29999999999999716
naive_last_value,test,261,102.1,102.8,0.7000000000000028
naive_last_value,test,262,101.6,102.1,0.5
naive_last_value,test,263,101.8,101.6,-0.20000000000000284
naive_last_value,test,264,102.1,101.8,-0.29999999999999716
naive_last_value,test,265,101.0,102.1,1.0999999999999943
naive_last_value,test,266,100.7,101.0,0.29999999999999716
naive_last_value,test,267,100.1,100.7,0.6000000000000085
naive_last_value,test,268,100.2,100.1,-0.10000000000000853
naive_last_value,test,269,100.0,100.2,0.20000000000000284
naive_last_value,test,270,99.7,100.0,0.29999999999999716
naive_last_value,test,271,100.1,99.7,-0.3999999999999915
naive_last_value,test,272,100.0,100.1,0.09999999999999432
naive_last_value,test,273,99.8,100.0,0.20000000000000284
naive_last_value,test,274,99.5,99.8,0.29999999999999716
naive_last_value,test,275,99.7,99.5,-0.20000000000000284
naive_last_value,test,276,99.2,99.7,0.5
naive_last_value,test,277,100.7,99.2,-1.5
naive_last_value,test,278,100.1,100.7,0.6000000000000085
naive_last_value,test,279,100.3,100.1,-0.20000000000000284
naive_last_value,test,280,100.3,100.3,0.0
naive_last_value,test,281,100.2,100.3,0.09999999999999432
naive_last_value,test,282,100.5,100.2,-0.29999999999999716
naive_last_value,test,283,100.6,100.5,-0.09999999999999432
naive_last_value,test,284,100.4,100.6,0.19999999999998863
naive_last_value,test,285,100.3,100.4,0.10000000000000853
naive_last_value,test,286,100.2,100.3,0.09999999999999432
naive_last_value,test,287,100.1,100.2,0.10000000000000853
naive_last_value,test,288,100.5,100.1,-0.4000000000000057
naive_last_value,test,289,99.3,100.5,1.2000000000000028
naive_last_value,test,290,99.9,99.3,-0.6000000000000085
naive_last_value,test,291,99.9,99.9,0.0
naive_last_value,test,292,99.9,99.9,0.0
naive_last_value,test,293,100.1,99.9,-0.19999999999998863
naive_last_value,test,294,100.0,100.1,0.09999999999999432
naive_last_value,test,295,99.6,100.0,0.4000000000000057
naive_last_value,test,296,99.7,99.6,-0.10000000000000853
naive_last_value,test,297,100.2,99.7,-0.5
naive_last_value,test,298,100.7,100.2,-0.5
naive_last_value,test,299,100.8,100.7,-0.09999999999999432
naive_last_value,test,300,100.2,100.8,0.5999999999999943
naive_last_value,test,301,101.3,100.2,-1.0999999999999943
naive_last_value,test,302,101.0,101.3,0.29999999999999716
naive_last_value,test,303,101.2,101.0,-0.20000000000000284
linear_regression,train,162,102.3,102.00529073977405,-0.2947092602259431
linear_regression,train,163,102.0,101.74637194566496,-0.25362805433503866
linear_regression,train,164,101.6,101.60541286543726,0.005412865437264713
linear_regression,train,165,101.6,101.27085756480858,-0.3291424351914145
linear_regression,train,166,101.4,101.32315254615229,-0.0768474538477193
linear_regression,train,167,101.5,101.60402513395684,0.10402513395683854
linear_regression,train,168,100.8,101.2979744114085,0.4979744114085065
linear_regression,train,169,101.4,101.51846667111268,0.11846667111267095
linear_regression,train,170,101.4,101.3566436273914,-0.04335637260859926
linear_regression,train,171,101.5,101.76505722507451,0.26505722507451424
linear_regression,train,172,101.2,101.31942958709726,0.11942958709725815
linear_regression,train,173,101.4,101.37924982356333,-0.020750176436678203
linear_regression,train,174,101.6,101.29431695128297,-0.3056830487170288
linear_regression,train,175,102.0,101.58422595431071,-0.41577404568928955
linear_regression,train,176,101.6,101.94461434053265,0.34461434053265805
linear_regression,train,177,101.3,101.54756588918546,0.2475658891854664
linear_regression,train,178,101.5,101.65862507276807,0.15862507276807492
linear_regression,train,179,101.6,101.72233413202925,0.12233413202925192
linear_regression,train,180,101.8,102.04056747247627,0.24056747247627186
linear_regression,train,181,102.3,101.84607579157142,-0.4539242084285746
linear_regression,train,182,102.3,102.08891503347222,-0.2110849665277783
linear_regression,train,183,102.3,101.97577138894623,-0.3242286110537691
linear_regression,train,184,102.0,102.26405406721263,0.26405406721262636
linear_regression,train,185,101.9,102.00318900979099,0.10318900979098089
linear_regression,train,186,101.8,101.78414588122553,-0.015854118774470294
linear_regression,train,187,101.3,101.79181807270415,0.4918180727041488
linear_regression,train,188,101.9,101.65274063131267,-0.2472593686873381
linear_regression,train,189,102.1,102.00949118793835,-0.09050881206164263
linear_regression,train,190,102.3,102.15261052310096,-0.14738947689903625
linear_regression,train,191,102.1,102.03690088241079,-0.0630991175892035
linear_regression,train,192,102.5,102.05461399535473,-0.4453860046452718
linear_regression,train,193,100.8,101.79744930745663,0.997449307456634
linear_regression,train,194,100.9,101.28571822120017,0.38571822120016463
linear_regression,train,195,101.2,101.26023053943128,0.060230539431273655
linear_regression,train,196,101.5,101.51520977497314,0.015209774973143908
linear_regression,train,197,101.5,101.54814549851669,0.048145498516689145
linear_regression,train,198,101.4,101.84819649233413,0.4481964923341195
linear_regression,train,199,101.8,101.71852088231135,-0.08147911768864446
linear_regression,train,200,101.6,101.61860123111066,0.01860123111066514
linear_regression,train,201,101.9,101.88015433606402,-0.01984566393598186
linear_regression,train,202,101.7,101.33608543660935,-0.36391456339065087
linear_regression,train,203,101.8,101.58692667595143,-0.21307332404856538
linear_regression,train,204,101.5,101.37744413604803,-0.12255586395197327
linear_regression,train,205,102.9,102.08032709637183,-0.8196729036281738
linear_regression,train,206,102.1,102.46222382717563,0.36222382717564017
linear_regression,train,207,101.8,102.11396530926594,0.3139653092659387
linear_regression,train,208,101.8,101.81133547702319,0.01133547702319504
linear_regression,train,209,101.9,101.98417313342338,0.08417313342337707
linear_regression,train,210,102.1,101.8771217755347,-0.2228782244652905
linear_regression,train,211,102.3,102.05366243013071,-0.2463375698692829
linear_regression,val,212,102.5,102.13062574036047,-0.3693742596395282
linear_regression,val,213,102.5,101.7833625370771,-0.716637462922904
linear_regression,val,214,102.2,102.44702241731858,0.24702241731857555
linear_regression,val,215,101.9,101.92943688281615,0.02943688281614243
linear_regression,val,216,101.7,101.9555186130274,0.255518613027391
linear_regression,val,217,101.5,101.41655085279449,-0.08344914720551344
linear_regression,val,218,102.3,101.62483018310131,-0.6751698168986877
linear_regression,val,219,102.5,102.0802281953165,-0.4197718046835064
linear_regression,val,220,102.7,102.16407545824339,-0.5359245417566143
linear_regression,val,221,102.7,102.1429977052277,-0.5570022947723032
linear_regression,val,222,102.8,102.19279965539498,-0.6072003446050189
linear_regression,val,223,102.8,101.98906022905823,-0.810939770941772
linear_regression,val,224,103.0,102.05160123824443,-0.9483987617555698
linear_regression,val,225,103.8,102.10026084299896,-1.6997391570010336
linear_regression,val,226,104.5,102.42571325602879,-2.0742867439712143
linear_regression,val,227,104.5,103.0370131264316,-1.462986873568397
linear_regression,val,228,105.4,103.04912178986596,-2.3508782101340415
linear_regression,val,229,105.2,103.55932036377706,-1.6406796362229414
linear_regression,val,230,104.3,103.21878905586797,-1.0812109441320246
linear_regression,val,231,103.3,102.79518974724117,-0.5048102527588298
linear_regression,val,232,102.4,102.50957731949768,0.10957731949767435
linear_regression,val,233,102.5,101.98138880732216,-0.5186111926778381
linear_regression,val,234,102.7,102.25777060808728,-0.4422293919127185
linear_regression,val,235,102.4,102.45573672984784,0.05573672984783684
linear_regression,val,236,101.7,101.91140026406593,0.21140026406592938
linear_regression,val,237,100.5,101.61385469684767,1.1138546968476675
linear_regression,val,238,99.5,100.73161213844588,1.2316121384458825
linear_regression,val,239,100.2,100.23102918060123,0.03102918060122306
linear_regression,val,240,99.7,100.15830542719432,0.4583054271943183
linear_regression,val,241,99.8,99.78407615034337,-0.015923849656630296
linear_regression,val,242,100.4,100.05004819742987,-0.34995180257013203
linear_regression,val,243,100.9,100.78778112897976,-0.11221887102024652
linear_regression,val,244,101.3,100.9812443583543,-0.31875564164569425
linear_regression,val,245,101.1,101.3009454266318,0.20094542663180448
linear_regression,val,246,101.0,100.89781269082242,-0.10218730917758023
linear_regression,val,247,100.8,100.66745917269658,-0.13254082730341565
linear_regression,val,248,100.7,101.3269643590912,0.626964359091204
linear_regression,val,249,101.5,101.44422503836587,-0.05577496163412832
linear_regression,val,250,102.3,102.21715880906595,-0.0828411909340474
linear_regression,val,251,101.5,102.35650226969537,0.856502269695369
linear_regression,val,252,100.9,102.19695469754465,1.296954697544649
linear_regression,val,253,100.9,102.03000517636272,1.1300051763627152
linear_regression,val,254,101.5,101.78339479296652,0.2833947929665186
linear_regression,val,255,102.1,101.86773598479725,-0.23226401520274464
linear_regression,val,256,102.1,102.08926777765298,-0.010732222347016318
linear_regression,test,257,102.5,101.89696647093483,-0.603033529065172
linear_regression,test,258,102.7,102.19117010806158,-0.5088298919384187
linear_regression,test,259,102.5,102.64910517645183,0.14910517645182608
linear_regression,test,260,102.8,102.3678660032637,-0.4321339967362974
linear_regression,test,261,102.1,102.24899680629372,0.1489968062937237
linear_regression,test,262,101.6,101.63541343911908,0.03541343911908257
linear_regression,test,263,101.8,101.79288840160717,-0.007111598392825158
linear_regression,test,264,102.1,102.34438318006268,0.2443831800626839
linear_regression,test,265,101.0,102.21809455824969,1.218094558249689
linear_regression,test,266,100.7,101.74589235475817,1.0458923547581662
linear_regression,test,267,100.1,101.35726115036006,1.2572611503600655
linear_regression,test,268,100.2,101.02455010610609,0.8245501061060878
linear_regression,test,269,100.0,101.01464350740454,1.0146435074045428
linear_regression,test,270,99.7,100.88138382603731,1.1813838260373046
linear_regression,test,271,100.1,100.44506426379101,0.3450642637910164
linear_regression,test,272,100.0,100.65359162877387,0.6535916287738672
linear_regression,test,273,99.8,100.95983201715019,1.159832017150194
linear_regression,test,274,99.5,100.71105731135239,1.2110573113523913
linear_regression,test,275,99.7,100.68711995787427,0.9871199578742704
linear_regression,test,276,99.2,100.37284955306176,1.1728495530617522
linear_regression,test,277,100.7,100.77716073796827,0.07716073796827061
linear_regression,test,278,100.1,101.37083056239324,1.2708305623932432
linear_regression,test,279,100.3,101.31992283221769,1.0199228322176879
linear_regression,test,280,100.3,101.24979903671304,0.9497990367130456
linear_regression,test,281,100.2,101.64646870195992,1.4464687019599154
linear_regression,test,282,100.5,101.30561633826517,0.8056163382651675
linear_regression,test,283,100.6,101.59966028676538,0.9996602867653905
linear_regression,test,284,100.4,101.65219520450785,1.2521952045078422
linear_regression,test,285,100.3,101.28010519999748,0.9801051999974817
linear_regression,test,286,100.2,101.98607429502165,1.786074295021649
linear_regression,test,287,100.1,101.46097610801358,1.3609761080135883
linear_regression,test,288,100.5,101.77071459919982,1.2707145991998203
linear_regression,test,289,99.3,101.41841271207211,2.1184127120721143
linear_regression,test,290,99.9,101.04661244541732,1.1466124454173183
linear_regression,test,291,99.9,101.23775713853878,1.3377571385387768
linear_regression,test,292,99.9,101.42853870822275,1.5285387082227402
linear_regression,test,293,100.1,101.12291489360766,1.0229148936076626
linear_regression,test,294,100.0,101.42560254700925,1.4256025470092482
linear_regression,test,295,99.6,101.01976534991469,1.419765349914698
linear_regression,test,296,99.7,100.9935784907684,1.2935784907683967
linear_regression,test,297,100.2,101.37090653812386,1.1709065381238588
linear_regression,test,298,100.7,101.10291321981381,0.40291321981381145
linear_regression,test,299,100.8,101.6628902479721,0.8628902479721035
linear_regression,test,300,100.2,101.49063557115893,1.29063557115893
linear_regression,test,301,101.3,101.59180973946116,0.29180973946115785
linear_regression,test,302,101.0,101.92106558491325,0.9210655849132507
linear_regression,test,303,101.2,101.91733687664448,0.717336876644481
ridge,train,162,102.3,102.00521217571114,-0.29478782428886063
ridge,train,163,102.0,101.7464033048939,-0.25359669510609706
ridge,train,164,101.6,101.6053467719006,0.005346771900605063
ridge,train,165,101.6,101.27097248322373,-0.3290275167762644
ridge,train,166,101.4,101.3232278473086,-0.07677215269140447
ridge,train,167,101.5,101.60392103378061,0.10392103378060824
ridge,train,168,100.8,101.29822571848675,0.4982257184867507
ridge,train,169,101.4,101.51839187127239,0.11839187127237949
ridge,train,170,101.4,101.35674921363959,-0.04325078636041724
ridge,train,171,101.5,101.76492854496904,0.26492854496903817
ridge,train,172,101.2,101.31954935269336,0.11954935269335465
ridge,train,173,101.4,101.37926113958906,-0.02073886041094397
ridge,train,174,101.6,101.29442034119587,-0.3055796588041204
ridge,train,175,102.0,101.58422894080178,-0.4157710591982209
ridge,train,176,101.6,101.94447036115703,0.3444703611570361
ridge,train,177,101.3,101.54781178487319,0.24781178487319266
ridge,train,178,101.5,101.65858368254564,0.1585836825456397
ridge,train,179,101.6,101.72238013080343,0.12238013080343535
ridge,train,180,101.8,102.0404737167228,0.2404737167228035
ridge,train,181,102.3,101.84607317251883,-0.45392682748116897
ridge,train,182,102.3,102.08879964953415,-0.21120035046584462
ridge,train,183,102.3,101.97587712401337,-0.3241228759866317
ridge,train,184,102.0,102.26388725691403,0.2638872569140318
ridge,train,185,101.9,102.0031993926021,0.1031993926020931
ridge,train,186,101.8,101.78416680013666,-0.0158331998633372
ridge,train,187,101.3,101.79176228008491,0.4917622800849131
ridge,train,188,101.9,101.65288202271661,-0.2471179772833949
ridge,train,189,102.1,102.00937314772347,-0.09062685227652878
ridge,train,190,102.3,102.1525163215027,-0.14748367849729505
ridge,train,191,102.1,102.03691237249731,-0.06308762750268215
ridge,train,192,102.5,102.0544659028433,-0.44553409715669545
ridge,train,193,100.8,101.79748381023732,0.9974838102373269
ridge,train,194,100.9,101.28592584459453,0.3859258445945244
ridge,train,195,101.2,101.26018754023464,0.06018754023463657
ridge,train,196,101.5,101.51523174385146,0.015231743851458646
ridge,train,197,101.5,101.54822493346691,0.048224933466912034
ridge,train,198,101.4,101.84810832916453,0.44810832916452625
ridge,train,199,101.8,101.7186184904978,-0.0813815095021937
ridge,train,200,101.6,101.61862911688529,0.01862911688529323
ridge,train,201,101.9,101.87987670288341,-0.020123297116597882
ridge,train,202,101.7,101.3363377261302,-0.36366227386980654
ridge,train,203,101.8,101.5868234013302,-0.2131765986698042
ridge,train,204,101.5,101.3776722578281,-0.12232774217190467
ridge,train,205,102.9,102.08024493767212,-0.8197550623278858
ridge,train,206,102.1,102.46199429134514,0.36199429134514105
ridge,train,207,101.8,102.11406978836001,0.3140697883600154
ridge,train,208,101.8,101.81134128203169,0.011341282031693822
ridge,train,209,101.9,101.984091506318,0.08409150631798923
ridge,train,210,102.1,101.87716829076628,-0.22283170923371642
ridge,train,211,102.3,102.05349614774643,-0.24650385225356786
ridge,val,212,102.5,102.13052539824876,-0.3694746017512358
ridge,val,213,102.5,101.78359961062206,-0.716400389377938
ridge,val,214,102.2,102.44664066013412,0.24664066013411912
ridge,val,215,101.9,101.92962794894525,0.02962794894524734
ridge,val,216,101.7,101.955370733635,0.2553707336349902
ridge,val,217,101.5,101.41663166049986,-0.08336833950014011
ridge,val,218,102.3,101.62488345299492,-0.6751165470050751
ridge,val,219,102.5,102.08006525697083,-0.4199347430291738
ridge,val,220,102.7,102.16404159205794,-0.5359584079420614
ridge,val,221,102.7,102.14294242906116,-0.5570575709388379
ridge,val,222,102.8,102.1926604112296,-0.607339588770401
ridge,val,223,102.8,101.9890611703916,-0.8109388296084035
ridge,val,224,103.0,102.05146927347765,-0.9485307265223497
ridge,val,225,103.8,102.10017573979148,-1.6998242602085156
ridge,val,226,104.5,102.4256283667918,-2.0743716332082016
ridge,val,227,104.5,103.03672334975175,-1.4632766502482468
ridge,val,228,105.4,103.04904649143793,-2.350953508562071
ridge,val,229,105.2,103.55887157373817,-1.6411284262618295
ridge,val,230,104.3,103.21865001178041,-1.0813499882195856
ridge,val,231,103.3,102.79510950741654,-0.5048904925834563
ridge,val,232,102.4,102.50944117302933,0.10944117302932455
ridge,val,233,102.5,101.9815218694185,-0.5184781305814994
ridge,val,234,102.7,102.2575431638499,-0.44245683615010023
ridge,val,235,102.4,102.45551645483737,0.055516454837359674
ridge,val,236,101.7,101.91153842946294,0.21153842946293366
ridge,val,237,100.5,101.61372343297141,1.1137234329714119
ridge,val,238,99.5,100.73184913898353,1.2318491389835344
ridge,val,239,100.2,100.23114500921041,0.031145009210405306
ridge,val,240,99.7,100.15823736463638,0.4582373646363749
ridge,val,241,99.8,99.78450720979973,-0.015492790200269724
ridge,val,242,100.4,100.0502765412979,-0.3497234587021012
ridge,val,243,100.9,100.78780596661014,-0.11219403338986922
ridge,val,244,101.3,100.98143671771903,-0.3185632822809623
ridge,val,245,101.1,101.30077302294893,0.20077302294893684
ridge,val,246,101.0,100.8979926348216,-0.1020073651783946
ridge,val,247,100.8,100.66781301746838,-0.1321869825316213
ridge,val,248,100.7,101.32689365359471,0.6268936535947063
ridge,val,249,101.5,101.44450227285768,-0.05549772714232404
ridge,val,250,102.3,102.21695971007037,-0.08304028992962742
ridge,val,251,101.5,102.35644862899024,0.8564486289902362
ridge,val,252,100.9,102.19712180790178,1.2971218079017746
ridge,val,253,100.9,102.02994964640452,1.129949646404512
ridge,val,254,101.5,101.7833946799646,0.28339467996460144
ridge,val,255,102.1,101.86762364893976,-0.23237635106023902
ridge,val,256,102.1,102.08910334684758,-0.010896653152414615
ridge,test,257,102.5,101.89714021953056,-0.6028597804694442
ridge,test,258,102.7,102.19112792231537,-0.5088720776846287
ridge,test,259,102.5,102.64887438749865,0.14887438749865112
ridge,test,260,102.8,102.36785208695527,-0.4321479130447301
ridge,test,261,102.1,102.24876730261242,0.148767302612427
ridge,test,262,101.6,101.63563660833064,0.0356366083306483
ridge,test,263,101.8,101.79297183658322,-0.0070281634167770335
ridge,test,264,102.1,102.34416568259815,0.24416568259815108
ridge,test,265,101.0,102.21812531150373,1.2181253115037265
ridge,test,266,100.7,101.74592625632889,1.0459262563288831
ridge,test,267,100.1,101.35729468755747,1.2572946875574758
ridge,test,268,100.2,101.02475661266712,0.824756612667116
ridge,test,269,100.0,101.01459521933167,1.0145952193316674
ridge,test,270,99.7,100.88145641927593,1.181456419275932
ridge,test,271,100.1,100.44538731481275,0.3453873148127542
ridge,test,272,100.0,100.65366466299676,0.6536646629967606
ridge,test,273,99.8,100.9599155965203,1.1599155965203067
ridge,test,274,99.5,100.71133218857389,1.2113321885738912
ridge,test,275,99.7,100.68713137096803,0.9871313709680294
ridge,test,276,99.2,100.37321668376967,1.1732166837696667
ridge,test,277,100.7,100.77729589653238,0.07729589653237667
ridge,test,278,100.1,101.37076155865927,1.2707615586592738
ridge,test,279,100.3,101.3202003607076,1.0202003607076051
ridge,test,280,100.3,101.24991050086554,0.949910500865542
ridge,test,281,100.2,101.64641307069027,1.4464130706902694
ridge,test,282,100.5,101.30589582744813,0.8058958274481256
ridge,test,283,100.6,101.59953973107294,0.999539731072943
ridge,test,284,100.4,101.65223394191078,1.2522339419107738
ridge,test,285,100.3,101.2805305340013,0.9805305340013035
ridge,test,286,100.2,101.98577158381299,1.7857715838129877
ridge,test,287,100.1,101.46133561517605,1.3613356151760598
ridge,test,288,100.5,101.77057906865981,1.2705790686598135
ridge,test,289,99.3,101.41846086154531,2.1184608615453158
ridge,test,290,99.9,101.04696627396893,1.1469662739689284
ridge,test,291,99.9,101.23772358188977,1.3377235818897617
ridge,test,292,99.9,101.42858045028922,1.528580450289212
ridge,test,293,100.1,101.12316281580269,1.0231628158026922
ridge,test,294,100.0,101.42546547368507,1.4254654736850654
ridge,test,295,99.6,101.02008800676545,1.4200880067654538
ridge,test,296,99.7,100.9937787432522,1.29377874325219
ridge,test,297,100.2,101.37075646164111,1.1707564616411048
ridge,test,298,100.7,101.10324940259429,0.4032494025942839
ridge,test,299,100.8,101.66271771940941,0.8627177194094173
ridge,test,300,100.2,101.49084301539082,1.29084301539082
ridge,test,301,101.3,101.59197734967785,0.2919773496778504
ridge,test,302,101.0,101.92089104987389,0.9208910498738874
ridge,test,303,101.2,101.91739350975395,0.717393509753947
svr_rbf,train,162,102.3,102.0839593190306,-0.21604068096939955
svr_rbf,train,163,102.0,101.95736916311854,-0.04263083688145741
svr_rbf,train,164,101.6,101.64273836302607,0.04273836302607492
svr_rbf,train,165,101.6,101.557061064097,-0.04293893590299547
svr_rbf,train,166,101.4,101.40458923964069,0.004589239640679921
svr_rbf,train,167,101.5,101.54293075821519,0.0429307582151921
svr_rbf,train,168,100.8,101.37608270755123,0.5760827075512367
svr_rbf,train,169,101.4,101.44081731034315,0.04081731034314373
svr_rbf,train,170,101.4,101.35725433854786,-0.042745661452144645
svr_rbf,train,171,101.5,101.5427551567494,0.042755156749393564
svr_rbf,train,172,101.2,101.34118176960699,0.14118176960698747
svr_rbf,train,173,101.4,101.4425380969448,0.04253809694479571
svr_rbf,train,174,101.6,101.55737484380022,-0.042625156199775915
svr_rbf,train,175,102.0,101.72407009945614,-0.2759299005438578
svr_rbf,train,176,101.6,101.72243122571902,0.12243122571902632
svr_rbf,train,177,101.3,101.62592401621266,0.3259240162126673
svr_rbf,train,178,101.5,101.54286653661231,0.04286653661230844
svr_rbf,train,179,101.6,101.64277414291233,0.04277414291233583
svr_rbf,train,180,101.8,101.84284398218453,0.04284398218453589
svr_rbf,train,181,102.3,101.9014098032425,-0.3985901967574961
svr_rbf,train,182,102.3,102.16229720430728,-0.13770279569271793
svr_rbf,train,183,102.3,102.11939698001598,-0.1806030199840194
svr_rbf,train,184,102.0,102.04258209745142,0.04258209745141528
svr_rbf,train,185,101.9,101.85703436787833,-0.042965632121678254
svr_rbf,train,186,101.8,101.76713092449218,-0.03286907550781848
svr_rbf,train,187,101.3,101.78297949405207,0.4829794940520742
svr_rbf,train,188,101.9,101.85731397286291,-0.04268602713709413
svr_rbf,train,189,102.1,102.06776073457304,-0.0322392654269521
svr_rbf,train,190,102.3,102.25710560073553,-0.04289439926446903
svr_rbf,train,191,102.1,102.14275539285609,0.04275539285609398
svr_rbf,train,192,102.5,102.03512858576379,-0.4648714142362138
svr_rbf,train,193,100.8,101.7271588569017,0.9271588569016984
svr_rbf,train,194,100.9,101.25880048546915,0.3588004854691462
svr_rbf,train,195,101.2,101.2427328872159,0.04273288721589097
svr_rbf,train,196,101.5,101.54275539864109,0.04275539864109135
svr_rbf,train,197,101.5,101.54278090458607,0.04278090458606698
svr_rbf,train,198,101.4,101.44290026105621,0.0429002610562037
svr_rbf,train,199,101.8,101.75745881481228,-0.04254118518771577
svr_rbf,train,200,101.6,101.64291492998379,0.042914929983794536
svr_rbf,train,201,101.9,101.85714830673957,-0.042851693260431034
svr_rbf,train,202,101.7,101.65716587342202,-0.04283412657798635
svr_rbf,train,203,101.8,101.75708008838896,-0.04291991161103681
svr_rbf,train,204,101.5,101.5426350085932,0.04263500859319436
svr_rbf,train,205,102.9,101.90813439653583,-0.9918656034641771
svr_rbf,train,206,102.1,102.0913292390802,-0.008670760919798681
svr_rbf,train,207,101.8,101.89279842086975,0.0927984208697552
svr_rbf,train,208,101.8,101.8139070507781,0.013907050778101393
svr_rbf,train,209,101.9,101.85736135411638,-0.042638645883627646
svr_rbf,train,210,102.1,102.03292869506824,-0.06707130493175839
svr_rbf,train,211,102.3,102.07001363982403,-0.22998636017597107
svr_rbf,val,212,102.5,102.07512502665631,-0.42487497334369095
svr_rbf,val,213,102.5,101.97463137765111,-0.5253686223488927
svr_rbf,val,214,102.2,102.025700401708,-0.17429959829200925
svr_rbf,val,215,101.9,101.8305911609395,-0.06940883906050033
svr_rbf,val,216,101.7,101.70444104059979,0.004441040599786561
svr_rbf,val,217,101.5,101.46349629371136,-0.036503706288641524
svr_rbf,val,218,102.3,101.7058348685357,-0.594165131464294
svr_rbf,val,219,102.5,102.03167297684016,-0.4683270231598442
svr_rbf,val,220,102.7,102.16587518833504,-0.5341248116649666
svr_rbf,val,221,102.7,102.03836267245642,-0.6616373275435876
svr_rbf,val,222,102.8,101.8503474533247,-0.9496525466752956
svr_rbf,val,223,102.8,101.6303378807892,-1.1696621192107983
svr_rbf,val,224,103.0,101.6170899198182,-1.3829100801818015
svr_rbf,val,225,103.8,101.65171745420122,-2.1482825457987786
svr_rbf,val,226,104.5,101.663361207499,-2.836638792501006
svr_rbf,val,227,104.5,101.65418352842835,-2.845816471571652
svr_rbf,val,228,105.4,101.65230333075931,-3.747696669240696
svr_rbf,val,229,105.2,101.65191371525155,-3.5480862847484502
svr_rbf,val,230,104.3,101.65190733019251,-2.6480926698074825
svr_rbf,val,231,103.3,101.65190705868179,-1.648092941318211
svr_rbf,val,232,102.4,101.6519070565542,-0.7480929434458119
svr_rbf,val,233,102.5,101.65190719489848,-0.8480928051015155
svr_rbf,val,234,102.7,101.65190826972619,-1.0480917302738106
svr_rbf,val,235,102.4,101.6519161516101,-0.7480838483899106
svr_rbf,val,236,101.7,101.65196596702363,-0.048034032976374874
svr_rbf,val,237,100.5,101.6521931447033,1.152193144703304
svr_rbf,val,238,99.5,101.65214610978232,2.152146109782322
svr_rbf,val,239,100.2,101.65190490064263,1.4519049006426314
svr_rbf,val,240,99.7,101.65186702354737,1.951867023547365
svr_rbf,val,241,99.8,101.65164927617911,1.851649276179117
svr_rbf,val,242,100.4,101.65062188702333,1.2506218870233283
svr_rbf,val,243,100.9,101.64982643821423,0.7498264382142281
svr_rbf,val,244,101.3,101.65021722677108,0.350217226771079
svr_rbf,val,245,101.1,101.65305922448101,0.553059224481018
svr_rbf,val,246,101.0,101.65310046942797,0.6531004694279687
svr_rbf,val,247,100.8,101.6519487814577,0.8519487814577076
svr_rbf,val,248,100.7,101.64694123394789,0.9469412339478822
svr_rbf,val,249,101.5,101.64533682813985,0.14533682813984683
svr_rbf,val,250,102.3,101.64554742523663,-0.6544525747633685
svr_rbf,val,251,101.5,101.6467582960744,0.1467582960743954
svr_rbf,val,252,100.9,101.64418194053759,0.7441819405375867
svr_rbf,val,253,100.9,101.60331484343429,0.7033148434342849
svr_rbf,val,254,101.5,101.56993183913679,0.06993183913678536
svr_rbf,val,255,102.1,101.63129105382622,-0.468708946173777
svr_rbf,val,256,102.1,101.71454672739796,-0.3854532726020352
svr_rbf,test,257,102.5,101.7898925990205,-0.7101074009794957
svr_rbf,test,258,102.7,101.8932421435695,-0.806757856430508
svr_rbf,test,259,102.5,101.81495971590572,-0.6850402840942849
svr_rbf,test,260,102.8,101.72595968284598,-1.0740403171540152
svr_rbf,test,261,102.1,101.68281793176223,-0.41718206823776427
svr_rbf,test,262,101.6,101.59804678937292,-0.001953210627078761
svr_rbf,test,263,101.8,101.72944164798486,-0.07055835201514071
svr_rbf,test,264,102.1,101.89665676729908,-0.2033432327009166
svr_rbf,test,265,101.0,102.01186452630371,1.011864526303711
svr_rbf,test,266,100.7,101.70656793175016,1.0065679317501548
svr_rbf,test,267,100.1,101.49501214497032,1.3950121449703232
svr_rbf,test,268,100.2,101.54403233701487,1.3440323370148661
svr_rbf,test,269,100.0,101.56996801809602,1.56996801809602
svr_rbf,test,270,99.7,101.60316774731649,1.9031677473164876
svr_rbf,test,271,100.1,101.63831416419714,1.5383141641971463
svr_rbf,test,272,100.0,101.6475319305043,1.6475319305043001
svr_rbf,test,273,99.8,101.65145159748903,1.8514515974890315
svr_rbf,test,274,99.5,101.65187466577747,2.15187466577747
svr_rbf,test,275,99.7,101.65194956305183,1.9519495630518264
svr_rbf,test,276,99.2,101.65194124194932,2.4519412419493136
svr_rbf,test,277,100.7,101.65190830110039,0.9519083011003886
svr_rbf,test,278,100.1,101.65190327094773,1.551903270947733
svr_rbf,test,279,100.3,101.65190229835233,1.3519022983523286
svr_rbf,test,280,100.3,101.65189540659595,1.3518954065959576
svr_rbf,test,281,100.2,101.65189635100776,1.4518963510077612
svr_rbf,test,282,100.5,101.65188443353257,1.1518844335325724
svr_rbf,test,283,100.6,101.65187463274304,1.0518746327430506
svr_rbf,test,284,100.4,101.65174565307089,1.2517456530708841
svr_rbf,test,285,100.3,101.6517000100807,1.3517000100807053
svr_rbf,test,286,100.2,101.65156004006793,1.4515600400679318
svr_rbf,test,287,100.1,101.65142085297666,1.551420852976662
svr_rbf,test,288,100.5,101.65141172451791,1.1514117245179136
svr_rbf,test,289,99.3,101.6504976495245,2.350497649524499
svr_rbf,test,290,99.9,101.65162786743511,1.7516278674351042
svr_rbf,test,291,99.9,101.65175425899642,1.7517542589964137
svr_rbf,test,292,99.9,101.65187078992427,1.7518707899242685
svr_rbf,test,293,100.1,101.65186528569414,1.5518652856941486
svr_rbf,test,294,100.0,101.65187415652063,1.651874156520634
svr_rbf,test,295,99.6,101.65187151037979,2.0518715103797973
svr_rbf,test,296,99.7,101.65190465868866,1.9519046586886617
svr_rbf,test,297,100.2,101.65190065916414,1.4519006591641386
svr_rbf,test,298,100.7,101.65190133327827,0.951901333278272
svr_rbf,test,299,100.8,101.65188566044104,0.8518856604410416
svr_rbf,test,300,100.2,101.65183495088912,1.451834950889122
svr_rbf,test,301,101.3,101.65183037530822,0.35183037530822503
svr_rbf,test,302,101.0,101.6515862107929,0.6515862107928996
svr_rbf,test,303,101.2,101.65107687688663,0.45107687688663134
random_forest,train,162,102.3,101.89888831585088,-0.40111168414911447
random_forest,train,163,102.0,101.86086072508647,-0.13913927491353206
random_forest,train,164,101.6,101.7082250468804,0.10822504688040624
random_forest,train,165,101.6,101.54663246975478,-0.053367530245211015
random_forest,train,166,101.4,101.43148826904803,0.03148826904802604
random_forest,train,167,101.5,101.38511538501777,-0.11488461498223046
random_forest,train,168,100.8,101.28619075518847,0.4861907551884741
random_forest,train,169,101.4,101.49391210407438,0.09391210407437711
random_forest,train,170,101.4,101.4267983753094,0.026798375309397215
random_forest,train,171,101.5,101.56082090268309,0.060820902683090594
random_forest,train,172,101.2,101.35458023305574,0.1545802330557393
random_forest,train,173,101.4,101.38580455768916,-0.014195442310850126
random_forest,train,174,101.6,101.44682086311593,-0.15317913688406293
random_forest,train,175,102.0,101.64856987110088,-0.35143012889912484
random_forest,train,176,101.6,101.77978739674971,0.17978739674971678
random_forest,train,177,101.3,101.74485879662052,0.4448587966205224
random_forest,train,178,101.5,101.78215725451015,0.28215725451015317
random_forest,train,179,101.6,101.7883562596421,0.18835625964210578
random_forest,train,180,101.8,101.87346792151767,0.07346792151767545
random_forest,train,181,102.3,101.98829006187734,-0.3117099381226609
random_forest,train,182,102.3,102.10738759398492,-0.19261240601507268
random_forest,train,183,102.3,102.1078532089542,-0.19214679104580057
random_forest,train,184,102.0,102.0506614777007,0.050661477700700175
random_forest,train,185,101.9,101.92366253954738,0.02366253954737374
random_forest,train,186,101.8,101.83534888253581,0.03534888253581414
random_forest,train,187,101.3,101.55098444924523,0.25098444924523733
random_forest,train,188,101.9,101.73279717555285,-0.16720282444715906
random_forest,train,189,102.1,102.05570039292347,-0.044299607076524694
random_forest,train,190,102.3,102.16068868918607,-0.13931131081392323
random_forest,train,191,102.1,102.08882256726326,-0.011177432736729997
random_forest,train,192,102.5,102.06033389015656,-0.43966610984344356
random_forest,train,193,100.8,101.57861204460018,0.7786120446001803
random_forest,train,194,100.9,101.28665625553066,0.38665625553065297
random_forest,train,195,101.2,101.26890937068194,0.06890937068193637
random_forest,train,196,101.5,101.43026848541324,-0.06973151458676341
random_forest,train,197,101.5,101.47428704442135,-0.025712955578654828
random_forest,train,198,101.4,101.58073651650832,0.18073651650831835
random_forest,train,199,101.8,101.77125131692922,-0.028748683070773495
random_forest,train,200,101.6,101.65114348561968,0.051143485619689955
random_forest,train,201,101.9,101.70062045676246,-0.1993795432375407
random_forest,train,202,101.7,101.63076006170229,-0.06923993829771291
random_forest,train,203,101.8,101.67760058682208,-0.12239941317791647
random_forest,train,204,101.5,101.51542136051862,0.015421360518615757
random_forest,train,205,102.9,102.00810866290571,-0.8918913370942931
random_forest,train,206,102.1,102.04768205000904,-0.052317949990950297
random_forest,train,207,101.8,102.10881296055881,0.3088129605588108
random_forest,train,208,101.8,101.88680758404742,0.0868075840474205
random_forest,train,209,101.9,101.96713396487334,0.06713396487333512
random_forest,train,210,102.1,101.9987946554592,-0.10120534454078722
random_forest,train,211,102.3,102.03581184570359,-0.26418815429640574
random_forest,val,212,102.5,102.05863496135069,-0.44136503864930887
random_forest,val,213,102.5,101.87938627755678,-0.620613722443224
random_forest,val,214,102.2,102.0145992861341,-0.18540071386590284
random_forest,val,215,101.9,101.94459549501778,0.0445954950177736
random_forest,val,216,101.7,101.95924114585247,0.2592411458524708
random_forest,val,217,101.5,101.41552399658298,-0.08447600341702355
random_forest,val,218,102.3,101.42001623719847,-0.8799837628015297
random_forest,val,219,102.5,102.02989728282553,-0.47010271717446983
random_forest,val,220,102.7,102.0842218598939,-0.6157781401061015
random_forest,val,221,102.7,101.90943669522191,-0.7905633047780896
random_forest,val,222,102.8,101.83558059364373,-0.9644194063562708
random_forest,val,223,102.8,101.68284467863288,-1.1171553213671217
random_forest,val,224,103.0,101.66115878674698,-1.3388412132530192
random_forest,val,225,103.8,101.65796153998498,-2.1420384600150157
random_forest,val,226,104.5,101.77764559851909,-2.7223544014809136
random_forest,val,227,104.5,101.84295667241253,-2.6570433275874734
random_forest,val,228,105.4,102.04847736745822,-3.351522632541787
random_forest,val,229,105.2,102.07864843157934,-3.121351568420664
random_forest,val,230,104.3,101.8188925756433,-2.4811074243566935
random_forest,val,231,103.3,101.82667435220011,-1.4733256477998822
random_forest,val,232,102.4,101.82827752680329,-0.571722473196715
random_forest,val,233,102.5,101.82827752680329,-0.6717224731967093
random_forest,val,234,102.7,101.82827752680329,-0.8717224731967121
random_forest,val,235,102.4,101.82827752680329,-0.571722473196715
random_forest,val,236,101.7,101.82827752680329,0.12827752680328786
random_forest,val,237,100.5,101.58258495830654,1.0825849583065406
random_forest,val,238,99.5,101.42335848968008,1.9233584896800835
random_forest,val,239,100.2,101.42316613451345,1.2231661345134484
random_forest,val,240,99.7,101.44061038655771,1.7406103865577052
random_forest,val,241,99.8,101.43794241117558,1.6379424111755867
random_forest,val,242,100.4,101.45093303465883,1.0509330346588257
random_forest,val,243,100.9,101.43882915243708,0.5388291524370743
random_forest,val,244,101.3,101.46418933439321,0.16418933439321393
random_forest,val,245,101.1,101.43932369185877,0.3393236918587803
random_forest,val,246,101.0,101.4427739860091,0.4427739860091009
random_forest,val,247,100.8,101.46174112877918,0.6617411287791839
random_forest,val,248,100.7,101.63698456656053,0.9369845665605254
random_forest,val,249,101.5,101.79429865042361,0.29429865042361314
random_forest,val,250,102.3,101.80308728678726,-0.4969127132127369
random_forest,val,251,101.5,101.98609234273918,0.4860923427391839
random_forest,val,252,100.9,101.87121639384578,0.9712163938457792
random_forest,val,253,100.9,101.80008729973727,0.9000872997372653
random_forest,val,254,101.5,101.81596114163608,0.31596114163608036
random_forest,val,255,102.1,101.80608826451322,-0.2939117354867733
random_forest,val,256,102.1,102.05186819651504,-0.04813180348494939
random_forest,test,257,102.5,102.07838676610908,-0.4216132338909233
random_forest,test,258,102.7,102.06763002354967,-0.6323699764503345
random_forest,test,259,102.5,102.04752675218656,-0.4524732478134439
random_forest,test,260,102.8,101.9809863495337,-0.819013650466303
random_forest,test,261,102.1,102.00777274693257,-0.09222725306742063
random_forest,test,262,101.6,101.66872776912624,0.0687277691262409
random_forest,test,263,101.8,101.88776980614145,0.08776980614145202
random_forest,test,264,102.1,101.99388798142427,-0.10611201857572894
random_forest,test,265,101.0,102.15487120198915,1.1548712019891525
random_forest,test,266,100.7,101.81840765792535,1.1184076579253457
random_forest,test,267,100.1,101.47671160263506,1.3767116026350692
random_forest,test,268,100.2,101.50464206307878,1.3046420630787736
random_forest,test,269,100.0,101.42852983626004,1.42852983626004
random_forest,test,270,99.7,101.40887561870873,1.7088756187087313
random_forest,test,271,100.1,101.4003371135936,1.3003371135935993
random_forest,test,272,100.0,101.40437094308949,1.4043709430894893
random_forest,test,273,99.8,101.53572497247819,1.7357249724781951
random_forest,test,274,99.5,101.60686319136707,2.1068631913670686
random_forest,test,275,99.7,101.57260167301075,1.8726016730107489
random_forest,test,276,99.2,101.5504803205615,2.350480320561502
random_forest,test,277,100.7,101.79340976153472,1.0934097615347156
random_forest,test,278,100.1,101.79340976153472,1.6934097615347241
random_forest,test,279,100.3,101.79340976153472,1.4934097615347213
random_forest,test,280,100.3,101.79340976153472,1.4934097615347213
random_forest,test,281,100.2,101.79340976153472,1.5934097615347156
random_forest,test,282,100.5,101.79340976153472,1.2934097615347184
random_forest,test,283,100.6,101.79340976153472,1.1934097615347241
random_forest,test,284,100.4,101.79340976153472,1.3934097615347127
random_forest,test,285,100.3,101.79340976153472,1.4934097615347213
random_forest,test,286,100.2,101.79340976153472,1.5934097615347156
random_forest,test,287,100.1,101.79340976153472,1.6934097615347241
random_forest,test,288,100.5,101.79340976153472,1.2934097615347184
random_forest,test,289,99.3,101.79340976153472,2.4934097615347213
random_forest,test,290,99.9,101.79340976153472,1.8934097615347127
random_forest,test,291,99.9,101.79340976153472,1.8934097615347127
random_forest,test,292,99.9,101.79340976153472,1.8934097615347127
random_forest,test,293,100.1,101.79340976153472,1.6934097615347241
random_forest,test,294,100.0,101.79340976153472,1.7934097615347184
random_forest,test,295,99.6,101.79340976153472,2.193409761534724
random_forest,test,296,99.7,101.79340976153472,2.0934097615347156
random_forest,test,297,100.2,101.79340976153472,1.5934097615347156
random_forest,test,298,100.7,101.79340976153472,1.0934097615347156
random_forest,test,299,100.8,101.79340976153472,0.9934097615347213
random_forest,test,300,100.2,101.79340976153472,1.5934097615347156
random_forest,test,301,101.3,101.79340976153472,0.49340976153472127
random_forest,test,302,101.0,101.79649745994742,0.7964974599474175
random_forest,test,303,101.2,101.79340976153472,0.5934097615347156
gradient_boosting,train,162,102.3,101.90523284430941,-0.3947671556905874
gradient_boosting,train,163,102.0,101.83847536333191,-0.1615246366680907
gradient_boosting,train,164,101.6,101.6529536200662,0.052953620066205076
gradient_boosting,train,165,101.6,101.5711495924568,-0.028850407543188794
gradient_boosting,train,166,101.4,101.5488474341177,0.14884743411769819
gradient_boosting,train,167,101.5,101.46814266124787,-0.03185733875213259
gradient_boosting,train,168,100.8,101.44584050290877,0.6458405029087686
gradient_boosting,train,169,101.4,101.47261600385188,0.07261600385187705
gradient_boosting,train,170,101.4,101.46814266124787,0.06814266124786172
gradient_boosting,train,171,101.5,101.6628475507094,0.16284755070940093
gradient_boosting,train,172,101.2,101.44584050290877,0.24584050290876291
gradient_boosting,train,173,101.4,101.44584050290877,0.04584050290876007
gradient_boosting,train,174,101.6,101.44584050290877,-0.15415949709122856
gradient_boosting,train,175,102.0,101.65506433658561,-0.34493566341438964
gradient_boosting,train,176,101.6,101.82535635118863,0.22535635118863695
gradient_boosting,train,177,101.3,101.74355232357924,0.44355232357924024
gradient_boosting,train,178,101.5,101.71065430360372,0.21065430360371806
gradient_boosting,train,179,101.6,101.71065430360372,0.11065430360372375
gradient_boosting,train,180,101.8,101.81366123481266,0.013661234812659018
gradient_boosting,train,181,102.3,101.846402900826,-0.45359709917399016
gradient_boosting,train,182,102.3,102.08098700568776,-0.2190129943122372
gradient_boosting,train,183,102.3,102.08098700568776,-0.2190129943122372
gradient_boosting,train,184,102.0,102.08098700568776,0.08098700568775996
gradient_boosting,train,185,101.9,101.89546526242205,-0.004534737577955639
gradient_boosting,train,186,101.8,101.82535635118863,0.025356351188634108
gradient_boosting,train,187,101.3,101.68780600259896,0.38780600259896403
gradient_boosting,train,188,101.9,101.6405453923703,-0.2594546076297064
gradient_boosting,train,189,102.1,101.89546526242205,-0.20453473757794427
gradient_boosting,train,190,102.3,102.10328916402686,-0.19671083597313554
gradient_boosting,train,191,102.1,102.03318025279344,-0.06681974720655148
gradient_boosting,train,192,102.5,102.03318025279344,-0.46681974720655717
gradient_boosting,train,193,100.8,101.81617320499281,1.0161732049928105
gradient_boosting,train,194,100.9,101.34409694304486,0.4440969430448547
gradient_boosting,train,195,101.2,101.34409694304486,0.14409694304485754
gradient_boosting,train,196,101.5,101.55205740537669,0.05205740537668646
gradient_boosting,train,197,101.5,101.55205740537669,0.05205740537668646
gradient_boosting,train,198,101.4,101.6405453923703,0.2405453923702936
gradient_boosting,train,199,101.8,101.73295646194282,-0.06704353805717744
gradient_boosting,train,200,101.6,101.68780600259896,0.08780600259896687
gradient_boosting,train,201,101.9,101.67736649492471,-0.22263350507529367
gradient_boosting,train,202,101.7,101.6306514617271,-0.0693485382729051
gradient_boosting,train,203,101.8,101.68780600259896,-0.11219399740103597
gradient_boosting,train,204,101.5,101.58158910013105,0.08158910013105469
gradient_boosting,train,205,102.9,101.71065430360372,-1.1893456963962876
gradient_boosting,train,206,102.1,102.08098700568776,-0.019012994312234355
gradient_boosting,train,207,101.8,102.08098700568776,0.2809870056877628
gradient_boosting,train,208,101.8,101.846402900826,0.04640290082600984
gradient_boosting,train,209,101.9,101.846402900826,-0.053597099173998686
gradient_boosting,train,210,102.1,101.89546526242205,-0.20453473757794427
gradient_boosting,train,211,102.3,102.01087809445434,-0.289121905545656
gradient_boosting,val,212,102.5,102.01087809445434,-0.4891219055456588
gradient_boosting,val,213,102.5,101.976729106335,-0.5232708936649999
gradient_boosting,val,214,102.2,102.03318025279344,-0.16681974720656
gradient_boosting,val,215,101.9,102.01087809445434,0.1108780944543355
gradient_boosting,val,216,101.7,101.89546526242205,0.1954652624220472
gradient_boosting,val,217,101.5,101.58158910013105,0.08158910013105469
gradient_boosting,val,218,102.3,101.55205740537669,-0.7479425946233107
gradient_boosting,val,219,102.5,102.01087809445434,-0.4891219055456588
gradient_boosting,val,220,102.7,102.03318025279344,-0.66681974720656
gradient_boosting,val,221,102.7,101.94469226579982,-0.755307734200187
gradient_boosting,val,222,102.8,101.94469226579982,-0.8553077342001814
gradient_boosting,val,223,102.8,101.81617320499281,-0.9838267950071895
gradient_boosting,val,224,103.0,101.81617320499281,-1.1838267950071923
gradient_boosting,val,225,103.8,101.81617320499281,-1.9838267950071895
gradient_boosting,val,226,104.5,101.92239010746071,-2.577609892539286
gradient_boosting,val,227,104.5,101.94469226579982,-2.555307734200184
gradient_boosting,val,228,105.4,102.03318025279344,-3.366819747206563
gradient_boosting,val,229,105.2,102.10328916402686,-3.0967108359731412
gradient_boosting,val,230,104.3,101.8928143622062,-2.407185637793802
gradient_boosting,val,231,103.3,101.8928143622062,-1.407185637793802
gradient_boosting,val,232,102.4,101.8928143622062,-0.5071856377938104
gradient_boosting,val,233,102.5,101.8928143622062,-0.6071856377938047
gradient_boosting,val,234,102.7,101.90523284430941,-0.7947671556905931
gradient_boosting,val,235,102.4,101.90523284430941,-0.49476715569059593
gradient_boosting,val,236,101.7,101.90523284430941,0.20523284430940691
gradient_boosting,val,237,100.5,101.67064873944766,1.1706487394476568
gradient_boosting,val,238,99.5,101.43315658236146,1.9331565823614625
gradient_boosting,val,239,100.2,101.43315658236146,1.2331565823614596
gradient_boosting,val,240,99.7,101.37881758348718,1.6788175834871737
gradient_boosting,val,241,99.8,101.36639910138396,1.5663991013839649
gradient_boosting,val,242,100.4,101.36639910138396,0.9663991013839563
gradient_boosting,val,243,100.9,101.36639910138396,0.46639910138395635
gradient_boosting,val,244,101.3,101.36639910138396,0.06639910138396488
gradient_boosting,val,245,101.1,101.44584050290877,0.34584050290877144
gradient_boosting,val,246,101.0,101.44584050290877,0.44584050290876576
gradient_boosting,val,247,100.8,101.34409694304486,0.5440969430448632
gradient_boosting,val,248,100.7,101.5388018325064,0.8388018325063911
gradient_boosting,val,249,101.5,101.60891074373981,0.10891074373981269
gradient_boosting,val,250,102.3,101.71065430360372,-0.5893456963962791
gradient_boosting,val,251,101.5,102.08098700568776,0.58098700568776
gradient_boosting,val,252,100.9,101.71065430360372,0.8106543036037124
gradient_boosting,val,253,100.9,101.60891074373981,0.708910743739807
gradient_boosting,val,254,101.5,101.60891074373981,0.10891074373981269
gradient_boosting,val,255,102.1,101.71065430360372,-0.38934569639627625
gradient_boosting,val,256,102.1,102.08098700568776,-0.019012994312234355
gradient_boosting,test,257,102.5,102.08098700568776,-0.41901299431224004
gradient_boosting,test,258,102.7,102.08098700568776,-0.6190129943122429
gradient_boosting,test,259,102.5,102.10328916402686,-0.3967108359731384
gradient_boosting,test,260,102.8,102.08098700568776,-0.7190129943122372
gradient_boosting,test,261,102.1,102.08098700568776,-0.019012994312234355
gradient_boosting,test,262,101.6,101.81617320499281,0.21617320499281334
gradient_boosting,test,263,101.8,101.81366123481266,0.013661234812659018
gradient_boosting,test,264,102.1,101.846402900826,-0.2535970991739873
gradient_boosting,test,265,101.0,102.08098700568776,1.08098700568776
gradient_boosting,test,266,100.7,101.63121290207891,0.9312129020789115
gradient_boosting,test,267,100.1,101.47261600385188,1.3726160038518884
gradient_boosting,test,268,100.2,101.52695500272617,1.3269550027261658
gradient_boosting,test,269,100.0,101.36639910138396,1.366399101383962
gradient_boosting,test,270,99.7,101.34409694304486,1.6440969430448575
gradient_boosting,test,271,100.1,101.34409694304486,1.244096943044866
gradient_boosting,test,272,100.0,101.34409694304486,1.3440969430448604
gradient_boosting,test,273,99.8,101.45031384551278,1.650313845512784
gradient_boosting,test,274,99.5,101.5388018325064,2.038801832506394
gradient_boosting,test,275,99.7,101.5388018325064,1.838801832506391
gradient_boosting,test,276,99.2,101.45031384551278,2.2503138455127782
gradient_boosting,test,277,100.7,101.60891074373981,0.9089107437398098
gradient_boosting,test,278,100.1,101.60891074373981,1.5089107437398184
gradient_boosting,test,279,100.3,101.60891074373981,1.3089107437398155
gradient_boosting,test,280,100.3,101.60891074373981,1.3089107437398155
gradient_boosting,test,281,100.2,101.60891074373981,1.4089107437398098
gradient_boosting,test,282,100.5,101.60891074373981,1.1089107437398127
gradient_boosting,test,283,100.6,101.60891074373981,1.0089107437398184
gradient_boosting,test,284,100.4,101.60891074373981,1.208910743739807
gradient_boosting,test,285,100.3,101.60891074373981,1.3089107437398155
gradient_boosting,test,286,100.2,101.60891074373981,1.4089107437398098
gradient_boosting,test,287,100.1,101.60891074373981,1.5089107437398184
gradient_boosting,test,288,100.5,101.60891074373981,1.1089107437398127
gradient_boosting,test,289,99.3,101.60891074373981,2.3089107437398155
gradient_boosting,test,290,99.9,101.60891074373981,1.708910743739807
gradient_boosting,test,291,99.9,101.60891074373981,1.708910743739807
gradient_boosting,test,292,99.9,101.60891074373981,1.708910743739807
gradient_boosting,test,293,100.1,101.60891074373981,1.5089107437398184
gradient_boosting,test,294,100.0,101.60891074373981,1.6089107437398127
gradient_boosting,test,295,99.6,101.60891074373981,2.0089107437398184
gradient_boosting,test,296,99.7,101.60891074373981,1.9089107437398098
gradient_boosting,test,297,100.2,101.60891074373981,1.4089107437398098
gradient_boosting,test,298,100.7,101.60891074373981,0.9089107437398098
gradient_boosting,test,299,100.8,101.60891074373981,0.8089107437398155
gradient_boosting,test,300,100.2,101.60891074373981,1.4089107437398098
gradient_boosting,test,301,101.3,101.60891074373981,0.30891074373981553
gradient_boosting,test,302,101.0,101.71065430360372,0.7106543036037181
gradient_boosting,test,303,101.2,101.60891074373981,0.40891074373980985
