sample_i_id,sample_j_id,x_i_start_date,x_i_end_date,target_i_date,x_j_start_date,x_j_end_date,target_j_date,cpi_i,cpi_j,delta_cpi,window_distance,shape_distance,level_distance,shape_distance_normalized,level_distance_normalized,hybrid_distance,delta_bin,selection_method,delta_cpi_predicted,cpi_pred_pair,delta_error
174,162,2014-07,2015-06,2015-07,2013-07,2014-06,2014-07,101.6,102.3,-0.7,1.254134,1.254134,3.079758133485673,0.8471033713678583,2.543700966280351,1.6954021688241048,small,closed50_delta_stratified_train_gap1_hybrid_metadata,-0.630826979127435,101.66917302087256,0.06917302087256494
175,163,2014-08,2015-07,2015-08,2013-08,2014-07,2014-08,102.0,102.0,0.0,1.300708,1.300708,2.9936996007131564,0.8785617262311237,2.472621627097842,1.6755916766644827,medium,closed50_delta_stratified_train_gap1_hybrid_metadata,-0.24911268014891141,101.75088731985109,-0.24911268014891141
175,162,2014-08,2015-07,2015-08,2013-07,2014-06,2014-07,102.0,102.3,-0.3,1.194128,1.194128,3.0734360822820515,0.8065723875158141,2.538479319950181,1.6725258537329977,small,closed50_delta_stratified_train_gap1_hybrid_metadata,-0.3733137561300367,101.92668624386997,-0.07331375613003671
176,164,2014-09,2015-08,2015-09,2013-09,2014-08,2014-09,101.6,101.6,0.0,1.479653,1.479653,2.631258698203577,0.9994299211683645,2.173266536868829,1.5863482290185966,medium,closed50_delta_stratified_train_gap1_hybrid_metadata,0.2536323588875249,101.85363235888752,0.2536323588875249
176,162,2014-09,2015-08,2015-09,2013-07,2014-06,2014-07,101.6,102.3,-0.7,1.594687,1.594687,2.889868953506733,1.0771295044839673,2.3868635557880116,1.7319965301359894,small,closed50_delta_stratified_train_gap1_hybrid_metadata,-0.10790467445029395,102.1920953255497,0.592095325549706
176,163,2014-09,2015-08,2015-09,2013-08,2014-07,2014-08,101.6,102.0,-0.4,1.329993,1.329993,2.804918985617761,0.898342245880944,2.3166998266772145,1.6075210362790793,small,closed50_delta_stratified_train_gap1_hybrid_metadata,0.01629640153083131,102.01629640153084,0.41629640153083136
177,162,2014-10,2015-09,2015-10,2013-07,2014-06,2014-07,101.3,102.3,-1.0,1.633141,1.633141,3.0734360822820856,1.1031032146637245,2.5384793199502096,1.820791267306967,small,closed50_delta_stratified_train_gap1_hybrid_metadata,-0.3996896065703389,101.90031039342966,0.6003103934296611
177,163,2014-10,2015-09,2015-10,2013-08,2014-07,2014-08,101.3,102.0,-0.7,1.622259,1.622259,2.99369960071319,1.0957529802492,2.4726216270978694,1.7841873036735347,small,closed50_delta_stratified_train_gap1_hybrid_metadata,-0.27548853058921363,101.72451146941079,0.4245114694107863
178,166,2014-11,2015-10,2015-11,2013-11,2014-10,2014-11,101.5,101.4,0.1,1.624676,1.624676,2.087223469424478,1.0973855401260524,1.7239251025238893,1.4106553213249708,medium,closed50_delta_stratified_train_gap1_hybrid_metadata,0.29174676983027326,101.69174676983027,0.19174676983027325
178,163,2014-11,2015-10,2015-11,2013-08,2014-07,2014-08,101.5,102.0,-0.5,1.630238,1.630238,3.2740450502859018,1.101142386644485,2.704170651424433,1.9026565190344589,small,closed50_delta_stratified_train_gap1_hybrid_metadata,-0.21753696462385097,101.78246303537615,0.28246303537614903
178,165,2014-11,2015-10,2015-11,2013-10,2014-09,2014-10,101.5,101.6,-0.1,1.38523,1.38523,2.4237990411063053,0.9356520141547061,2.001916934935884,1.468784474545295,small,closed50_delta_stratified_train_gap1_hybrid_metadata,0.21700198420512146,101.81700198420512,0.3170019842051215
179,164,2014-12,2015-11,2015-12,2013-09,2014-08,2014-09,101.6,101.6,0.0,1.632945,1.632945,2.79938394483742,1.1029708266886054,2.312128205150098,1.707549515919352,medium,closed50_delta_stratified_train_gap1_hybrid_metadata,0.007253705848122599,101.60725370584812,0.007253705848122599
179,165,2014-12,2015-11,2015-12,2013-10,2014-09,2014-10,101.6,101.6,0.0,1.599493,1.599493,2.3566920046289943,1.0803757116697974,1.946490428654253,1.513433070162025,medium,closed50_delta_stratified_train_gap1_hybrid_metadata,0.20445669732040164,101.80445669732039,0.20445669732040164
179,162,2014-12,2015-11,2015-12,2013-07,2014-06,2014-07,101.6,102.3,-0.7,1.585238,1.585238,3.178675417082285,1.0707471882752886,2.6254008852222808,1.8480740367487847,small,closed50_delta_stratified_train_gap1_hybrid_metadata,-0.35428332748969615,101.9457166725103,0.3457166725103038
179,163,2014-12,2015-11,2015-12,2013-08,2014-07,2014-08,101.6,102.0,-0.4,1.797179,1.797179,3.10044556598525,1.2139024935545295,2.5607875814488854,1.8873450375017073,small,closed50_delta_stratified_train_gap1_hybrid_metadata,-0.23008225150857092,101.76991774849142,0.1699177484914291
180,168,2015-01,2015-12,2016-01,2014-01,2014-12,2015-01,101.8,100.8,1.0,1.69602,1.69602,1.4330482563851104,1.1455747630694288,1.1836144516866602,1.1645946073780444,large,closed50_delta_stratified_train_gap1_hybrid_metadata,0.8629313761884227,101.66293137618842,-0.13706862381157725
180,164,2015-01,2015-12,2016-01,2013-09,2014-08,2014-09,101.8,101.6,0.2,1.809094,1.809094,2.7341094677898186,1.2219504666338399,2.2582152862964655,1.7400828764651526,medium,closed50_delta_stratified_train_gap1_hybrid_metadata,0.383773866015655,101.98377386601565,0.18377386601565499
180,166,2015-01,2015-12,2016-01,2013-11,2014-10,2014-11,101.8,101.4,0.4,1.6916,1.6916,1.9842278707764585,1.142589279140721,1.6388567327207484,1.3907230059307347,medium,closed50_delta_stratified_train_gap1_hybrid_metadata,0.6557216431130858,102.05572164311309,0.25572164311308576
180,162,2015-01,2015-12,2016-01,2013-07,2014-06,2014-07,101.8,102.3,-0.5,1.647311,1.647311,3.0934249937876084,1.112674324905758,2.5549889974338575,1.8338316611698078,small,closed50_delta_stratified_train_gap1_hybrid_metadata,0.022236832677836216,102.32223683267783,0.5222368326778362
180,163,2015-01,2015-12,2016-01,2013-08,2014-07,2014-08,101.8,102.0,-0.2,1.605184,1.605184,3.0135999761324452,1.0842196910902218,2.48905817892735,1.786638935008786,small,closed50_delta_stratified_train_gap1_hybrid_metadata,0.14643790865896147,102.14643790865897,0.3464379086589615
181,165,2015-02,2016-01,2016-02,2013-10,2014-09,2014-10,102.3,101.6,0.7,1.789157,1.789157,2.139372692540488,1.2084840428585808,1.7669973255626603,1.4877406842106207,large,closed50_delta_stratified_train_gap1_hybrid_metadata,0.27246326943320015,101.8724632694332,-0.4275367305667998
181,166,2015-02,2016-01,2016-02,2013-11,2014-10,2014-11,102.3,101.4,0.9,1.556699,1.556699,1.7992329099748625,1.0514705534695443,1.4860616624093594,1.2687661079394519,large,closed50_delta_stratified_train_gap1_hybrid_metadata,0.34720805505835195,101.74720805505835,-0.5527919449416481
181,162,2015-02,2016-01,2016-02,2013-07,2014-06,2014-07,102.3,102.3,0.0,1.670569,1.670569,2.7787865351858376,1.128383914320664,2.2951159436143835,1.7117499289675238,medium,closed50_delta_stratified_train_gap1_hybrid_metadata,-0.2862767553768977,102.0137232446231,-0.2862767553768977
181,163,2015-02,2016-01,2016-02,2013-08,2014-07,2014-08,102.3,102.0,0.3,1.686708,1.686708,2.69654862127466,1.1392849833535632,2.2271922132388484,1.6832385982962057,medium,closed50_delta_stratified_train_gap1_hybrid_metadata,-0.1620756793957724,101.83792432060423,-0.4620756793957724
182,167,2015-03,2016-02,2016-03,2013-12,2014-11,2014-12,102.3,101.5,0.8,1.70913,1.70913,1.9308088292920258,1.1544298975276546,1.5947357136172353,1.374582805572445,large,closed50_delta_stratified_train_gap1_hybrid_metadata,0.4717536231356021,101.9717536231356,-0.32824637686439795
182,169,2015-03,2016-02,2016-03,2014-02,2015-01,2015-02,102.3,101.4,0.9,1.689557,1.689557,2.564400426696484,1.1412093371347596,2.1180454959736648,1.6296274165542122,large,closed50_delta_stratified_train_gap1_hybrid_metadata,0.47406023302252737,101.87406023302253,-0.42593976697747266
182,163,2015-03,2016-02,2016-03,2013-08,2014-07,2014-08,102.3,102.0,0.3,1.661623,1.661623,2.372446367232708,1.1223413488848677,1.9595026152095787,1.540921982047223,medium,closed50_delta_stratified_train_gap1_hybrid_metadata,0.14327299446059527,102.1432729944606,-0.15672700553940472
182,162,2015-03,2016-02,2016-03,2013-07,2014-06,2014-07,102.3,102.3,0.0,1.606801,1.606801,2.4587171442230225,1.085311891884955,2.0307572557626825,1.5580345738238188,medium,closed50_delta_stratified_train_gap1_hybrid_metadata,0.019071918479469985,102.31907191847947,0.019071918479469985
183,164,2015-04,2016-03,2016-04,2013-09,2014-08,2014-09,102.3,101.6,0.7,1.719577,1.719577,2.108178853551338,1.1614863116912766,1.7412330301409003,1.4513596709160885,large,closed50_delta_stratified_train_gap1_hybrid_metadata,0.4433573056509448,102.04335730565094,-0.2566426943490552
183,168,2015-04,2016-03,2016-04,2014-01,2014-12,2015-01,102.3,100.8,1.5,1.753649,1.753649,1.5566520940326056,1.1845002049987268,1.2857040274365723,1.2351021162176496,large,closed50_delta_stratified_train_gap1_hybrid_metadata,0.9225148158237126,101.72251481582371,-0.5774851841762874
183,163,2015-04,2016-03,2016-04,2013-08,2014-07,2014-08,102.3,102.0,0.3,1.622532,1.622532,2.1783371190046017,1.0959373777859733,1.7991796739651789,1.447558525875576,medium,closed50_delta_stratified_train_gap1_hybrid_metadata,0.20602134829425134,102.20602134829426,-0.09397865170574865
183,162,2015-04,2016-03,2016-04,2013-07,2014-06,2014-07,102.3,102.3,0.0,1.519673,1.519673,2.264607895994916,1.0264613842513697,1.8704343145182825,1.448447849384826,medium,closed50_delta_stratified_train_gap1_hybrid_metadata,0.08182027231312596,102.38182027231312,0.08182027231312596
184,168,2015-05,2016-04,2016-05,2014-01,2014-12,2015-01,102.0,100.8,1.2,1.927187,1.927187,1.473131272199073,1.3017162479896953,1.2167206897866016,1.2592184688881485,large,closed50_delta_stratified_train_gap1_hybrid_metadata,1.0240439724488422,101.82404397244883,-0.1759560275511578
184,169,2015-05,2016-04,2016-05,2014-02,2015-01,2015-02,102.0,101.4,0.6,1.814751,1.814751,2.4972211786987533,1.2257714807932742,2.0625593471791137,1.6441654139861939,large,closed50_delta_stratified_train_gap1_hybrid_metadata,0.6383377434813127,102.03833774348132,0.03833774348131269
184,164,2015-05,2016-04,2016-05,2013-09,2014-08,2014-09,102.0,101.6,0.4,1.679205,1.679205,1.9409114366639555,1.1342170906121392,1.603079879301715,1.368648484956927,medium,closed50_delta_stratified_train_gap1_hybrid_metadata,0.5448864622760742,102.14488646227606,0.14488646227607416
184,167,2015-05,2016-04,2016-05,2013-12,2014-11,2014-12,102.0,101.5,0.5,1.909124,1.909124,1.7207454584274624,1.2895156153643,1.4212355956571496,1.3553756055107247,medium,closed50_delta_stratified_train_gap1_hybrid_metadata,0.6360311335943876,102.13603113359439,0.13603113359438757
184,162,2015-05,2016-04,2016-05,2013-07,2014-06,2014-07,102.0,102.3,-0.3,1.615792,1.615792,2.092066342014361,1.0913848525191203,1.7279250334121359,1.409654942965628,small,closed50_delta_stratified_train_gap1_hybrid_metadata,0.18334942893825537,102.48334942893825,0.4833494289382554
185,168,2015-06,2016-05,2016-06,2014-01,2014-12,2015-01,101.9,100.8,1.1,1.89209,1.89209,0.9535758020526407,1.2780100196082802,0.7875981112703657,1.032804065439323,large,closed50_delta_stratified_train_gap1_hybrid_metadata,0.7003486879223224,101.50034868792233,-0.3996513120776777
185,172,2015-06,2016-05,2016-06,2014-05,2015-04,2015-05,101.9,101.2,0.7,1.747713,1.747713,0.880533454750673,1.1804907406094036,0.7272693837020374,0.9538800621557205,large,closed50_delta_stratified_train_gap1_hybrid_metadata,0.5261217516223193,101.72612175162232,-0.17387824837768062
185,173,2015-06,2016-05,2016-06,2014-06,2015-05,2015-06,101.9,101.4,0.5,1.636546,1.636546,1.4458812038749935,1.1054031180069936,1.1942137193938602,1.149808418700427,medium,closed50_delta_stratified_train_gap1_hybrid_metadata,0.41381700491395756,101.81381700491396,-0.08618299508604244
185,166,2015-06,2016-05,2016-06,2013-11,2014-10,2014-11,101.9,101.4,0.5,1.716379,1.716379,1.2286610093811206,1.159326226260506,1.0148024816664671,1.0870643539634866,medium,closed50_delta_stratified_train_gap1_hybrid_metadata,0.49313895484698544,101.89313895484699,-0.0068610451530145555
185,163,2015-06,2016-05,2016-06,2013-08,2014-07,2014-08,101.9,102.0,-0.1,1.615811,1.615811,1.8992420317797958,1.0913976860473207,1.5686633761628144,1.3300305311050675,small,closed50_delta_stratified_train_gap1_hybrid_metadata,-0.016144779607138893,101.98385522039285,0.08385522039286111
185,162,2015-06,2016-05,2016-06,2013-07,2014-06,2014-07,101.9,102.3,-0.4,1.726193,1.726193,1.9826435479299411,1.1659550813004012,1.6375481742622877,1.4017516277813444,small,closed50_delta_stratified_train_gap1_hybrid_metadata,-0.14034585558826412,102.15965414441173,0.2596541444117359
186,168,2015-07,2016-06,2016-07,2014-01,2014-12,2015-01,101.8,100.8,1.0,1.768649,1.768649,0.7565048077393461,1.1946319377884589,0.6248289401428925,0.9097304389656757,large,closed50_delta_stratified_train_gap1_hybrid_metadata,0.5398123377839291,101.33981233778393,-0.4601876622160709
186,172,2015-07,2016-06,2016-07,2014-05,2015-04,2015-05,101.8,101.2,0.6,1.769976,1.769976,0.7783260470163226,1.195528258415924,0.6428520137183025,0.9191901360671132,large,closed50_delta_stratified_train_gap1_hybrid_metadata,0.36558540148392593,101.56558540148393,-0.23441459851607405
186,174,2015-07,2016-06,2016-07,2014-07,2015-06,2015-07,101.8,101.6,0.2,1.547472,1.547472,1.2108302259783823,1.0452381869061538,1.000075292385617,1.0226567396458854,medium,closed50_delta_stratified_train_gap1_hybrid_metadata,0.31194490783962353,101.91194490783961,0.11194490783962352
186,167,2015-07,2016-06,2016-07,2013-12,2014-11,2014-12,101.8,101.5,0.3,1.62438,1.62438,1.0115692471964859,1.0971856072656683,0.8354973215513252,0.9663414644084967,medium,closed50_delta_stratified_train_gap1_hybrid_metadata,0.15179949892947467,101.65179949892948,-0.14820050107052532
186,162,2015-07,2016-06,2016-07,2013-07,2014-06,2014-07,101.8,102.3,-0.5,1.928923,1.928923,1.9287493418891781,1.3028888271978938,1.5930346968913742,1.447961762044634,small,closed50_delta_stratified_train_gap1_hybrid_metadata,-0.30088220572665764,101.99911779427335,0.19911779427334236
186,163,2015-07,2016-06,2016-07,2013-08,2014-07,2014-08,101.8,102.0,-0.2,1.723137,1.723137,1.8479517034746995,1.1638909096067063,1.5263005502473757,1.345095729927041,small,closed50_delta_stratified_train_gap1_hybrid_metadata,-0.17668112974553224,101.82331887025447,0.02331887025446777
187,168,2015-08,2016-07,2016-08,2014-01,2014-12,2015-01,101.3,100.8,0.5,1.561304,1.561304,0.5924206691045462,1.0545809954359922,0.48930499186315285,0.7719429936495725,medium,closed50_delta_stratified_train_gap1_hybrid_metadata,0.6048076646072404,101.40480766460723,0.10480766460724045
187,172,2015-08,2016-07,2016-08,2014-05,2015-04,2015-05,101.3,101.2,0.1,1.80281,1.80281,0.6718913477461167,1.217705946043795,0.5549431469681205,0.8863245465059577,medium,closed50_delta_stratified_train_gap1_hybrid_metadata,0.43058072830723726,101.63058072830724,0.3305807283072373
187,175,2015-08,2016-07,2016-08,2014-08,2015-07,2015-08,101.3,102.0,-0.7,1.461725,1.461725,1.1279983449610158,0.9873204741380766,0.9316609797511947,0.9594907269446356,small,closed50_delta_stratified_train_gap1_hybrid_metadata,0.20136240360802599,102.20136240360803,0.9013624036080259
187,173,2015-08,2016-07,2016-08,2014-06,2015-05,2015-06,101.3,101.4,-0.1,1.73029,1.73029,1.2340710466294569,1.1687223952497034,1.0192708575517613,1.0939966264007324,small,closed50_delta_stratified_train_gap1_hybrid_metadata,0.3182759815988755,101.71827598159888,0.41827598159887547
188,172,2015-09,2016-08,2016-09,2014-05,2015-04,2015-05,101.9,101.2,0.7,1.768816,1.768816,0.44792756516410004,1.1947447377468512,0.3699620979787654,0.7823534178628083,large,closed50_delta_stratified_train_gap1_hybrid_metadata,0.43237141290557546,101.63237141290558,-0.2676285870944245
188,168,2015-09,2016-08,2016-09,2014-01,2014-12,2015-01,101.9,100.8,1.1,1.300881,1.300881,0.5784520282261647,0.878678578882632,0.4777677075181167,0.6782231432003744,large,closed50_delta_stratified_train_gap1_hybrid_metadata,0.6065983492055786,101.40659834920558,-0.49340165079442144
188,169,2015-09,2016-08,2016-09,2014-02,2015-01,2015-02,101.9,101.4,0.5,1.347312,1.347312,0.834143797869033,0.9100403445599687,0.6889542271472961,0.7994972858536324,medium,closed50_delta_stratified_train_gap1_hybrid_metadata,0.22089212023804938,101.62089212023805,-0.2791078797619506
188,174,2015-09,2016-08,2016-09,2014-07,2015-06,2015-07,101.9,101.6,0.3,1.763127,1.763127,0.7938646443499314,1.1909021092241323,0.6556859907187649,0.9232940499714486,medium,closed50_delta_stratified_train_gap1_hybrid_metadata,0.378730919261273,101.97873091926127,0.07873091926127301
188,175,2015-09,2016-08,2016-09,2014-08,2015-07,2015-08,101.9,102.0,-0.1,1.792145,1.792145,1.0518511852333128,1.2105022840302953,0.8687678578294294,1.0396350709298623,small,closed50_delta_stratified_train_gap1_hybrid_metadata,0.20315308820636424,102.20315308820636,0.3031530882063642
188,162,2015-09,2016-08,2016-09,2013-07,2014-06,2014-07,101.9,102.3,-0.4,1.66794,1.66794,2.534017042257984,1.1266081592870503,2.0929505888396402,1.6097793740633453,small,closed50_delta_stratified_train_gap1_hybrid_metadata,-0.23409619430500805,102.06590380569499,0.16590380569499197
189,172,2015-10,2016-09,2016-10,2014-05,2015-04,2015-05,102.1,101.2,0.9,1.725569,1.725569,0.7565048077393461,1.1655336012163482,0.6248289401428925,0.8951812706796203,large,closed50_delta_stratified_train_gap1_hybrid_metadata,0.6340825847760233,101.83408258477603,-0.2659174152239767
189,170,2015-10,2016-09,2016-10,2014-03,2015-02,2015-03,102.1,101.4,0.7,1.346303,1.346303,0.8316305589665125,0.9093588166676461,0.686878438092524,0.7981186273800851,large,closed50_delta_stratified_train_gap1_hybrid_metadata,0.7652437772479264,102.16524377724794,0.0652437772479264
189,164,2015-10,2016-09,2016-10,2013-09,2014-08,2014-09,102.1,101.6,0.5,1.767028,1.767028,1.6474714635011918,1.1935370351983152,1.3607155406337952,1.2771262879160552,medium,closed50_delta_stratified_train_gap1_hybrid_metadata,0.3291520109032585,101.92915201090325,-0.17084798909674148
189,174,2015-10,2016-09,2016-10,2014-07,2015-06,2015-07,102.1,101.6,0.5,1.780173,1.780173,1.179696302663415,1.2024158103663838,0.9743604838234436,1.0883881470949137,medium,closed50_delta_stratified_train_gap1_hybrid_metadata,0.5804420911317207,102.18044209113171,0.08044209113172074
189,162,2015-10,2016-09,2016-10,2013-07,2014-06,2014-07,102.1,102.3,-0.2,1.47707,1.47707,1.9693222874357914,0.9976852367819726,1.6265455884349749,1.3121154126084738,small,closed50_delta_stratified_train_gap1_hybrid_metadata,-0.03238502243456026,102.26761497756544,0.16761497756543975
190,164,2015-11,2016-10,2016-11,2013-09,2014-08,2014-09,102.3,101.6,0.7,1.694246,1.694246,1.4759036695361547,1.1443765168048297,1.2190105286244541,1.181693522714642,large,closed50_delta_stratified_train_gap1_hybrid_metadata,0.3163736457628546,101.91637364576285,-0.38362635423714536
190,171,2015-11,2016-10,2016-11,2014-04,2015-03,2015-04,102.3,101.5,0.8,1.207636,1.207636,1.2514419204736849,0.815696350617394,1.0336181883055198,0.9246572694614569,large,closed50_delta_stratified_train_gap1_hybrid_metadata,0.2174822724603345,101.71748227246033,-0.5825177275396656
190,163,2015-11,2016-10,2016-11,2013-08,2014-07,2014-08,102.3,102.0,0.3,1.465189,1.465189,1.629942514710596,0.9896602289636521,1.346237649174815,1.1679489390692335,medium,closed50_delta_stratified_train_gap1_hybrid_metadata,0.07903768840616106,102.07903768840616,-0.22096231159383894
190,175,2015-11,2016-10,2016-11,2014-08,2015-07,2015-08,102.3,102.0,0.3,1.654273,1.654273,1.4284919140692736,1.1173767998178992,1.1798511781277785,1.1486139889728388,medium,closed50_delta_stratified_train_gap1_hybrid_metadata,0.392085894936408,102.39208589493641,0.09208589493640801
191,168,2015-12,2016-11,2016-12,2014-01,2014-12,2015-01,102.1,100.8,1.3,1.370219,1.370219,1.3250106952044602,0.925512851427595,1.0943817142902479,1.0099472828589215,large,closed50_delta_stratified_train_gap1_hybrid_metadata,0.9179217845238519,101.71792178452385,-0.3820782154761482
191,171,2015-12,2016-11,2016-12,2014-04,2015-03,2015-04,102.1,101.5,0.6,1.21853,1.21853,1.6233758431395104,0.82305469041815,1.3408139606588239,1.081934325538487,large,closed50_delta_stratified_train_gap1_hybrid_metadata,0.3398729010485639,101.83987290104857,-0.2601270989514361
191,175,2015-12,2016-11,2016-12,2014-08,2015-07,2015-08,102.1,102.0,0.1,1.525163,1.525163,1.7689156968169388,1.0301695984524117,1.4610214089017064,1.245595503677059,medium,closed50_delta_stratified_train_gap1_hybrid_metadata,0.5144765235246375,102.51447652352464,0.4144765235246375
191,165,2015-12,2016-11,2016-12,2013-10,2014-09,2014-10,102.1,101.6,0.5,1.688563,1.688563,1.510935741815462,1.1405379409752265,1.2479449813461752,1.1942414611607008,medium,closed50_delta_stratified_train_gap1_hybrid_metadata,0.635967265823363,102.23596726582336,0.13596726582336305
191,162,2015-12,2016-11,2016-12,2013-07,2014-06,2014-07,102.1,102.3,-0.2,1.058107,1.058107,1.5097385973299684,0.7146971591296706,1.2469562096788753,0.980826684404273,small,closed50_delta_stratified_train_gap1_hybrid_metadata,0.07722724101326517,102.37722724101326,0.2772272410132652
192,171,2016-01,2016-12,2017-01,2014-04,2015-03,2015-04,102.5,101.5,1.0,1.099018,1.099018,1.3823148945771875,0.742330447140386,1.1417116476806182,0.9420210474105021,large,closed50_delta_stratified_train_gap1_hybrid_metadata,0.26110098411280847,101.76110098411282,-0.7388990158871915
192,173,2016-01,2016-12,2017-01,2014-06,2015-05,2015-06,102.5,101.4,1.1,0.991271,0.991271,1.8511065699441853,0.6695528596140351,1.528906286327642,1.0992295729708386,large,closed50_delta_stratified_train_gap1_hybrid_metadata,0.5526181845797314,101.95261818457973,-0.5473818154202686
192,175,2016-01,2016-12,2017-01,2014-08,2015-07,2015-08,102.5,102.0,0.5,1.379125,1.379125,1.6650208341227333,0.9315283989092852,1.3752102993365194,1.1533693491229022,medium,closed50_delta_stratified_train_gap1_hybrid_metadata,0.435704606588882,102.43570460658889,-0.06429539341111801
192,162,2016-01,2016-12,2017-01,2013-07,2014-06,2014-07,102.5,102.3,0.2,1.025601,1.025601,1.4404133579914378,0.6927410187254686,1.1896975969405261,0.9412193078329973,medium,closed50_delta_stratified_train_gap1_hybrid_metadata,-0.001544675922490274,102.29845532407751,-0.20154467592249029
193,168,2016-02,2017-01,2017-02,2014-01,2014-12,2015-01,100.8,100.8,0.0,1.648971,1.648971,1.6656366226838006,1.113795570001155,1.3757189048470562,1.2447572374241056,medium,closed50_delta_stratified_train_gap1_hybrid_metadata,0.5557892805083309,101.35578928050833,0.5557892805083309
193,176,2016-02,2017-01,2017-02,2014-09,2015-08,2015-09,100.8,101.6,-0.8,1.063653,1.063653,1.7976130458367396,0.7184431984664609,1.4847237489126517,1.1015834736895562,small,closed50_delta_stratified_train_gap1_hybrid_metadata,-0.0782039347501492,101.52179606524984,0.7217960652498508
193,165,2016-02,2017-01,2017-02,2013-10,2014-09,2014-10,100.8,101.6,-0.8,1.19325,1.19325,1.6502319216806056,0.8059793434231882,1.362995518422312,1.0844874309227501,small,closed50_delta_stratified_train_gap1_hybrid_metadata,0.27383476180784216,101.87383476180784,1.0738347618078423
194,168,2016-03,2017-02,2017-03,2014-01,2014-12,2015-01,100.9,100.8,0.1,1.426104,1.426104,1.1652093225548745,0.9632603105578735,0.9623950814433316,0.9628276960006026,medium,closed50_delta_stratified_train_gap1_hybrid_metadata,0.2977038429696158,101.09770384296961,0.19770384296961577
194,175,2016-03,2017-02,2017-03,2014-08,2015-07,2015-08,100.9,102.0,-1.1,1.181191,1.181191,1.8359487283881837,0.7978341057090964,1.5163867914382536,1.157110448573675,small,closed50_delta_stratified_train_gap1_hybrid_metadata,-0.10574141802959858,101.8942585819704,0.9942585819704015
194,180,2016-03,2017-02,2017-03,2015-01,2015-12,2016-01,100.9,101.8,-0.9,1.515545,1.515545,1.8509625658164668,1.0236731313876353,1.5287873472996567,1.276230239343646,small,closed50_delta_stratified_train_gap1_hybrid_metadata,-0.3858282279223566,101.41417177207764,0.5141717720776434
195,168,2016-04,2017-03,2017-04,2014-01,2014-12,2015-01,101.2,100.8,0.4,1.154632,1.154632,1.0822505620930314,0.7798948596315968,0.8938759737725694,0.8368854167020832,medium,closed50_delta_stratified_train_gap1_hybrid_metadata,0.054928137524221377,100.85492813752421,-0.34507186247577865
195,172,2016-04,2017-03,2017-04,2014-05,2015-04,2015-05,101.2,101.2,0.0,1.305969,1.305969,1.0508484460130871,0.8821152626449091,0.8679396535962196,0.8750274581205644,medium,closed50_delta_stratified_train_gap1_hybrid_metadata,-0.1192987987757817,101.08070120122422,-0.1192987987757817
195,167,2016-04,2017-03,2017-04,2013-12,2014-11,2014-12,101.2,101.5,-0.3,0.920897,0.920897,1.050150289856398,0.622018822057728,0.8673630172457621,0.744690919651745,small,closed50_delta_stratified_train_gap1_hybrid_metadata,-0.33308470133023305,101.16691529866976,-0.03308470133023306
195,165,2016-04,2017-03,2017-04,2013-10,2014-09,2014-10,101.2,101.6,-0.4,0.90309,0.90309,1.7689156968169235,0.6099911043386106,1.4610214089016937,1.035506256620152,small,closed50_delta_stratified_train_gap1_hybrid_metadata,-0.2270263811762674,101.37297361882372,0.17297361882373263
196,168,2016-05,2017-04,2017-05,2014-01,2014-12,2015-01,101.5,100.8,0.7,0.909317,0.909317,0.832660800961353,0.6141971243440548,0.6877293580168145,0.6509632411804347,large,closed50_delta_stratified_train_gap1_hybrid_metadata,0.3285557037144639,101.12855570371445,-0.37144429628553605
196,169,2016-05,2017-04,2017-05,2014-02,2015-01,2015-02,101.5,101.4,0.1,1.110163,1.110163,0.7273507672802625,0.7498583246031569,0.6007493995840324,0.6753038620935947,medium,closed50_delta_stratified_train_gap1_hybrid_metadata,-0.05715052525306541,101.34284947474694,-0.15715052525306542
196,177,2016-05,2017-04,2017-05,2014-10,2015-09,2015-10,101.5,101.3,0.2,1.604471,1.604471,0.9877236234967826,1.0837380960582832,0.8158022242685258,0.9497701601634045,medium,closed50_delta_stratified_train_gap1_hybrid_metadata,-0.008942313584330036,101.29105768641567,-0.20894231358433005
196,175,2016-05,2017-04,2017-05,2014-08,2015-07,2015-08,101.5,102.0,-0.5,1.346278,1.346278,0.9877236234967552,0.9093419304463299,0.8158022242685032,0.8625720773574166,small,closed50_delta_stratified_train_gap1_hybrid_metadata,-0.07488955728475055,101.92511044271525,0.42511044271524945
196,183,2016-05,2017-04,2017-05,2015-04,2016-03,2016-04,101.5,102.3,-0.8,1.809455,1.809455,1.8259682708639287,1.222194303669646,1.5081435144184332,1.3651689090440398,small,closed50_delta_stratified_train_gap1_hybrid_metadata,-0.5366334396744898,101.76336656032551,0.2633665603255102
197,168,2016-06,2017-05,2017-06,2014-01,2014-12,2015-01,101.5,100.8,0.7,0.889347,0.889347,0.7764369929125721,0.600708410756658,0.6412917649777212,0.6210000878671896,large,closed50_delta_stratified_train_gap1_hybrid_metadata,0.4684607767098757,101.26846077670987,-0.23153922329012427
197,177,2016-06,2017-05,2017-06,2014-10,2015-09,2015-10,101.5,101.3,0.2,1.693033,1.693033,0.6469704788880067,1.1435571973465668,0.5343599597672561,0.8389585785569115,medium,closed50_delta_stratified_train_gap1_hybrid_metadata,0.13096275941108174,101.43096275941107,-0.06903724058891827
197,178,2016-06,2017-05,2017-06,2014-11,2015-10,2015-11,101.5,101.5,0.0,1.612698,1.612698,0.7653731664642837,1.089295013769025,0.6321536882822578,0.8607243510256414,medium,closed50_delta_stratified_train_gap1_hybrid_metadata,-0.06164879275332047,101.43835120724668,-0.06164879275332047
197,174,2016-06,2017-05,2017-06,2014-07,2015-06,2015-07,101.5,101.6,-0.1,1.398143,1.398143,0.5025004877625373,0.9443740851889602,0.4150361557227981,0.6797051204558792,small,closed50_delta_stratified_train_gap1_hybrid_metadata,0.24059334676557012,101.84059334676556,0.3405933467655701
197,184,2016-06,2017-05,2017-06,2015-05,2016-04,2016-05,101.5,102.0,-0.5,1.793657,1.793657,1.3297416324818252,1.2115235626955003,1.0982891931253553,1.1549063779104278,small,closed50_delta_stratified_train_gap1_hybrid_metadata,-0.5891020213828242,101.41089797861717,-0.08910202138282419
198,168,2016-07,2017-06,2017-07,2014-01,2014-12,2015-01,101.4,100.8,0.6,0.90255,0.90255,0.8627077699028128,0.6096263619581802,0.7125464055307642,0.6610863837444723,large,closed50_delta_stratified_train_gap1_hybrid_metadata,0.7451579424736111,101.54515794247361,0.14515794247361113
198,177,2016-07,2017-06,2017-07,2014-10,2015-09,2015-10,101.4,101.3,0.1,1.485565,1.485565,0.5639991724805747,1.0034231747852242,0.4658304898756525,0.7346268323304384,medium,closed50_delta_stratified_train_gap1_hybrid_metadata,0.40765992517481714,101.70765992517481,0.3076599251748171
198,172,2016-07,2017-06,2017-07,2014-05,2015-04,2015-05,101.4,101.2,0.2,1.182175,1.182175,0.08627077699024083,0.7984987473801027,0.071254640553043,0.43487669396657286,medium,closed50_delta_stratified_train_gap1_hybrid_metadata,0.5709310061736079,101.77093100617361,0.3709310061736079
198,163,2016-07,2017-06,2017-07,2013-08,2014-07,2014-08,101.4,102.0,-0.6,1.28247,1.28247,2.5858087622766712,0.8662428900565148,2.13572753512787,1.5009852125921925,small,closed50_delta_stratified_train_gap1_hybrid_metadata,0.02866447494414981,102.02866447494415,0.6286644749441498
198,184,2016-07,2017-06,2017-07,2015-05,2016-04,2016-05,101.4,102.0,-0.6,1.613416,1.613416,1.3408890323234948,1.0897799860452266,1.1074962965795072,1.098638141312367,small,closed50_delta_stratified_train_gap1_hybrid_metadata,-0.3124048556190888,101.68759514438091,0.28759514438091116
199,168,2016-08,2017-07,2017-08,2014-01,2014-12,2015-01,101.8,100.8,1.0,1.244708,1.244708,0.963289651168934,0.8407365904827906,0.7956211852626895,0.8181788878727401,large,closed50_delta_stratified_train_gap1_hybrid_metadata,0.5633315655897059,101.3633315655897,-0.4366684344102941
199,172,2016-08,2017-07,2017-08,2014-05,2015-04,2015-05,101.8,101.2,0.6,1.104589,1.104589,0.23903400895228258,0.7460933726984925,0.19742817883481556,0.47176077576665404,large,closed50_delta_stratified_train_gap1_hybrid_metadata,0.3891046292897027,101.58910462928971,-0.2108953707102973
199,176,2016-08,2017-07,2017-08,2014-09,2015-08,2015-09,101.8,101.6,0.2,1.562412,1.562412,1.091026150920357,1.055329392764727,0.9011240993760182,0.9782267460703726,medium,closed50_delta_stratified_train_gap1_hybrid_metadata,-0.07066164966877425,101.52933835033122,-0.27066164966877426
199,173,2016-08,2017-07,2017-08,2014-06,2015-05,2015-06,101.8,101.4,0.4,1.161465,1.161465,0.3479882386260141,0.784510201641746,0.28741803105341396,0.53596411634758,medium,closed50_delta_stratified_train_gap1_hybrid_metadata,0.276799882581341,101.67679988258135,-0.12320011741865905
199,181,2016-08,2017-07,2017-08,2015-02,2016-01,2016-02,101.8,102.3,-0.5,1.722697,1.722697,0.7105283499164596,1.163593712111541,0.5868550619611472,0.8752243870363441,small,closed50_delta_stratified_train_gap1_hybrid_metadata,0.153512362440034,102.45351236244004,0.653512362440034
199,185,2016-08,2017-07,2017-08,2015-06,2016-05,2016-06,101.8,101.9,-0.1,1.619281,1.619281,1.1001546144537178,1.093741493566012,0.908663678948192,1.001202586257102,small,closed50_delta_stratified_train_gap1_hybrid_metadata,-0.18026206193594513,101.71973793806406,-0.08026206193594512
200,168,2016-09,2017-08,2017-09,2014-01,2014-12,2015-01,101.6,100.8,0.8,1.280054,1.280054,0.976635373691399,0.8646110056285153,0.8066439753016209,0.8356274904650681,large,closed50_delta_stratified_train_gap1_hybrid_metadata,0.3913231031626771,101.19132310316267,-0.40867689683732294
200,187,2016-09,2017-08,2017-09,2015-08,2016-07,2016-08,101.6,101.3,0.3,1.852709,1.852709,0.5176246619416657,1.2514101683421175,0.4275278433184403,0.839469005830279,medium,closed50_delta_stratified_train_gap1_hybrid_metadata,-0.13979241301336898,101.16020758698663,-0.43979241301336897
200,170,2016-09,2017-08,2017-09,2014-03,2015-02,2015-03,101.6,101.4,0.2,0.968065,0.968065,0.7462902014448244,0.6538783935394668,0.6163922698670546,0.6351353317032606,medium,closed50_delta_stratified_train_gap1_hybrid_metadata,0.3482573593345771,101.74825735933459,0.14825735933457707
200,185,2016-09,2017-08,2017-09,2015-06,2016-05,2016-06,101.6,101.9,-0.3,1.544466,1.544466,0.49386181174835814,1.0432077876550914,0.4079011121342355,0.7255544498946634,small,closed50_delta_stratified_train_gap1_hybrid_metadata,-0.3522705243629739,101.54772947563703,-0.052270524362973914
200,181,2016-09,2017-08,2017-09,2015-02,2016-01,2016-02,101.6,102.3,-0.7,1.776299,1.776299,0.36665080220873497,1.1997991215112223,0.3028322223506074,0.7513156719309149,small,closed50_delta_stratified_train_gap1_hybrid_metadata,-0.018496099986994807,102.281503900013,0.6815039000130052
201,168,2016-10,2017-09,2017-10,2014-01,2014-12,2015-01,101.9,100.8,1.1,1.542963,1.542963,0.9208249004030488,1.0421925880295604,0.7605477727172109,0.9013701803733856,large,closed50_delta_stratified_train_gap1_hybrid_metadata,0.553079824107798,101.3530798241078,-0.5469201758922021
201,187,2016-10,2017-09,2017-10,2015-08,2016-07,2016-08,101.9,101.3,0.6,1.66447,1.66447,0.6697553886101771,1.1242643517683588,0.5531789690416301,0.8387216604049945,large,closed50_delta_stratified_train_gap1_hybrid_metadata,0.021964307931751886,101.32196430793175,-0.5780356920682481
201,173,2016-10,2017-09,2017-10,2014-06,2015-05,2015-06,101.9,101.4,0.5,0.974081,0.974081,0.6787192495392345,0.6579418938370021,0.5605825964430582,0.6092622451400301,medium,closed50_delta_stratified_train_gap1_hybrid_metadata,0.26654814109943303,101.66654814109944,-0.23345185890056697
201,186,2016-10,2017-09,2017-10,2015-07,2016-06,2016-07,101.9,101.8,0.1,1.521192,1.521192,0.7328222316803854,1.0274873910585434,0.6052685107214414,0.8163779508899924,medium,closed50_delta_stratified_train_gap1_hybrid_metadata,0.05906258142710946,101.85906258142711,-0.040937418572890544
201,162,2016-10,2017-09,2017-10,2013-07,2014-06,2014-07,101.9,102.3,-0.4,1.135212,1.135212,2.620610109268439,0.766777642913157,2.1644714221910486,1.465624532552103,small,closed50_delta_stratified_train_gap1_hybrid_metadata,-0.28761471940278854,102.01238528059721,0.11238528059721148
201,181,2016-10,2017-09,2017-10,2015-02,2016-01,2016-02,101.9,102.3,-0.4,1.695362,1.695362,0.4479275651640753,1.145130317724386,0.3699620979787449,0.7575462078515653,small,closed50_delta_stratified_train_gap1_hybrid_metadata,0.14326062095812614,102.44326062095813,0.5432606209581261
202,168,2016-11,2017-10,2017-11,2014-01,2014-12,2015-01,101.7,100.8,0.9,1.345251,1.345251,1.1569040564523294,0.9086482444746595,0.9555354150362334,0.9320918297554465,large,closed50_delta_stratified_train_gap1_hybrid_metadata,0.33542277723066105,101.13542277723066,-0.564577222769339
202,178,2016-11,2017-10,2017-11,2014-11,2015-10,2015-11,101.7,101.5,0.2,1.605956,1.605956,1.1194353021672596,1.0847411376044667,0.924588404800601,1.0046647712025338,medium,closed50_delta_stratified_train_gap1_hybrid_metadata,-0.1946867922325351,101.30531320776747,-0.3946867922325351
202,170,2016-11,2017-10,2017-11,2014-03,2015-02,2015-03,101.7,101.4,0.3,1.375333,1.375333,0.9430295311116094,0.9289670968600409,0.7788875053004762,0.8539273010802586,medium,closed50_delta_stratified_train_gap1_hybrid_metadata,0.29235703340256103,101.69235703340257,-0.0076429665974389605
202,189,2016-11,2017-10,2017-11,2015-10,2016-09,2016-10,101.7,102.1,-0.4,1.80335,1.80335,0.5391923561892534,1.2180706884242252,0.4453415034567238,0.8317060959404745,small,closed50_delta_stratified_train_gap1_hybrid_metadata,-0.16940998519494133,101.93059001480505,0.2305900148050587
202,186,2016-11,2017-10,2017-11,2015-07,2016-06,2016-07,101.7,101.8,-0.1,1.247376,1.247376,0.582327744684429,0.8425386880216577,0.4809688237332909,0.6617537558774743,small,closed50_delta_stratified_train_gap1_hybrid_metadata,-0.1585944654500276,101.64140553454997,-0.05859446545002758
203,168,2016-12,2017-11,2017-12,2014-01,2014-12,2015-01,101.8,100.8,1.0,1.571176,1.571176,1.127998344961051,1.061249026509341,0.9316609797512236,0.9964550031302823,large,closed50_delta_stratified_train_gap1_hybrid_metadata,0.47447684226332215,101.27447684226333,-0.5255231577366779
203,172,2016-12,2017-11,2017-12,2014-05,2015-04,2015-05,101.8,101.2,0.6,1.392857,1.392857,0.4479275651640753,0.9408036625538586,0.3699620979787449,0.6553828802663018,large,closed50_delta_stratified_train_gap1_hybrid_metadata,0.30024990596331896,101.50024990596332,-0.299750094036681
203,176,2016-12,2017-11,2017-12,2014-09,2015-08,2015-09,101.8,101.6,0.2,1.137545,1.137545,0.5924206691045261,0.7683534650863866,0.48930499186313625,0.6288292284747614,medium,closed50_delta_stratified_train_gap1_hybrid_metadata,-0.15951637299515803,101.44048362700484,-0.35951637299515804
203,165,2016-12,2017-11,2017-12,2013-10,2014-09,2014-10,101.8,101.6,0.2,1.175393,1.175393,1.9911119789584566,0.7939178532614385,1.644542605401506,1.2192302293314723,medium,closed50_delta_stratified_train_gap1_hybrid_metadata,0.1925223235628332,101.79252232356282,-0.007477676437166819
203,181,2016-12,2017-11,2017-12,2015-02,2016-01,2016-02,101.8,102.3,-0.5,1.378486,1.378486,0.2100300579712903,0.9310967870924427,0.17347260344916127,0.552284695270802,small,closed50_delta_stratified_train_gap1_hybrid_metadata,0.06465763911365019,102.36465763911364,0.5646576391136502
203,183,2016-12,2017-11,2017-12,2015-04,2016-03,2016-04,101.8,102.3,-0.5,1.435434,1.435434,1.0257601706785808,0.9695622483530869,0.8472181983894553,0.9083902233712711,small,closed50_delta_stratified_train_gap1_hybrid_metadata,-0.3907123011256315,101.90928769887437,0.10928769887436851
204,168,2017-01,2017-12,2018-01,2014-01,2014-12,2015-01,101.5,100.8,0.7,1.473502,1.473502,1.2461740382575806,0.9952752352757217,1.0292672242029621,1.012271229739342,large,closed50_delta_stratified_train_gap1_hybrid_metadata,0.26186529356442056,101.06186529356442,-0.4381347064355794
204,169,2017-01,2017-12,2018-01,2014-02,2015-01,2015-02,101.5,101.4,0.1,1.691193,1.691193,1.827435734175332,1.1423143714576929,1.5093555537024963,1.3258349625800947,medium,closed50_delta_stratified_train_gap1_hybrid_metadata,-0.1238409354031087,101.2761590645969,-0.2238409354031087
204,178,2017-01,2017-12,2018-01,2014-11,2015-10,2015-11,101.5,101.5,0.0,1.09519,1.09519,0.8881604373955809,0.7397448289324464,0.7335688274514393,0.7366568281919428,medium,closed50_delta_stratified_train_gap1_hybrid_metadata,-0.26824427589877553,101.23175572410122,-0.26824427589877553
204,186,2017-01,2017-12,2018-01,2015-07,2016-06,2016-07,101.5,101.8,-0.3,1.252182,1.252182,0.7938646443499674,0.8457848952074877,0.6556859907187946,0.7507354429631412,small,closed50_delta_stratified_train_gap1_hybrid_metadata,-0.2321519491162679,101.56784805088373,0.06784805088373208
204,174,2017-01,2017-12,2018-01,2014-07,2015-06,2015-07,101.5,101.6,-0.1,1.298492,1.298492,0.6704445161617358,0.877064931573654,0.5537481482897441,0.715406539931699,small,closed50_delta_stratified_train_gap1_hybrid_metadata,0.03399786362011503,101.63399786362011,0.13399786362011504
205,176,2017-02,2018-01,2018-02,2014-09,2015-08,2015-09,102.9,101.6,1.3,1.57016,1.57016,0.8282677111810394,1.06056277047505,0.6841009215504441,0.872331846012747,large,closed50_delta_stratified_train_gap1_hybrid_metadata,0.46170878136752547,102.06170878136751,-0.8382912186324746
205,179,2017-02,2018-01,2018-02,2014-12,2015-11,2015-12,102.9,101.6,1.3,0.945156,0.945156,0.08627077699024083,0.6384045357741354,0.071254640553043,0.35482958816358917,large,closed50_delta_stratified_train_gap1_hybrid_metadata,0.6957630621027031,102.2957630621027,-0.6042369378972969
205,192,2017-02,2018-01,2018-02,2016-01,2016-12,2017-01,102.9,102.5,0.4,1.520396,1.520396,1.717708959231758,1.0269497337718347,1.4187276240556652,1.22283867891375,medium,closed50_delta_stratified_train_gap1_hybrid_metadata,0.20399722527410533,102.70399722527411,-0.1960027747258947
206,168,2017-03,2018-02,2018-03,2014-01,2014-12,2015-01,102.1,100.8,1.3,1.742162,1.742162,2.4868492247076435,1.17674132402835,2.0539927168640437,1.6153670204461967,large,closed50_delta_stratified_train_gap1_hybrid_metadata,0.9706260950576364,101.77062609505764,-0.3293739049423636
206,166,2017-03,2018-02,2018-03,2013-11,2014-10,2014-11,102.1,101.4,0.7,1.837996,1.837996,2.6030543851715806,1.2414722893730956,2.1499714158875056,1.6957218526303006,large,closed50_delta_stratified_train_gap1_hybrid_metadata,0.7634163619822995,102.1634163619823,0.0634163619822995
206,164,2017-03,2018-02,2018-03,2013-09,2014-08,2014-09,102.1,101.6,0.5,1.858058,1.858058,2.603034127017674,1.255023144254936,2.1499546838314694,1.7024889140432027,medium,closed50_delta_stratified_train_gap1_hybrid_metadata,0.49146858488486855,102.09146858488486,-0.008531415115131447
206,163,2017-03,2018-02,2018-03,2013-08,2014-07,2014-08,102.1,102.0,0.1,1.642518,1.642518,2.4725794279841433,1.1094368985550123,2.042206695319193,1.5758217969371027,medium,closed50_delta_stratified_train_gap1_hybrid_metadata,0.2541326275281751,102.25413262752818,0.1541326275281751
206,181,2017-03,2018-02,2018-03,2015-02,2016-01,2016-02,102.1,102.3,-0.2,1.018648,1.018648,1.8445973666819357,0.6880446228530014,1.5235300632899063,1.1057873430714538,small,closed50_delta_stratified_train_gap1_hybrid_metadata,0.5608068919079646,102.86080689190796,0.7608068919079647
206,183,2017-03,2018-02,2018-03,2015-04,2016-03,2016-04,102.1,102.3,-0.2,0.985964,0.985964,0.9963145848829817,0.6659682525530278,0.8228978583515241,0.744433055452276,small,closed50_delta_stratified_train_gap1_hybrid_metadata,0.10543695166868283,102.40543695166868,0.30543695166868284
207,168,2017-04,2018-03,2018-04,2014-01,2014-12,2015-01,101.8,100.8,1.0,1.758195,1.758195,1.1848413382090721,1.1875707954828683,0.978609983726289,1.0830903896045787,large,closed50_delta_stratified_train_gap1_hybrid_metadata,0.8412643054906285,101.64126430549062,-0.15873569450937153
207,193,2017-04,2018-03,2018-04,2016-02,2017-01,2017-02,101.8,100.8,1.0,1.487249,1.487249,1.0702258360952621,1.0045606306530848,0.8839442499767259,0.9442524403149053,large,closed50_delta_stratified_train_gap1_hybrid_metadata,0.22202261443871502,101.02202261443871,-0.777977385561285
207,165,2017-04,2018-03,2018-04,2013-10,2014-09,2014-10,101.8,101.6,0.2,1.829003,1.829003,1.7594272805366793,1.235397977841225,1.4531845293110193,1.344291253576122,medium,closed50_delta_stratified_train_gap1_hybrid_metadata,0.5593097867901395,102.15930978679013,0.35930978679013953
207,180,2017-04,2018-03,2018-04,2015-01,2015-12,2016-01,101.8,101.8,0.0,1.12089,1.12089,1.1344695428293854,0.7571038644455207,0.9370058125456234,0.8470548384955721,medium,closed50_delta_stratified_train_gap1_hybrid_metadata,0.15773223459865598,101.95773223459865,0.15773223459865598
207,182,2017-04,2018-03,2018-04,2015-03,2016-02,2016-03,101.8,102.3,-0.5,1.007084,1.007084,0.49386181174835814,0.6802337323209707,0.4079011121342355,0.5440674222276032,small,closed50_delta_stratified_train_gap1_hybrid_metadata,0.15943159429048848,102.45943159429049,0.6594315942904885
207,163,2017-04,2018-03,2018-04,2013-08,2014-07,2014-08,101.8,102.0,-0.2,1.717073,1.717073,2.032900028779883,1.1597949877642442,1.6790571023530663,1.419426045058655,small,closed50_delta_stratified_train_gap1_hybrid_metadata,0.12477083796116711,102.12477083796117,0.3247708379611671
208,172,2017-05,2018-04,2018-05,2014-05,2015-04,2015-05,101.8,101.2,0.6,1.646455,1.646455,0.5597176510836278,1.1120961406878906,0.46229420240029884,0.7871951715440948,large,closed50_delta_stratified_train_gap1_hybrid_metadata,0.5567391950362088,101.75673919503622,-0.043260804963791144
208,194,2017-05,2018-04,2018-05,2016-03,2017-02,2017-03,101.8,100.9,0.9,1.42617,1.42617,1.6992294016902392,0.9633048901821483,1.4034645850969554,1.1833847376395519,large,closed50_delta_stratified_train_gap1_hybrid_metadata,0.23632061819939615,101.1363206181994,-0.6636793818006039
208,177,2017-05,2018-04,2018-05,2014-10,2015-09,2015-10,101.8,101.3,0.5,1.23576,1.23576,0.9441449967253903,0.834692674149289,0.7798088149737186,0.8072507445615038,medium,closed50_delta_stratified_train_gap1_hybrid_metadata,0.39346811403741794,101.69346811403742,-0.10653188596258206
208,166,2017-05,2018-04,2018-05,2013-11,2014-10,2014-11,101.8,101.4,0.4,1.750672,1.750672,1.1279983449609807,1.1824893937643912,0.9316609797511657,1.0570751867577783,medium,closed50_delta_stratified_train_gap1_hybrid_metadata,0.5237563982608748,101.92375639826088,0.12375639826087481
208,184,2017-05,2018-04,2018-05,2015-05,2016-04,2016-05,101.8,102.0,-0.2,0.869401,0.869401,0.8372052886300366,0.587235907941725,0.691482840327127,0.639359374134426,small,closed50_delta_stratified_train_gap1_hybrid_metadata,-0.32659666675648813,101.67340333324351,-0.12659666675648812
208,192,2017-05,2018-04,2018-05,2016-01,2016-12,2017-01,101.8,102.5,-0.7,1.364566,1.364566,0.7488336667364031,0.9216945390635712,0.6184930241599143,0.7700937816117428,small,closed50_delta_stratified_train_gap1_hybrid_metadata,-0.1607386400156885,102.3392613599843,0.5392613599843115
209,172,2017-06,2018-05,2018-06,2014-05,2015-04,2015-05,101.9,101.2,0.7,1.864309,1.864309,0.5924206691045261,1.2592453750328438,0.48930499186313625,0.87427518344799,large,closed50_delta_stratified_train_gap1_hybrid_metadata,0.5530343435659972,101.753034343566,-0.14696565643400272
209,195,2017-06,2018-05,2018-06,2016-04,2017-03,2017-04,101.9,101.2,0.7,1.385456,1.385456,1.489014909892828,0.9358046655954049,1.2298396500420692,1.082822157818737,large,closed50_delta_stratified_train_gap1_hybrid_metadata,0.7838192146581027,101.98381921465811,0.08381921465810271
209,171,2017-06,2018-05,2018-06,2014-04,2015-03,2015-04,101.9,101.5,0.4,1.671538,1.671538,0.7105283499164328,1.1290384242588807,0.586855061961125,0.8579467431100029,medium,closed50_delta_stratified_train_gap1_hybrid_metadata,0.14921239639071243,101.64921239639071,-0.2507876036092876
209,186,2017-06,2018-05,2018-06,2015-07,2016-06,2016-07,101.9,101.8,0.1,1.081151,1.081151,0.18657255036123452,0.7302622024901098,0.15409806746678714,0.44218013497844844,medium,closed50_delta_stratified_train_gap1_hybrid_metadata,0.23324403718531178,102.03324403718531,0.13324403718531178
209,184,2017-06,2018-05,2018-06,2015-05,2016-04,2016-05,101.9,102.0,-0.1,1.164408,1.164408,0.8496147008451238,0.7864980476150916,0.7017322925484812,0.7441151700817864,small,closed50_delta_stratified_train_gap1_hybrid_metadata,-0.3303015182266996,101.6696984817733,-0.23030151822669961
209,181,2017-06,2018-05,2018-06,2015-02,2016-01,2016-02,101.9,102.3,-0.4,1.519212,1.519212,0.7548692986649842,1.0261500023302985,0.6234781048394377,0.824814053584868,small,closed50_delta_stratified_train_gap1_hybrid_metadata,0.3174420767163285,102.61744207671633,0.7174420767163285
210,170,2017-07,2018-06,2018-07,2014-03,2015-02,2015-03,102.1,101.4,0.7,1.629182,1.629182,0.837205288630031,1.1004291126560877,0.6914828403271223,0.895955976491605,large,closed50_delta_stratified_train_gap1_hybrid_metadata,0.6287901143761626,102.02879011437616,-0.07120988562383734
210,172,2017-07,2018-06,2018-07,2014-05,2015-04,2015-05,102.1,101.2,0.9,1.67249,1.67249,0.7783260470163226,1.1296814515666023,0.6428520137183025,0.8862667326424524,large,closed50_delta_stratified_train_gap1_hybrid_metadata,0.49762892190425945,101.69762892190427,-0.4023710780957406
210,188,2017-07,2018-06,2018-07,2015-09,2016-08,2016-09,102.1,101.9,0.2,1.145863,1.145863,0.9984133617730494,0.7739718486427194,0.8246313259070523,0.7993015872748859,medium,closed50_delta_stratified_train_gap1_hybrid_metadata,0.2684801877241236,102.16848018772413,0.06848018772412356
210,164,2017-07,2018-06,2018-07,2013-09,2014-08,2014-09,102.1,101.6,0.5,1.787757,1.787757,1.6045599373359802,1.2075384144648724,1.3252731176122599,1.2664057660385661,medium,closed50_delta_stratified_train_gap1_hybrid_metadata,0.19269834803149474,101.7926983480315,-0.30730165196850523
210,182,2017-07,2018-06,2018-07,2015-03,2016-02,2016-03,102.1,102.3,-0.2,1.494421,1.494421,0.9254812829082251,1.009404949824282,0.7643936736498215,0.8868993117370518,small,closed50_delta_stratified_train_gap1_hybrid_metadata,-0.009976852995877361,102.29002314700412,0.19002314700412265
210,162,2017-07,2018-06,2018-07,2013-07,2014-06,2014-07,102.1,102.3,-0.2,1.71161,1.71161,1.9287493418891781,1.1561050106822237,1.5930346968913742,1.374569853786799,small,closed50_delta_stratified_train_gap1_hybrid_metadata,-0.16883868530632418,102.13116131469367,0.031161314693675835
211,187,2017-08,2018-07,2018-08,2015-08,2016-07,2016-08,102.3,101.3,1.0,1.006621,1.006621,0.5078672682413298,0.6799209995021942,0.4194688040341342,0.5496949017681643,large,closed50_delta_stratified_train_gap1_hybrid_metadata,0.26564360895994243,101.56564360895995,-0.7343563910400576
211,176,2017-08,2018-07,2018-08,2014-09,2015-08,2015-09,102.3,101.6,0.7,1.338759,1.338759,1.1977028475104539,0.9042632305232635,0.989232841827396,0.9467480361753298,large,closed50_delta_stratified_train_gap1_hybrid_metadata,0.1627659098775085,101.7627659098775,-0.5372340901224915
211,162,2017-08,2018-07,2018-08,2013-07,2014-06,2014-07,102.3,102.3,0.0,1.540071,1.540071,1.693349504203799,1.0402391899477,1.3986081320023875,1.2194236609750437,medium,closed50_delta_stratified_train_gap1_hybrid_metadata,-0.04393541837459802,102.2560645816254,-0.04393541837459802
211,190,2017-08,2018-07,2018-08,2015-11,2016-10,2016-11,102.3,102.3,0.0,1.380631,1.380631,0.021567694247551013,0.9325456248813743,0.017813660138253157,0.4751796425098137,medium,closed50_delta_stratified_train_gap1_hybrid_metadata,0.08243376406043344,102.38243376406044,0.08243376406043344
211,192,2017-08,2018-07,2018-08,2016-01,2016-12,2017-01,102.3,102.5,-0.2,1.64411,1.64411,0.2588123309708696,1.110512213128429,0.2137639216592505,0.6621380673938397,small,closed50_delta_stratified_train_gap1_hybrid_metadata,-0.09494564621591184,102.4050543537841,0.10505435378408817
