model,split,sample_id,target_date,actual,predicted,error
naive_last_value,train,0,2014-07,100.1,99.9,-0.19999999999998863
naive_last_value,train,1,2014-08,100.2,100.1,-0.10000000000000853
naive_last_value,train,2,2014-09,100.5,100.2,-0.29999999999999716
naive_last_value,train,3,2014-10,100.0,100.5,0.5
naive_last_value,train,4,2014-11,99.8,100.0,0.20000000000000284
naive_last_value,train,5,2014-12,100.3,99.8,-0.5
naive_last_value,train,6,2015-01,100.3,100.3,0.0
naive_last_value,train,7,2015-02,101.2,100.3,-0.9000000000000057
naive_last_value,train,8,2015-03,99.5,101.2,1.7000000000000028
naive_last_value,train,9,2015-04,99.8,99.5,-0.29999999999999716
naive_last_value,train,10,2015-05,99.8,99.8,0.0
naive_last_value,train,11,2015-06,100.0,99.8,-0.20000000000000284
naive_last_value,train,12,2015-07,100.3,100.0,-0.29999999999999716
naive_last_value,train,13,2015-08,100.5,100.3,-0.20000000000000284
naive_last_value,train,14,2015-09,100.1,100.5,0.4000000000000057
naive_last_value,train,15,2015-10,99.7,100.1,0.3999999999999915
naive_last_value,train,16,2015-11,100.0,99.7,-0.29999999999999716
naive_last_value,train,17,2015-12,100.5,100.0,-0.5
naive_last_value,train,18,2016-01,100.5,100.5,0.0
naive_last_value,train,19,2016-02,101.6,100.5,-1.0999999999999943
naive_last_value,train,20,2016-03,99.6,101.6,2.0
naive_last_value,train,21,2016-04,99.8,99.6,-0.20000000000000284
naive_last_value,train,22,2016-05,99.5,99.8,0.29999999999999716
naive_last_value,train,23,2016-06,99.9,99.5,-0.4000000000000057
naive_last_value,train,24,2016-07,100.2,99.9,-0.29999999999999716
naive_last_value,train,25,2016-08,100.1,100.2,0.10000000000000853
naive_last_value,train,26,2016-09,100.7,100.1,-0.6000000000000085
naive_last_value,train,27,2016-10,99.9,100.7,0.7999999999999972
naive_last_value,train,28,2016-11,100.1,99.9,-0.19999999999998863
naive_last_value,train,29,2016-12,100.2,100.1,-0.10000000000000853
naive_last_value,train,30,2017-01,101.0,100.2,-0.7999999999999972
naive_last_value,train,31,2017-02,99.8,101.0,1.2000000000000028
naive_last_value,train,32,2017-03,99.7,99.8,0.09999999999999432
naive_last_value,train,33,2017-04,100.1,99.7,-0.3999999999999915
naive_last_value,train,34,2017-05,99.9,100.1,0.19999999999998863
naive_last_value,train,35,2017-06,99.8,99.9,0.10000000000000853
naive_last_value,train,36,2017-07,100.1,99.8,-0.29999999999999716
naive_last_value,train,37,2017-08,100.4,100.1,-0.30000000000001137
naive_last_value,train,38,2017-09,100.5,100.4,-0.09999999999999432
naive_last_value,train,39,2017-10,100.1,100.5,0.4000000000000057
naive_last_value,train,40,2017-11,100.0,100.1,0.09999999999999432
naive_last_value,train,41,2017-12,100.3,100.0,-0.29999999999999716
naive_last_value,train,42,2018-01,100.6,100.3,-0.29999999999999716
naive_last_value,train,43,2018-02,101.2,100.6,-0.6000000000000085
naive_last_value,train,44,2018-03,98.9,101.2,2.299999999999997
naive_last_value,train,45,2018-04,99.8,98.9,-0.8999999999999915
naive_last_value,train,46,2018-05,99.8,99.8,0.0
naive_last_value,train,47,2018-06,99.9,99.8,-0.10000000000000853
naive_last_value,train,48,2018-07,100.3,99.9,-0.3999999999999915
naive_last_value,train,49,2018-08,100.7,100.3,-0.4000000000000057
naive_last_value,val,50,2018-09,100.7,100.7,0.0
naive_last_value,val,51,2018-10,100.2,100.7,0.5
naive_last_value,val,52,2018-11,99.7,100.2,0.5
naive_last_value,val,53,2018-12,100.0,99.7,-0.29999999999999716
naive_last_value,val,54,2019-01,100.5,100.0,-0.5
naive_last_value,val,55,2019-02,101.0,100.5,-0.5
naive_last_value,val,56,2019-03,99.6,101.0,1.4000000000000057
naive_last_value,val,57,2019-04,100.1,99.6,-0.5
naive_last_value,val,58,2019-05,100.0,100.1,0.09999999999999432
naive_last_value,val,59,2019-06,99.9,100.0,0.09999999999999432
naive_last_value,val,60,2019-07,100.4,99.9,-0.5
naive_last_value,val,61,2019-08,100.7,100.4,-0.29999999999999716
naive_last_value,val,62,2019-09,100.9,100.7,-0.20000000000000284
naive_last_value,val,63,2019-10,100.9,100.9,0.0
naive_last_value,val,64,2019-11,100.4,100.9,0.5
naive_last_value,val,65,2019-12,100.0,100.4,0.4000000000000057
naive_last_value,val,66,2020-01,101.4,100.0,-1.4000000000000057
naive_last_value,val,67,2020-02,100.8,101.4,0.6000000000000085
naive_last_value,val,68,2020-03,98.8,100.8,2.0
naive_last_value,val,69,2020-04,99.1,98.8,-0.29999999999999716
naive_last_value,val,70,2020-05,99.2,99.1,-0.10000000000000853
naive_last_value,val,71,2020-06,99.9,99.2,-0.7000000000000028
naive_last_value,val,72,2020-07,100.6,99.9,-0.6999999999999886
naive_last_value,val,73,2020-08,100.4,100.6,0.19999999999998863
naive_last_value,val,74,2020-09,100.2,100.4,0.20000000000000284
naive_last_value,val,75,2020-10,99.7,100.2,0.5
naive_last_value,val,76,2020-11,99.4,99.7,0.29999999999999716
naive_last_value,val,77,2020-12,100.7,99.4,-1.2999999999999972
naive_last_value,val,78,2021-01,101.0,100.7,-0.29999999999999716
naive_last_value,val,79,2021-02,100.6,101.0,0.4000000000000057
naive_last_value,val,80,2021-03,99.5,100.6,1.0999999999999943
naive_last_value,val,81,2021-04,99.7,99.5,-0.20000000000000284
naive_last_value,val,82,2021-05,99.8,99.7,-0.09999999999999432
naive_last_value,val,83,2021-06,99.6,99.8,0.20000000000000284
naive_last_value,val,84,2021-07,100.3,99.6,-0.7000000000000028
naive_last_value,val,85,2021-08,100.1,100.3,0.20000000000000284
naive_last_value,val,86,2021-09,100.0,100.1,0.09999999999999432
naive_last_value,val,87,2021-10,100.7,100.0,-0.7000000000000028
naive_last_value,val,88,2021-11,100.4,100.7,0.29999999999999716
naive_last_value,val,89,2021-12,99.7,100.4,0.7000000000000028
naive_last_value,val,90,2022-01,100.4,99.7,-0.7000000000000028
naive_last_value,val,91,2022-02,100.6,100.4,-0.19999999999998863
naive_last_value,val,92,2022-03,100.0,100.6,0.5999999999999943
naive_last_value,val,93,2022-04,100.4,100.0,-0.4000000000000057
naive_last_value,val,94,2022-05,99.8,100.4,0.6000000000000085
naive_last_value,test,95,2022-06,100.0,99.8,-0.20000000000000284
naive_last_value,test,96,2022-07,100.5,100.0,-0.5
naive_last_value,test,97,2022-08,99.9,100.5,0.5999999999999943
naive_last_value,test,98,2022-09,100.3,99.9,-0.3999999999999915
naive_last_value,test,99,2022-10,100.1,100.3,0.20000000000000284
naive_last_value,test,100,2022-11,99.8,100.1,0.29999999999999716
naive_last_value,test,101,2022-12,100.0,99.8,-0.20000000000000284
naive_last_value,test,102,2023-01,100.8,100.0,-0.7999999999999972
naive_last_value,test,103,2023-02,99.5,100.8,1.2999999999999972
naive_last_value,test,104,2023-03,99.7,99.5,-0.20000000000000284
naive_last_value,test,105,2023-04,99.9,99.7,-0.20000000000000284
naive_last_value,test,106,2023-05,99.8,99.9,0.10000000000000853
naive_last_value,test,107,2023-06,99.8,99.8,0.0
naive_last_value,test,108,2023-07,100.2,99.8,-0.4000000000000057
naive_last_value,test,109,2023-08,100.3,100.2,-0.09999999999999432
naive_last_value,test,110,2023-09,100.2,100.3,0.09999999999999432
naive_last_value,test,111,2023-10,99.9,100.2,0.29999999999999716
naive_last_value,test,112,2023-11,99.5,99.9,0.4000000000000057
naive_last_value,test,113,2023-12,100.1,99.5,-0.5999999999999943
naive_last_value,test,114,2024-01,100.3,100.1,-0.20000000000000284
naive_last_value,test,115,2024-02,101.0,100.3,-0.7000000000000028
naive_last_value,test,116,2024-03,99.0,101.0,2.0
naive_last_value,test,117,2024-04,100.1,99.0,-1.0999999999999943
naive_last_value,test,118,2024-05,99.9,100.1,0.19999999999998863
naive_last_value,test,119,2024-06,99.8,99.9,0.10000000000000853
naive_last_value,test,120,2024-07,100.5,99.8,-0.7000000000000028
naive_last_value,test,121,2024-08,100.4,100.5,0.09999999999999432
naive_last_value,test,122,2024-09,100.0,100.4,0.4000000000000057
naive_last_value,test,123,2024-10,99.7,100.0,0.29999999999999716
naive_last_value,test,124,2024-11,99.4,99.7,0.29999999999999716
naive_last_value,test,125,2024-12,100.0,99.4,-0.5999999999999943
naive_last_value,test,126,2025-01,100.7,100.0,-0.7000000000000028
naive_last_value,test,127,2025-02,99.8,100.7,0.9000000000000057
naive_last_value,test,128,2025-03,99.6,99.8,0.20000000000000284
naive_last_value,test,129,2025-04,100.1,99.6,-0.5
naive_last_value,test,130,2025-05,99.8,100.1,0.29999999999999716
naive_last_value,test,131,2025-06,99.9,99.8,-0.10000000000000853
naive_last_value,test,132,2025-07,100.4,99.9,-0.5
naive_last_value,test,133,2025-08,100.0,100.4,0.4000000000000057
naive_last_value,test,134,2025-09,100.1,100.0,-0.09999999999999432
naive_last_value,test,135,2025-10,100.2,100.1,-0.10000000000000853
naive_last_value,test,136,2025-11,99.9,100.2,0.29999999999999716
naive_last_value,test,137,2025-12,100.2,99.9,-0.29999999999999716
naive_last_value,test,138,2026-01,100.2,100.2,0.0
naive_last_value,test,139,2026-02,101.0,100.2,-0.7999999999999972
naive_last_value,test,140,2026-03,99.3,101.0,1.7000000000000028
naive_last_value,test,141,2026-04,100.3,99.3,-1.0
linear_regression,train,0,2014-07,100.1,99.94418157709215,-0.1558184229078421
linear_regression,train,1,2014-08,100.2,100.25216498924704,0.05216498924703217
linear_regression,train,2,2014-09,100.5,100.4189250327242,-0.08107496727579644
linear_regression,train,3,2014-10,100.0,100.06116477480866,0.06116477480865967
linear_regression,train,4,2014-11,99.8,100.13391051823383,0.3339105182338358
linear_regression,train,5,2014-12,100.3,100.43106196436243,0.13106196436243067
linear_regression,train,6,2015-01,100.3,100.75284984755213,0.4528498475521303
linear_regression,train,7,2015-02,101.2,100.74282854374671,-0.4571714562532918
linear_regression,train,8,2015-03,99.5,99.78902436886949,0.2890243688694909
linear_regression,train,9,2015-04,99.8,99.91720433163978,0.11720433163978328
linear_regression,train,10,2015-05,99.8,99.85913127506245,0.0591312750624553
linear_regression,train,11,2015-06,100.0,100.12952668524271,0.12952668524270905
linear_regression,train,12,2015-07,100.3,100.31181254261146,0.011812542611465915
linear_regression,train,13,2015-08,100.5,100.32291534163394,-0.1770846583660557
linear_regression,train,14,2015-09,100.1,100.40008732058635,0.300087320586357
linear_regression,train,15,2015-10,99.7,99.96378101300218,0.2637810130021734
linear_regression,train,16,2015-11,100.0,100.18402513609288,0.18402513609288462
linear_regression,train,17,2015-12,100.5,100.4038443064774,-0.09615569352260422
linear_regression,train,18,2016-01,100.5,100.45499716294523,-0.04500283705476704
linear_regression,train,19,2016-02,101.6,100.70876149741483,-0.8912385025851677
linear_regression,train,20,2016-03,99.6,99.45552476703206,-0.14447523296793463
linear_regression,train,21,2016-04,99.8,99.43880554843332,-0.36119445156667496
linear_regression,train,22,2016-05,99.5,99.25806884626074,-0.24193115373925878
linear_regression,train,23,2016-06,99.9,99.83353129110768,-0.06646870889233014
linear_regression,train,24,2016-07,100.2,100.1382806912833,-0.061719308716703836
linear_regression,train,25,2016-08,100.1,100.3488586487767,0.24885864877670372
linear_regression,train,26,2016-09,100.7,100.39497669973402,-0.30502330026598656
linear_regression,train,27,2016-10,99.9,99.600967534002,-0.29903246599801037
linear_regression,train,28,2016-11,100.1,99.95201664182248,-0.14798335817751251
linear_regression,train,29,2016-12,100.2,100.06411693180762,-0.13588306819238483
linear_regression,train,30,2017-01,101.0,100.41342863451592,-0.5865713654840761
linear_regression,train,31,2017-02,99.8,100.57804145282498,0.7780414528249793
linear_regression,train,32,2017-03,99.7,100.15752718102323,0.45752718102322376
linear_regression,train,33,2017-04,100.1,100.14813927707354,0.04813927707354537
linear_regression,train,34,2017-05,99.9,99.87441680965561,-0.025583190344391937
linear_regression,train,35,2017-06,99.8,100.11248222525992,0.3124822252599273
linear_regression,train,36,2017-07,100.1,100.34062095357085,0.2406209535708541
linear_regression,train,37,2017-08,100.4,100.50979717469689,0.10979717469687955
linear_regression,train,38,2017-09,100.5,100.48044138381947,-0.01955861618053234
linear_regression,train,39,2017-10,100.1,100.20376768811677,0.1037676881167755
linear_regression,train,40,2017-11,100.0,100.2345763792329,0.2345763792329052
linear_regression,train,41,2017-12,100.3,100.27647968885631,-0.02352031114368458
linear_regression,train,42,2018-01,100.6,100.60014538788054,0.00014538788055062923
linear_regression,train,43,2018-02,101.2,100.11456804605434,-1.0854319539456583
linear_regression,train,44,2018-03,98.9,99.39927074231544,0.49927074231543145
linear_regression,train,45,2018-04,99.8,99.86943246379067,0.06943246379067602
linear_regression,train,46,2018-05,99.8,99.73811226872918,-0.06188773127081504
linear_regression,train,47,2018-06,99.9,100.0991859430913,0.1991859430912939
linear_regression,train,48,2018-07,100.3,100.30118557166425,0.0011855716642514835
linear_regression,train,49,2018-08,100.7,100.48103489822206,-0.2189651017779397
linear_regression,val,50,2018-09,100.7,100.39924236567317,-0.30075763432682834
linear_regression,val,51,2018-10,100.2,99.69924186428021,-0.5007581357197921
linear_regression,val,52,2018-11,99.7,99.83738231997663,0.13738231997662353
linear_regression,val,53,2018-12,100.0,100.0192419821287,0.01924198212870465
linear_regression,val,54,2019-01,100.5,100.38711817791074,-0.112881822089264
linear_regression,val,55,2019-02,101.0,100.67209459134526,-0.32790540865474327
linear_regression,val,56,2019-03,99.6,99.49497809911911,-0.10502190088088525
linear_regression,val,57,2019-04,100.1,99.59408071544514,-0.5059192845548495
linear_regression,val,58,2019-05,100.0,99.3371502429299,-0.6628497570701057
linear_regression,val,59,2019-06,99.9,99.51394184980101,-0.38605815019899126
linear_regression,val,60,2019-07,100.4,99.85596550354833,-0.5440344964516726
linear_regression,val,61,2019-08,100.7,100.11815293799003,-0.5818470620099703
linear_regression,val,62,2019-09,100.9,100.08340217959015,-0.8165978204098536
linear_regression,val,63,2019-10,100.9,99.38141081171422,-1.5185891882857874
linear_regression,val,64,2019-11,100.4,98.89924288752877,-1.5007571124712342
linear_regression,val,65,2019-12,100.0,98.634301622498,-1.3656983775019995
linear_regression,val,66,2020-01,101.4,98.8752655466834,-2.5247344533166114
linear_regression,val,67,2020-02,100.8,98.70793929319018,-2.092060706809818
linear_regression,val,68,2020-03,98.8,98.03581285828938,-0.7641871417106216
linear_regression,val,69,2020-04,99.1,98.49542176223464,-0.6045782377653524
linear_regression,val,70,2020-05,99.2,98.96623444041238,-0.23376555958762424
linear_regression,val,71,2020-06,99.9,99.63548526598571,-0.26451473401429837
linear_regression,val,72,2020-07,100.6,100.15670646677543,-0.443293533224562
linear_regression,val,73,2020-08,100.4,100.61077166005053,0.2107716600505256
linear_regression,val,74,2020-09,100.2,100.62482124027075,0.4248212402707452
linear_regression,val,75,2020-10,99.7,100.62010551233283,0.9201055123328246
linear_regression,val,76,2020-11,99.4,101.02773548743674,1.6277354874367376
linear_regression,val,77,2020-12,100.7,101.32573306530226,0.6257330653022564
linear_regression,val,78,2021-01,101.0,101.84775656904193,0.847756569041934
linear_regression,val,79,2021-02,100.6,101.51360674859994,0.9136067485999462
linear_regression,val,80,2021-03,99.5,100.17555070259007,0.6755507025900727
linear_regression,val,81,2021-04,99.7,99.92787878534068,0.2278787853406783
linear_regression,val,82,2021-05,99.8,99.74839489700908,-0.05160510299091925
linear_regression,val,83,2021-06,99.6,100.12646870173792,0.5264687017379259
linear_regression,val,84,2021-07,100.3,100.87391432459403,0.5739143245940284
linear_regression,val,85,2021-08,100.1,100.83499540152341,0.7349954015234204
linear_regression,val,86,2021-09,100.0,100.79576501751713,0.7957650175171267
linear_regression,val,87,2021-10,100.7,100.44788501643211,-0.25211498356789264
linear_regression,val,88,2021-11,100.4,100.09391737000324,-0.30608262999676583
linear_regression,val,89,2021-12,99.7,100.3817511321555,0.6817511321554974
linear_regression,val,90,2022-01,100.4,100.78633188304622,0.3863318830462106
linear_regression,val,91,2022-02,100.6,100.79180290687258,0.1918029068725815
linear_regression,val,92,2022-03,100.0,100.13055984434416,0.13055984434416246
linear_regression,val,93,2022-04,100.4,99.948278275515,-0.4517217244850116
linear_regression,val,94,2022-05,99.8,99.72168112012693,-0.0783188798730663
linear_regression,test,95,2022-06,100.0,99.62223813640196,-0.37776186359803887
linear_regression,test,96,2022-07,100.5,99.75869062587077,-0.74130937412923
linear_regression,test,97,2022-08,99.9,99.7967843491126,-0.1032156508874067
linear_regression,test,98,2022-09,100.3,99.84506673124339,-0.454933268756605
linear_regression,test,99,2022-10,100.1,99.95197823747927,-0.1480217625207274
linear_regression,test,100,2022-11,99.8,100.15718949364268,0.3571894936426787
linear_regression,test,101,2022-12,100.0,99.94905265377062,-0.050947346229378354
linear_regression,test,102,2023-01,100.8,100.35469330230222,-0.44530669769777376
linear_regression,test,103,2023-02,99.5,100.31597686666771,0.815976866667711
linear_regression,test,104,2023-03,99.7,100.36489846167024,0.6648984616702336
linear_regression,test,105,2023-04,99.9,100.68595521574525,0.785955215745247
linear_regression,test,106,2023-05,99.8,100.69134864485795,0.8913486448579562
linear_regression,test,107,2023-06,99.8,100.86219286114915,1.062192861149157
linear_regression,test,108,2023-07,100.2,101.27577051784036,1.075770517840354
linear_regression,test,109,2023-08,100.3,101.19585233957619,0.8958523395761944
linear_regression,test,110,2023-09,100.2,101.01445052377612,0.8144505237761166
linear_regression,test,111,2023-10,99.9,101.00152246937763,1.1015224693776275
linear_regression,test,112,2023-11,99.5,100.89471636440788,1.3947163644078842
linear_regression,test,113,2023-12,100.1,101.15245231677959,1.0524523167795934
linear_regression,test,114,2024-01,100.3,101.49305712695083,1.1930571269508334
linear_regression,test,115,2024-02,101.0,101.0917912943562,0.0917912943561987
linear_regression,test,116,2024-03,99.0,100.45228450154175,1.4522845015417545
linear_regression,test,117,2024-04,100.1,100.79695484322359,0.6969548432235939
linear_regression,test,118,2024-05,99.9,100.51533116147348,0.6153311614734776
linear_regression,test,119,2024-06,99.8,100.73683387949109,0.9368338794910898
linear_regression,test,120,2024-07,100.5,100.99917963854962,0.4991796385496201
linear_regression,test,121,2024-08,100.4,100.92789821198603,0.5278982119860274
linear_regression,test,122,2024-09,100.0,100.83914157937623,0.839141579376232
linear_regression,test,123,2024-10,99.7,100.34082260353112,0.6408226035311202
linear_regression,test,124,2024-11,99.4,100.55031841050561,1.150318410505605
linear_regression,test,125,2024-12,100.0,100.88210009275483,0.8821000927548255
linear_regression,test,126,2025-01,100.7,101.16800722076309,0.4680072207630843
linear_regression,test,127,2025-02,99.8,101.38146474210689,1.5814647421068884
linear_regression,test,128,2025-03,99.6,100.72885046024051,1.128850460240514
linear_regression,test,129,2025-04,100.1,100.94883191074223,0.8488319107422342
linear_regression,test,130,2025-05,99.8,100.92842922634142,1.1284292263414244
linear_regression,test,131,2025-06,99.9,101.02065298566885,1.1206529856688405
linear_regression,test,132,2025-07,100.4,101.42986573382173,1.0298657338217225
linear_regression,test,133,2025-08,100.0,101.41989908756648,1.4198990875664776
linear_regression,test,134,2025-09,100.1,101.14337026261127,1.0433702626112762
linear_regression,test,135,2025-10,100.2,100.89374815257773,0.6937481525777258
linear_regression,test,136,2025-11,99.9,100.6497519374288,0.7497519374287975
linear_regression,test,137,2025-12,100.2,100.71397513222723,0.5139751322272303
linear_regression,test,138,2026-01,100.2,100.95794473311085,0.7579447331108469
linear_regression,test,139,2026-02,101.0,100.71058663440965,-0.2894133655903488
linear_regression,test,140,2026-03,99.3,99.952500263205,0.652500263204999
linear_regression,test,141,2026-04,100.3,100.37137790764626,0.07137790764626573
ridge,train,0,2014-07,100.1,100.21314126853447,0.11314126853447704
ridge,train,1,2014-08,100.2,100.29522043611527,0.09522043611526954
ridge,train,2,2014-09,100.5,100.25456660839019,-0.24543339160980793
ridge,train,3,2014-10,100.0,100.05982739097877,0.05982739097876788
ridge,train,4,2014-11,99.8,100.07136602230142,0.2713660223014216
ridge,train,5,2014-12,100.3,100.2098321741808,-0.09016782581919358
ridge,train,6,2015-01,100.3,100.35226599020054,0.05226599020053868
ridge,train,7,2015-02,101.2,100.24713069802455,-0.9528693019754542
ridge,train,8,2015-03,99.5,100.02177826182064,0.5217782618206428
ridge,train,9,2015-04,99.8,100.03809570907603,0.23809570907603472
ridge,train,10,2015-05,99.8,100.02235229675152,0.22235229675152368
ridge,train,11,2015-06,100.0,100.11518409409129,0.11518409409129049
ridge,train,12,2015-07,100.3,100.21957320975864,-0.08042679024136135
ridge,train,13,2015-08,100.5,100.2413216297858,-0.2586783702141986
ridge,train,14,2015-09,100.1,100.25504892117429,0.15504892117429847
ridge,train,15,2015-10,99.7,100.00331959755327,0.3033195975532692
ridge,train,16,2015-11,100.0,100.03518735157115,0.03518735157115316
ridge,train,17,2015-12,100.5,100.177678225096,-0.3223217749039975
ridge,train,18,2016-01,100.5,100.30396256908232,-0.19603743091768422
ridge,train,19,2016-02,101.6,100.36229512773919,-1.2377048722608066
ridge,train,20,2016-03,99.6,99.99324626784362,0.3932462678436224
ridge,train,21,2016-04,99.8,99.95753533783989,0.1575353378398887
ridge,train,22,2016-05,99.5,99.91214696231955,0.4121469623195537
ridge,train,23,2016-06,99.9,100.13851094833174,0.23851094833173647
ridge,train,24,2016-07,100.2,100.28850868047401,0.08850868047400695
ridge,train,25,2016-08,100.1,100.30959547545255,0.2095954754525593
ridge,train,26,2016-09,100.7,100.19272562882406,-0.5072743711759387
ridge,train,27,2016-10,99.9,99.94785105848246,0.047851058482450526
ridge,train,28,2016-11,100.1,100.06453263869777,-0.035467361302224276
ridge,train,29,2016-12,100.2,100.13994867119033,-0.060051328809677784
ridge,train,30,2017-01,101.0,100.31894931177631,-0.6810506882236922
ridge,train,31,2017-02,99.8,100.42866320962337,0.6286632096233689
ridge,train,32,2017-03,99.7,100.04566246452504,0.34566246452503435
ridge,train,33,2017-04,100.1,100.02609991434018,-0.07390008565981532
ridge,train,34,2017-05,99.9,100.00299014203058,0.10299014203057766
ridge,train,35,2017-06,99.8,100.14932694610184,0.34932694610184
ridge,train,36,2017-07,100.1,100.18606620934419,0.08606620934419595
ridge,train,37,2017-08,100.4,100.23473927682458,-0.16526072317542173
ridge,train,38,2017-09,100.5,100.21902425555128,-0.28097574444872464
ridge,train,39,2017-10,100.1,100.08011427997855,-0.01988572002144906
ridge,train,40,2017-11,100.0,100.1132191675706,0.11321916757060535
ridge,train,41,2017-12,100.3,100.16947856708732,-0.1305214329126727
ridge,train,42,2018-01,100.6,100.29344404709327,-0.3065559529067201
ridge,train,43,2018-02,101.2,100.10421943192026,-1.0957805680797463
ridge,train,44,2018-03,98.9,100.06404285957154,1.1640428595715377
ridge,train,45,2018-04,99.8,100.06703737428508,0.26703737428508134
ridge,train,46,2018-05,99.8,99.98823925342508,0.1882392534250812
ridge,train,47,2018-06,99.9,100.14524190228731,0.24524190228730447
ridge,train,48,2018-07,100.3,100.23737415778335,-0.06262584221664724
ridge,train,49,2018-08,100.7,100.2823179771981,-0.41768202280189826
ridge,val,50,2018-09,100.7,100.24198119868737,-0.4580188013126332
ridge,val,51,2018-10,100.2,99.98612446862666,-0.21387553137334692
ridge,val,52,2018-11,99.7,100.04324306464841,0.34324306464840504
ridge,val,53,2018-12,100.0,100.12955965300766,0.1295596530076608
ridge,val,54,2019-01,100.5,100.31499743547188,-0.18500256452811925
ridge,val,55,2019-02,101.0,100.36722851154956,-0.6327714884504445
ridge,val,56,2019-03,99.6,99.96375960289267,0.36375960289267084
ridge,val,57,2019-04,100.1,100.0147643662434,-0.08523563375659649
ridge,val,58,2019-05,100.0,99.94295072812086,-0.05704927187913711
ridge,val,59,2019-06,99.9,100.06115864179984,0.16115864179982964
ridge,val,60,2019-07,100.4,100.21059958672335,-0.18940041327665824
ridge,val,61,2019-08,100.7,100.31926763440077,-0.3807323655992292
ridge,val,62,2019-09,100.9,100.28554018402339,-0.6144598159766161
ridge,val,63,2019-10,100.9,100.02514489960717,-0.8748551003928355
ridge,val,64,2019-11,100.4,99.94272347756704,-0.4572765224329629
ridge,val,65,2019-12,100.0,99.98475559047161,-0.015244409528392566
ridge,val,66,2020-01,101.4,100.1328759363829,-1.2671240636171035
ridge,val,67,2020-02,100.8,100.22145280840682,-0.5785471915931737
ridge,val,68,2020-03,98.8,100.00359298879332,1.2035929887933179
ridge,val,69,2020-04,99.1,99.98964402166482,0.8896440216648216
ridge,val,70,2020-05,99.2,100.00042679162479,0.8004267916247869
ridge,val,71,2020-06,99.9,100.15922320615343,0.25922320615342187
ridge,val,72,2020-07,100.6,100.31440887930195,-0.2855911206980437
ridge,val,73,2020-08,100.4,100.4239248364393,0.023924836439292108
ridge,val,74,2020-09,100.2,100.30321208089612,0.10321208089611389
ridge,val,75,2020-10,99.7,100.12932445362736,0.42932445362735905
ridge,val,76,2020-11,99.4,100.11634292099161,0.7163429209916075
ridge,val,77,2020-12,100.7,100.2300149500272,-0.46998504997280577
ridge,val,78,2021-01,101.0,100.58526081929091,-0.4147391807090912
ridge,val,79,2021-02,100.6,100.38677694630867,-0.21322305369132266
ridge,val,80,2021-03,99.5,99.86294988083645,0.3629498808364531
ridge,val,81,2021-04,99.7,99.80922791113093,0.10922791113092956
ridge,val,82,2021-05,99.8,99.87468261096136,0.07468261096136075
ridge,val,83,2021-06,99.6,100.16212515488552,0.5621251548855213
ridge,val,84,2021-07,100.3,100.39039057988562,0.09039057988562149
ridge,val,85,2021-08,100.1,100.31384167261072,0.21384167261072662
ridge,val,86,2021-09,100.0,100.18350203735385,0.18350203735384696
ridge,val,87,2021-10,100.7,99.96254229690963,-0.7374577030903708
ridge,val,88,2021-11,100.4,100.01094447104909,-0.38905552895091944
ridge,val,89,2021-12,99.7,100.28310529252583,0.5831052925258291
ridge,val,90,2022-01,100.4,100.3027774063617,-0.09722259363830688
ridge,val,91,2022-02,100.6,100.23745839067007,-0.36254160932992363
ridge,val,92,2022-03,100.0,100.06124328843873,0.061243288438731724
ridge,val,93,2022-04,100.4,100.04835626444233,-0.3516437355576727
ridge,val,94,2022-05,99.8,100.04075734447865,0.24075734447865216
ridge,test,95,2022-06,100.0,100.02811345367029,0.028113453670286503
ridge,test,96,2022-07,100.5,100.11497480091207,-0.3850251990879343
ridge,test,97,2022-08,99.9,100.15650188420076,0.2565018842007589
ridge,test,98,2022-09,100.3,100.16173067246203,-0.1382693275379694
ridge,test,99,2022-10,100.1,100.20728511874725,0.10728511874725655
ridge,test,100,2022-11,99.8,100.16594343737121,0.3659434373712145
ridge,test,101,2022-12,100.0,100.03951454542748,0.039514545427479675
ridge,test,102,2023-01,100.8,100.22816687474167,-0.5718331252583226
ridge,test,103,2023-02,99.5,100.27329586903714,0.7732958690371419
ridge,test,104,2023-03,99.7,100.13573915982803,0.4357391598280316
ridge,test,105,2023-04,99.9,100.16378001655264,0.26378001655263006
ridge,test,106,2023-05,99.8,100.12651370494991,0.3265137049499174
ridge,test,107,2023-06,99.8,100.20739933882004,0.4073993388200421
ridge,test,108,2023-07,100.2,100.278352189756,0.07835218975600355
ridge,test,109,2023-08,100.3,100.21823012870692,-0.08176987129307633
ridge,test,110,2023-09,100.2,100.18652712150242,-0.01347287849758061
ridge,test,111,2023-10,99.9,100.1385658872716,0.23856588727159078
ridge,test,112,2023-11,99.5,100.09200109197194,0.5920010919719374
ridge,test,113,2023-12,100.1,100.19745911005354,0.09745911005354913
ridge,test,114,2024-01,100.3,100.32107671113498,0.021076711134980997
ridge,test,115,2024-02,101.0,100.14323603104827,-0.856763968951725
ridge,test,116,2024-03,99.0,100.11367637648235,1.1136763764823456
ridge,test,117,2024-04,100.1,100.07582456720188,-0.024175432798116958
ridge,test,118,2024-05,99.9,100.01337929158728,0.11337929158727889
ridge,test,119,2024-06,99.8,100.15439571352651,0.35439571352651456
ridge,test,120,2024-07,100.5,100.26226821650687,-0.23773178349313184
ridge,test,121,2024-08,100.4,100.26674885160914,-0.13325114839086893
ridge,test,122,2024-09,100.0,100.22332088363919,0.22332088363918956
ridge,test,123,2024-10,99.7,99.97527296486301,0.27527296486300656
ridge,test,124,2024-11,99.4,100.03100368434895,0.6310036843489399
ridge,test,125,2024-12,100.0,100.17949696039118,0.17949696039117669
ridge,test,126,2025-01,100.7,100.3285781402397,-0.3714218597603036
ridge,test,127,2025-02,99.8,100.39113790657552,0.5911379065755256
ridge,test,128,2025-03,99.6,100.00029522321574,0.40029522321574973
ridge,test,129,2025-04,100.1,100.09375390356766,-0.00624609643233498
ridge,test,130,2025-05,99.8,100.098956175647,0.2989561756470067
ridge,test,131,2025-06,99.9,100.168114567345,0.2681145673449947
ridge,test,132,2025-07,100.4,100.32627254080957,-0.07372745919043666
ridge,test,133,2025-08,100.0,100.30985044053689,0.30985044053689137
ridge,test,134,2025-09,100.1,100.13772647627927,0.037726476279274834
ridge,test,135,2025-10,100.2,100.03091856163016,-0.1690814383698438
ridge,test,136,2025-11,99.9,100.04593040849251,0.14593040849250372
ridge,test,137,2025-12,100.2,100.17897082843568,-0.02102917156432227
ridge,test,138,2026-01,100.2,100.27302495065709,0.0730249506570857
ridge,test,139,2026-02,101.0,100.12884561058519,-0.8711543894148122
ridge,test,140,2026-03,99.3,100.05094826531366,0.7509482653136672
ridge,test,141,2026-04,100.3,100.10652909965388,-0.1934709003461137
svr_rbf,train,0,2014-07,100.1,100.13164504332916,0.031645043329163514
svr_rbf,train,1,2014-08,100.2,100.29423074912769,0.09423074912768925
svr_rbf,train,2,2014-09,100.5,100.4056838193026,-0.09431618069740466
svr_rbf,train,3,2014-10,100.0,99.98883581566116,-0.011164184338838368
svr_rbf,train,4,2014-11,99.8,99.89440267569705,0.0944026756970544
svr_rbf,train,5,2014-12,100.3,100.2984760481961,-0.0015239518039038558
svr_rbf,train,6,2015-01,100.3,100.39429335437936,0.09429335437936004
svr_rbf,train,7,2015-02,101.2,101.29393341544916,0.09393341544915756
svr_rbf,train,8,2015-03,99.5,99.59417039780774,0.09417039780774417
svr_rbf,train,9,2015-04,99.8,99.78688189708237,-0.013118102917630381
svr_rbf,train,10,2015-05,99.8,99.76923825975344,-0.030761740246560976
svr_rbf,train,11,2015-06,100.0,100.05883951649253,0.058839516492525945
svr_rbf,train,12,2015-07,100.3,100.3940913142607,0.09409131426070871
svr_rbf,train,13,2015-08,100.5,100.40562389225052,-0.09437610774948268
svr_rbf,train,14,2015-09,100.1,100.19421630872664,0.09421630872664366
svr_rbf,train,15,2015-10,99.7,99.7941662479976,0.09416624799759177
svr_rbf,train,16,2015-11,100.0,99.90591248476392,-0.09408751523608316
svr_rbf,train,17,2015-12,100.5,100.40594063862706,-0.09405936137294191
svr_rbf,train,18,2016-01,100.5,100.48788309150207,-0.012116908497930012
svr_rbf,train,19,2016-02,101.6,101.50594730492688,-0.09405269507311687
svr_rbf,train,20,2016-03,99.6,99.50579496572303,-0.09420503427696758
svr_rbf,train,21,2016-04,99.8,99.81248285973577,0.012482859735769125
svr_rbf,train,22,2016-05,99.5,99.59426891262883,0.0942689126288343
svr_rbf,train,23,2016-06,99.9,99.99422724794891,0.09422724794890769
svr_rbf,train,24,2016-07,100.2,100.19154937637293,-0.008450623627069831
svr_rbf,train,25,2016-08,100.1,100.19396241636541,0.09396241636541447
svr_rbf,train,26,2016-09,100.7,100.60560646935943,-0.09439353064057343
svr_rbf,train,27,2016-10,99.9,99.84229712862881,-0.05770287137119112
svr_rbf,train,28,2016-11,100.1,100.00600483184631,-0.09399516815368258
svr_rbf,train,29,2016-12,100.2,100.10593524619037,-0.09406475380963286
svr_rbf,train,30,2017-01,101.0,100.90580229786988,-0.09419770213011702
svr_rbf,train,31,2017-02,99.8,99.89412037337866,0.09412037337865797
svr_rbf,train,32,2017-03,99.7,99.79432799920644,0.09432799920644186
svr_rbf,train,33,2017-04,100.1,100.1529221684255,0.05292216842551056
svr_rbf,train,34,2017-05,99.9,99.99431372512863,0.09431372512862879
svr_rbf,train,35,2017-06,99.8,99.89408791998324,0.09408791998323807
svr_rbf,train,36,2017-07,100.1,100.19417576094483,0.09417576094483593
svr_rbf,train,37,2017-08,100.4,100.3057497729974,-0.09425022700260399
svr_rbf,train,38,2017-09,100.5,100.40585466262054,-0.09414533737945874
svr_rbf,train,39,2017-10,100.1,100.03253086748241,-0.06746913251758713
svr_rbf,train,40,2017-11,100.0,100.09404407589103,0.09404407589103414
svr_rbf,train,41,2017-12,100.3,100.2412661382668,-0.058733861733202275
svr_rbf,train,42,2018-01,100.6,100.66316309117809,0.06316309117809737
svr_rbf,train,43,2018-02,101.2,101.00765671547757,-0.19234328452243687
svr_rbf,train,44,2018-03,98.9,98.99411148519387,0.09411148519386359
svr_rbf,train,45,2018-04,99.8,99.89431272838773,0.09431272838773452
svr_rbf,train,46,2018-05,99.8,99.77930040541182,-0.020699594588180048
svr_rbf,train,47,2018-06,99.9,99.98072239401287,0.08072239401286652
svr_rbf,train,48,2018-07,100.3,100.20573908980504,-0.09426091019496141
svr_rbf,train,49,2018-08,100.7,100.60579346214733,-0.09420653785267064
svr_rbf,val,50,2018-09,100.7,100.06084690847652,-0.6391530915234824
svr_rbf,val,51,2018-10,100.2,99.83688653940557,-0.36311346059443395
svr_rbf,val,52,2018-11,99.7,100.02369108237772,0.3236910823777208
svr_rbf,val,53,2018-12,100.0,100.19869065138755,0.19869065138755104
svr_rbf,val,54,2019-01,100.5,100.38307080237334,-0.11692919762666065
svr_rbf,val,55,2019-02,101.0,100.949135443417,-0.050864556582993714
svr_rbf,val,56,2019-03,99.6,99.33609883879032,-0.2639011612096738
svr_rbf,val,57,2019-04,100.1,99.83334973524784,-0.26665026475215825
svr_rbf,val,58,2019-05,100.0,99.77763267200318,-0.22236732799682102
svr_rbf,val,59,2019-06,99.9,99.90932939587266,0.0093293958726548
svr_rbf,val,60,2019-07,100.4,100.08101922260535,-0.3189807773946569
svr_rbf,val,61,2019-08,100.7,100.58340261989439,-0.11659738010561682
svr_rbf,val,62,2019-09,100.9,99.97315260752103,-0.926847392478976
svr_rbf,val,63,2019-10,100.9,99.9205533088684,-0.9794466911315993
svr_rbf,val,64,2019-11,100.4,99.88635823636918,-0.5136417636308295
svr_rbf,val,65,2019-12,100.0,99.82952702096321,-0.17047297903678782
svr_rbf,val,66,2020-01,101.4,100.0878685459933,-1.3121314540067033
svr_rbf,val,67,2020-02,100.8,100.07296443007947,-0.7270355699205311
svr_rbf,val,68,2020-03,98.8,99.45776253307986,0.6577625330798611
svr_rbf,val,69,2020-04,99.1,99.88674568794224,0.7867456879422434
svr_rbf,val,70,2020-05,99.2,99.95395529155151,0.753955291551506
svr_rbf,val,71,2020-06,99.9,99.9050805919057,0.005080591905695542
svr_rbf,val,72,2020-07,100.6,100.01050204355928,-0.5894979564407095
svr_rbf,val,73,2020-08,100.4,100.21166650116817,-0.18833349883183814
svr_rbf,val,74,2020-09,100.2,100.09686415502755,-0.10313584497245643
svr_rbf,val,75,2020-10,99.7,100.04581826622974,0.34581826622974177
svr_rbf,val,76,2020-11,99.4,100.0064110058837,0.6064110058837002
svr_rbf,val,77,2020-12,100.7,100.21816666907888,-0.4818333309211198
svr_rbf,val,78,2021-01,101.0,100.10965617198015,-0.8903438280198515
svr_rbf,val,79,2021-02,100.6,100.58387001665626,-0.01612998334373117
svr_rbf,val,80,2021-03,99.5,99.85953261431048,0.35953261431048134
svr_rbf,val,81,2021-04,99.7,99.9288624612187,0.22886246121869647
svr_rbf,val,82,2021-05,99.8,99.86292717427985,0.0629271742798494
svr_rbf,val,83,2021-06,99.6,100.13887823304857,0.5388782330485782
svr_rbf,val,84,2021-07,100.3,100.4306460647092,0.1306460647091967
svr_rbf,val,85,2021-08,100.1,100.31871574889968,0.21871574889968315
svr_rbf,val,86,2021-09,100.0,100.32572666063294,0.3257266606329381
svr_rbf,val,87,2021-10,100.7,99.89857557498405,-0.8014244250159521
svr_rbf,val,88,2021-11,100.4,99.93912330995852,-0.4608766900414878
svr_rbf,val,89,2021-12,99.7,100.27346278786457,0.573462787864571
svr_rbf,val,90,2022-01,100.4,100.41204385570894,0.012043855708938622
svr_rbf,val,91,2022-02,100.6,100.74184970061073,0.14184970061073443
svr_rbf,val,92,2022-03,100.0,100.5218275757852,0.5218275757851956
svr_rbf,val,93,2022-04,100.4,99.99884548489045,-0.40115451510955324
svr_rbf,val,94,2022-05,99.8,100.22860911720804,0.4286091172080404
svr_rbf,test,95,2022-06,100.0,99.89060081249772,-0.10939918750227662
svr_rbf,test,96,2022-07,100.5,99.89080078524908,-0.609199214750916
svr_rbf,test,97,2022-08,99.9,100.49569855756387,0.595698557563864
svr_rbf,test,98,2022-09,100.3,99.95098142823645,-0.3490185717635512
svr_rbf,test,99,2022-10,100.1,100.19868784979424,0.09868784979424561
svr_rbf,test,100,2022-11,99.8,100.52244024873808,0.7224402487380814
svr_rbf,test,101,2022-12,100.0,99.826774389157,-0.17322561084300503
svr_rbf,test,102,2023-01,100.8,100.43207351365038,-0.3679264863496172
svr_rbf,test,103,2023-02,99.5,100.53937016368826,1.039370163688261
svr_rbf,test,104,2023-03,99.7,99.90321246728203,0.2032124672820288
svr_rbf,test,105,2023-04,99.9,100.18562576779343,0.2856257677934195
svr_rbf,test,106,2023-05,99.8,100.32252010743521,0.5225201074352128
svr_rbf,test,107,2023-06,99.8,100.00572139837227,0.2057213983722761
svr_rbf,test,108,2023-07,100.2,100.69299686280411,0.49299686280410526
svr_rbf,test,109,2023-08,100.3,100.40576993040388,0.10576993040388061
svr_rbf,test,110,2023-09,100.2,100.25953914037392,0.05953914037391428
svr_rbf,test,111,2023-10,99.9,100.39406310402578,0.4940631040257699
svr_rbf,test,112,2023-11,99.5,100.34003620916896,0.8400362091689573
svr_rbf,test,113,2023-12,100.1,100.32796174092219,0.227961740922197
svr_rbf,test,114,2024-01,100.3,100.85646262802419,0.5564626280241924
svr_rbf,test,115,2024-02,101.0,100.93515572204538,-0.06484427795462011
svr_rbf,test,116,2024-03,99.0,99.71397703194516,0.7139770319451628
svr_rbf,test,117,2024-04,100.1,99.92209474023491,-0.1779052597650832
svr_rbf,test,118,2024-05,99.9,99.931743525882,0.031743525881992696
svr_rbf,test,119,2024-06,99.8,100.2374827811494,0.43748278114939865
svr_rbf,test,120,2024-07,100.5,100.37692871816431,-0.12307128183569205
svr_rbf,test,121,2024-08,100.4,100.61214196691462,0.21214196691461495
svr_rbf,test,122,2024-09,100.0,100.10647297129067,0.10647297129067113
svr_rbf,test,123,2024-10,99.7,99.83703444723335,0.13703444723334712
svr_rbf,test,124,2024-11,99.4,100.08364667833555,0.683646678335549
svr_rbf,test,125,2024-12,100.0,100.28588148080185,0.28588148080184794
svr_rbf,test,126,2025-01,100.7,100.32426560477322,-0.375734395226786
svr_rbf,test,127,2025-02,99.8,101.25384777689762,1.453847776897618
svr_rbf,test,128,2025-03,99.6,99.76841061645854,0.16841061645854438
svr_rbf,test,129,2025-04,100.1,100.03590830598486,-0.06409169401513282
svr_rbf,test,130,2025-05,99.8,100.26308483017402,0.4630848301740258
svr_rbf,test,131,2025-06,99.9,100.27144166486816,0.3714416648681578
svr_rbf,test,132,2025-07,100.4,100.76353303917764,0.36353303917763924
svr_rbf,test,133,2025-08,100.0,100.55409956275479,0.5540995627547858
svr_rbf,test,134,2025-09,100.1,100.23711917536396,0.13711917536396356
svr_rbf,test,135,2025-10,100.2,100.32590170109779,0.12590170109778853
svr_rbf,test,136,2025-11,99.9,100.44481989600072,0.5448198960007176
svr_rbf,test,137,2025-12,100.2,100.28449986321381,0.0844998632138072
svr_rbf,test,138,2026-01,100.2,100.99804700030732,0.7980470003073208
svr_rbf,test,139,2026-02,101.0,100.98929692086566,-0.010703079134344762
svr_rbf,test,140,2026-03,99.3,99.59268928618704,0.2926892861870414
svr_rbf,test,141,2026-04,100.3,100.08404423368147,-0.21595576631852964
random_forest,train,0,2014-07,100.1,100.21980452354514,0.1198045235451417
random_forest,train,1,2014-08,100.2,100.29998686491176,0.0999868649117559
random_forest,train,2,2014-09,100.5,100.45191848891203,-0.04808151108797176
random_forest,train,3,2014-10,100.0,100.13911596697234,0.13911596697234074
random_forest,train,4,2014-11,99.8,99.86147689932454,0.06147689932454625
random_forest,train,5,2014-12,100.3,100.18182323041675,-0.11817676958324341
random_forest,train,6,2015-01,100.3,100.46191026500364,0.16191026500364103
random_forest,train,7,2015-02,101.2,100.81487209246256,-0.38512790753743786
random_forest,train,8,2015-03,99.5,99.71275795403139,0.21275795403138886
random_forest,train,9,2015-04,99.8,99.70264642299128,-0.09735357700871816
random_forest,train,10,2015-05,99.8,99.98328794201146,0.1832879420114608
random_forest,train,11,2015-06,100.0,99.98624518859728,-0.013754811402719724
random_forest,train,12,2015-07,100.3,100.2461923885071,-0.05380761149289981
random_forest,train,13,2015-08,100.5,100.4467524240159,-0.053247575984102014
random_forest,train,14,2015-09,100.1,100.43143028282705,0.331430282827057
random_forest,train,15,2015-10,99.7,99.83098268014776,0.13098268014775272
random_forest,train,16,2015-11,100.0,99.92865721288943,-0.07134278711056652
random_forest,train,17,2015-12,100.5,100.28724343109833,-0.21275656890166772
random_forest,train,18,2016-01,100.5,100.54579469904998,0.045794699049977794
random_forest,train,19,2016-02,101.6,100.73656156881438,-0.8634384311856138
random_forest,train,20,2016-03,99.6,99.62197121391964,0.02197121391964174
random_forest,train,21,2016-04,99.8,99.80908509203633,0.009085092036329456
random_forest,train,22,2016-05,99.5,99.75825877556967,0.25825877556967214
random_forest,train,23,2016-06,99.9,100.01578994828267,0.11578994828266786
random_forest,train,24,2016-07,100.2,100.33154137926711,0.13154137926710519
random_forest,train,25,2016-08,100.1,100.42224350370931,0.3222435037093163
random_forest,train,26,2016-09,100.7,100.55446591893451,-0.1455340810654917
random_forest,train,27,2016-10,99.9,99.81668023248669,-0.08331976751331638
random_forest,train,28,2016-11,100.1,100.03341281441297,-0.06658718558702503
random_forest,train,29,2016-12,100.2,100.21148579052446,0.011485790524460526
random_forest,train,30,2017-01,101.0,100.60449713452448,-0.39550286547552105
random_forest,train,31,2017-02,99.8,100.43259099768278,0.632590997682783
random_forest,train,32,2017-03,99.7,99.67944097247778,-0.020559027522224937
random_forest,train,33,2017-04,100.1,99.95052949689907,-0.1494705031009289
random_forest,train,34,2017-05,99.9,99.99028581650363,0.09028581650362355
random_forest,train,35,2017-06,99.8,100.03866322589509,0.23866322589509537
random_forest,train,36,2017-07,100.1,100.18722379461146,0.0872237946114609
random_forest,train,37,2017-08,100.4,100.30446903252819,-0.09553096747181655
random_forest,train,38,2017-09,100.5,100.51373038430508,0.013730384305077337
random_forest,train,39,2017-10,100.1,100.03945800385954,-0.060541996140457854
random_forest,train,40,2017-11,100.0,100.02910818762112,0.02910818762111944
random_forest,train,41,2017-12,100.3,100.18505684302433,-0.11494315697567004
random_forest,train,42,2018-01,100.6,100.4514418133225,-0.14855818667749077
random_forest,train,43,2018-02,101.2,100.39521536796671,-0.8047846320332894
random_forest,train,44,2018-03,98.9,99.63520548221123,0.735205482211228
random_forest,train,45,2018-04,99.8,99.87460172019381,0.07460172019381162
random_forest,train,46,2018-05,99.8,99.78016893795629,-0.019831062043706993
random_forest,train,47,2018-06,99.9,99.94982352045056,0.049823520450559045
random_forest,train,48,2018-07,100.3,100.20404652817652,-0.0959534718234778
random_forest,train,49,2018-08,100.7,100.4508525898631,-0.24914741013689934
random_forest,val,50,2018-09,100.7,100.45841740277052,-0.24158259722948117
random_forest,val,51,2018-10,100.2,99.96027180864345,-0.23972819135654788
random_forest,val,52,2018-11,99.7,99.9432052917654,0.24320529176539196
random_forest,val,53,2018-12,100.0,100.20148641394375,0.20148641394375488
random_forest,val,54,2019-01,100.5,100.24290750731691,-0.25709249268308554
random_forest,val,55,2019-02,101.0,100.73087415578874,-0.26912584421125985
random_forest,val,56,2019-03,99.6,100.09458776679504,0.4945877667950498
random_forest,val,57,2019-04,100.1,99.72216388775331,-0.37783611224668334
random_forest,val,58,2019-05,100.0,99.8385730316235,-0.16142696837650305
random_forest,val,59,2019-06,99.9,100.00840207004447,0.10840207004446256
random_forest,val,60,2019-07,100.4,100.26395185678588,-0.13604814321412562
random_forest,val,61,2019-08,100.7,100.46000463430558,-0.23999536569442625
random_forest,val,62,2019-09,100.9,100.49816316199207,-0.401836838007938
random_forest,val,63,2019-10,100.9,100.11009054887874,-0.789909451121261
random_forest,val,64,2019-11,100.4,99.72908421851051,-0.6709157814894979
random_forest,val,65,2019-12,100.0,99.88164991771764,-0.11835008228236177
random_forest,val,66,2020-01,101.4,100.23356205532887,-1.1664379446711308
random_forest,val,67,2020-02,100.8,100.27695477316514,-0.5230452268348529
random_forest,val,68,2020-03,98.8,100.04467245797245,1.244672457972456
random_forest,val,69,2020-04,99.1,99.8709471177787,0.7709471177787037
random_forest,val,70,2020-05,99.2,99.78994785215214,0.589947852152136
random_forest,val,71,2020-06,99.9,99.99559180119125,0.09559180119124733
random_forest,val,72,2020-07,100.6,100.29289411864626,-0.30710588135373484
random_forest,val,73,2020-08,100.4,100.44657741890835,0.04657741890834188
random_forest,val,74,2020-09,100.2,100.44588129431469,0.2458812943146853
random_forest,val,75,2020-10,99.7,100.20438543526544,0.5043854352654336
random_forest,val,76,2020-11,99.4,100.16985464293698,0.769854642936977
random_forest,val,77,2020-12,100.7,99.96533097289276,-0.7346690271072447
random_forest,val,78,2021-01,101.0,100.52797991239903,-0.47202008760096703
random_forest,val,79,2021-02,100.6,100.75174895539007,0.15174895539007593
random_forest,val,80,2021-03,99.5,99.76318857959774,0.2631885795977382
random_forest,val,81,2021-04,99.7,99.85707996070113,0.1570799607011253
random_forest,val,82,2021-05,99.8,99.80902151982289,0.009021519822894675
random_forest,val,83,2021-06,99.6,100.01511038084577,0.4151103808457748
random_forest,val,84,2021-07,100.3,100.32546822118199,0.025468221181995432
random_forest,val,85,2021-08,100.1,100.4663060188988,0.3663060188988112
random_forest,val,86,2021-09,100.0,100.62191414698256,0.6219141469825615
random_forest,val,87,2021-10,100.7,99.89874852381297,-0.8012514761870335
random_forest,val,88,2021-11,100.4,100.0057194927779,-0.3942805072221063
random_forest,val,89,2021-12,99.7,100.4763070457609,0.7763070457609018
random_forest,val,90,2022-01,100.4,100.1961164850666,-0.20388351493340906
random_forest,val,91,2022-02,100.6,100.28387038605935,-0.316129613940646
random_forest,val,92,2022-03,100.0,100.24152539468423,0.2415253946842313
random_forest,val,93,2022-04,100.4,99.67265539226851,-0.7273446077314958
random_forest,val,94,2022-05,99.8,99.8992262572538,0.09922625725380385
random_forest,test,95,2022-06,100.0,100.01094916965947,0.010949169659468794
random_forest,test,96,2022-07,100.5,100.11005799906661,-0.38994200093338804
random_forest,test,97,2022-08,99.9,100.337302147201,0.43730214720099525
random_forest,test,98,2022-09,100.3,100.04114030434322,-0.25885969565678124
random_forest,test,99,2022-10,100.1,100.21564219332237,0.11564219332237258
random_forest,test,100,2022-11,99.8,100.65378266159884,0.8537826615988422
random_forest,test,101,2022-12,100.0,99.75616545028328,-0.24383454971672336
random_forest,test,102,2023-01,100.8,100.34962536550397,-0.4503746344960291
random_forest,test,103,2023-02,99.5,100.46653679034453,0.9665367903445343
random_forest,test,104,2023-03,99.7,100.03461796306792,0.33461796306791314
random_forest,test,105,2023-04,99.9,100.11859504368405,0.21859504368404714
random_forest,test,106,2023-05,99.8,99.96430906047668,0.1643090604766826
random_forest,test,107,2023-06,99.8,100.02964385898,0.22964385897999762
random_forest,test,108,2023-07,100.2,100.39224738987767,0.19224738987766443
random_forest,test,109,2023-08,100.3,100.11967856677288,-0.18032143322712102
random_forest,test,110,2023-09,100.2,100.46752340897045,0.26752340897044746
random_forest,test,111,2023-10,99.9,100.07898006096903,0.17898006096902463
random_forest,test,112,2023-11,99.5,99.87420188325311,0.3742018832531073
random_forest,test,113,2023-12,100.1,99.9656705250846,-0.13432947491538982
random_forest,test,114,2024-01,100.3,100.71303791087793,0.4130379108779323
random_forest,test,115,2024-02,101.0,100.29962648976404,-0.7003735102359627
random_forest,test,116,2024-03,99.0,99.93700374852575,0.9370037485257541
random_forest,test,117,2024-04,100.1,99.81727390496917,-0.28272609503082435
random_forest,test,118,2024-05,99.9,99.8463603932815,-0.053639606718505206
random_forest,test,119,2024-06,99.8,100.00245506405318,0.2024550640531828
random_forest,test,120,2024-07,100.5,100.21949492044877,-0.28050507955123294
random_forest,test,121,2024-08,100.4,100.46562331445729,0.06562331445728375
random_forest,test,122,2024-09,100.0,100.47977753351438,0.4797775335143797
random_forest,test,123,2024-10,99.7,99.85454014583026,0.15454014583025355
random_forest,test,124,2024-11,99.4,99.86266339393457,0.46266339393456235
random_forest,test,125,2024-12,100.0,100.17652248895897,0.17652248895896605
random_forest,test,126,2025-01,100.7,100.40594977652721,-0.2940502234727944
random_forest,test,127,2025-02,99.8,100.70983287962754,0.9098328796275439
random_forest,test,128,2025-03,99.6,100.00193129045978,0.4019312904597854
random_forest,test,129,2025-04,100.1,99.97239548490712,-0.12760451509286952
random_forest,test,130,2025-05,99.8,100.12325768858707,0.32325768858707704
random_forest,test,131,2025-06,99.9,100.01020302769693,0.11020302769692591
random_forest,test,132,2025-07,100.4,100.29764156944248,-0.1023584305575298
random_forest,test,133,2025-08,100.0,100.50838642855749,0.5083864285574862
random_forest,test,134,2025-09,100.1,100.29367393052358,0.1936739305235875
random_forest,test,135,2025-10,100.2,99.83477638832323,-0.3652236116767682
random_forest,test,136,2025-11,99.9,100.10154677676834,0.201546776768339
random_forest,test,137,2025-12,100.2,100.01625687659828,-0.18374312340172594
random_forest,test,138,2026-01,100.2,100.26291869766595,0.06291869766594971
random_forest,test,139,2026-02,101.0,100.36072343487774,-0.6392765651222589
random_forest,test,140,2026-03,99.3,99.70943123031934,0.4094312303193419
random_forest,test,141,2026-04,100.3,99.93644846126664,-0.3635515387333612
gradient_boosting,train,0,2014-07,100.1,100.21058233273163,0.11058233273163864
gradient_boosting,train,1,2014-08,100.2,100.29588115356273,0.09588115356272908
gradient_boosting,train,2,2014-09,100.5,100.35831533234814,-0.14168466765185883
gradient_boosting,train,3,2014-10,100.0,100.1634298389157,0.16342983891570384
gradient_boosting,train,4,2014-11,99.8,99.90308333872554,0.10308333872553987
gradient_boosting,train,5,2014-12,100.3,100.15183631717876,-0.1481636828212345
gradient_boosting,train,6,2015-01,100.3,100.35831533234814,0.05831533234814401
gradient_boosting,train,7,2015-02,101.2,100.67616270790059,-0.5238372920994152
gradient_boosting,train,8,2015-03,99.5,99.66445415441251,0.16445415441251043
gradient_boosting,train,9,2015-04,99.8,99.8468187317096,0.04681873170960671
gradient_boosting,train,10,2015-05,99.8,99.99889354150851,0.1988935415085109
gradient_boosting,train,11,2015-06,100.0,100.05850752293273,0.05850752293272876
gradient_boosting,train,12,2015-07,100.3,100.24635547872434,-0.05364452127565755
gradient_boosting,train,13,2015-08,100.5,100.35831533234814,-0.14168466765185883
gradient_boosting,train,14,2015-09,100.1,100.35831533234814,0.25831533234814685
gradient_boosting,train,15,2015-10,99.7,99.88259187770231,0.18259187770230767
gradient_boosting,train,16,2015-11,100.0,99.86731019273283,-0.1326898072671696
gradient_boosting,train,17,2015-12,100.5,100.31637261458596,-0.18362738541404156
gradient_boosting,train,18,2016-01,100.5,100.37880679337137,-0.12119320662863231
gradient_boosting,train,19,2016-02,101.6,100.67616270790059,-0.9238372920994067
gradient_boosting,train,20,2016-03,99.6,99.61180251375744,0.011802513757444899
gradient_boosting,train,21,2016-04,99.8,99.8468187317096,0.04681873170960671
gradient_boosting,train,22,2016-05,99.5,99.8468187317096,0.34681873170960387
gradient_boosting,train,23,2016-06,99.9,100.05850752293273,0.15850752293272308
gradient_boosting,train,24,2016-07,100.2,100.34303364737866,0.1430336473786582
gradient_boosting,train,25,2016-08,100.1,100.35831533234814,0.25831533234814685
gradient_boosting,train,26,2016-09,100.7,100.27851565835618,-0.42148434164381854
gradient_boosting,train,27,2016-10,99.9,99.88259187770231,-0.017408122297695172
gradient_boosting,train,28,2016-11,100.1,99.99607334414732,-0.1039266558526748
gradient_boosting,train,29,2016-12,100.2,100.18760946317147,-0.012390536828533527
gradient_boosting,train,30,2017-01,101.0,100.37880679337137,-0.6211932066286323
gradient_boosting,train,31,2017-02,99.8,100.09823489129616,0.2982348912961612
gradient_boosting,train,32,2017-03,99.7,99.8468187317096,0.14681873170960102
gradient_boosting,train,33,2017-04,100.1,100.14417464623882,0.044174646238829496
gradient_boosting,train,34,2017-05,99.9,100.07378920790221,0.1737892079022032
gradient_boosting,train,35,2017-06,99.8,100.05850752293273,0.2585075229327316
gradient_boosting,train,36,2017-07,100.1,100.26010800757003,0.16010800757003096
gradient_boosting,train,37,2017-08,100.4,100.22586401770111,-0.1741359822988926
gradient_boosting,train,38,2017-09,100.5,100.35831533234814,-0.14168466765185883
gradient_boosting,train,39,2017-10,100.1,100.03184649014003,-0.06815350985996815
gradient_boosting,train,40,2017-11,100.0,100.05515814852444,0.05515814852444123
gradient_boosting,train,41,2017-12,100.3,100.16711800214824,-0.13288199785175436
gradient_boosting,train,42,2018-01,100.6,100.31637261458596,-0.28362738541403587
gradient_boosting,train,43,2018-02,101.2,100.1469323095805,-1.0530676904194962
gradient_boosting,train,44,2018-03,98.9,99.61180251375744,0.7118025137574335
gradient_boosting,train,45,2018-04,99.8,99.99889354150851,0.1988935415085109
gradient_boosting,train,46,2018-05,99.8,99.8468187317096,0.04681873170960671
gradient_boosting,train,47,2018-06,99.9,100.0380160619095,0.13801606190949656
gradient_boosting,train,48,2018-07,100.3,100.21058233273163,-0.0894176672683642
gradient_boosting,train,49,2018-08,100.7,100.35831533234814,-0.3416846676518617
gradient_boosting,val,50,2018-09,100.7,100.35831533234814,-0.3416846676518617
gradient_boosting,val,51,2018-10,100.2,100.03466668750121,-0.16533331249878813
gradient_boosting,val,52,2018-11,99.7,99.90308333872554,0.2030833387255342
gradient_boosting,val,53,2018-12,100.0,100.15183631717876,0.15183631717876267
gradient_boosting,val,54,2019-01,100.5,100.18760946317147,-0.3123905368285307
gradient_boosting,val,55,2019-02,101.0,100.67616270790059,-0.32383729209941237
gradient_boosting,val,56,2019-03,99.6,99.80299984395734,0.20299984395734327
gradient_boosting,val,57,2019-04,100.1,99.8468187317096,-0.25318126829039045
gradient_boosting,val,58,2019-05,100.0,99.88259187770231,-0.11740812229768949
gradient_boosting,val,59,2019-06,99.9,100.07378920790221,0.1737892079022032
gradient_boosting,val,60,2019-07,100.4,100.28059946859325,-0.11940053140675388
gradient_boosting,val,61,2019-08,100.7,100.37880679337137,-0.32119320662863515
gradient_boosting,val,62,2019-09,100.9,100.35831533234814,-0.5416846676518645
gradient_boosting,val,63,2019-10,100.9,99.94898027885844,-0.951019721141563
gradient_boosting,val,64,2019-11,100.4,99.63229397478067,-0.76770602521934
gradient_boosting,val,65,2019-12,100.0,99.88259187770231,-0.11740812229768949
gradient_boosting,val,66,2020-01,101.4,100.18760946317147,-1.2123905368285364
gradient_boosting,val,67,2020-02,100.8,99.96947173988167,-0.8305282601183279
gradient_boosting,val,68,2020-03,98.8,100.07378920790221,1.2737892079022117
gradient_boosting,val,69,2020-04,99.1,99.99889354150851,0.8988935415085137
gradient_boosting,val,70,2020-05,99.2,99.8468187317096,0.646818731709601
gradient_boosting,val,71,2020-06,99.9,100.0380160619095,0.13801606190949656
gradient_boosting,val,72,2020-07,100.6,100.32254218635543,-0.2774578136445598
gradient_boosting,val,73,2020-08,100.4,100.37880679337137,-0.021193206628637995
gradient_boosting,val,74,2020-09,100.2,100.35831533234814,0.15831533234813833
gradient_boosting,val,75,2020-10,99.7,100.16711800214824,0.46711800214823995
gradient_boosting,val,76,2020-11,99.4,100.15183631717876,0.751836317178757
gradient_boosting,val,77,2020-12,100.7,99.86731019273283,-0.8326898072671725
gradient_boosting,val,78,2021-01,101.0,100.37880679337137,-0.6211932066286323
gradient_boosting,val,79,2021-02,100.6,100.40537334395572,-0.19462665604427798
gradient_boosting,val,80,2021-03,99.5,100.17994779223153,0.6799477922315305
gradient_boosting,val,81,2021-04,99.7,100.14417464623882,0.44417464623882097
gradient_boosting,val,82,2021-05,99.8,99.8468187317096,0.04681873170960671
gradient_boosting,val,83,2021-06,99.6,100.05850752293273,0.45850752293273445
gradient_boosting,val,84,2021-07,100.3,100.34303364737866,0.043033647378663886
gradient_boosting,val,85,2021-08,100.1,100.35831533234814,0.25831533234814685
gradient_boosting,val,86,2021-09,100.0,100.41096697300321,0.4109669730032124
gradient_boosting,val,87,2021-10,100.7,100.17994779223153,-0.5200522077684724
gradient_boosting,val,88,2021-11,100.4,100.03184649014003,-0.3681535098599795
gradient_boosting,val,89,2021-12,99.7,100.37880679337137,0.6788067933713648
gradient_boosting,val,90,2022-01,100.4,100.15183631717876,-0.24816368282124301
gradient_boosting,val,91,2022-02,100.6,100.48496537770069,-0.11503462229930506
gradient_boosting,val,92,2022-03,100.0,100.12644084855728,0.1264408485572801
gradient_boosting,val,93,2022-04,100.4,99.88259187770231,-0.5174081222976952
gradient_boosting,val,94,2022-05,99.8,99.95573497938061,0.1557349793806111
gradient_boosting,test,95,2022-06,100.0,100.0380160619095,0.03801606190950224
gradient_boosting,test,96,2022-07,100.5,100.16711800214824,-0.3328819978517572
gradient_boosting,test,97,2022-08,99.9,100.24635547872434,0.3463554787243339
gradient_boosting,test,98,2022-09,100.3,100.0380160619095,-0.2619839380904949
gradient_boosting,test,99,2022-10,100.1,100.16711800214824,0.06711800214824848
gradient_boosting,test,100,2022-11,99.8,100.43145843402644,0.6314584340264418
gradient_boosting,test,101,2022-12,100.0,99.8468187317096,-0.15318126829039613
gradient_boosting,test,102,2023-01,100.8,100.31637261458596,-0.4836273854140387
gradient_boosting,test,103,2023-02,99.5,100.37880679337137,0.8788067933713677
gradient_boosting,test,104,2023-03,99.7,100.0380160619095,0.3380160619094994
gradient_boosting,test,105,2023-04,99.9,100.15183631717876,0.251836317178757
gradient_boosting,test,106,2023-05,99.8,100.0380160619095,0.23801606190950508
gradient_boosting,test,107,2023-06,99.8,100.0380160619095,0.23801606190950508
gradient_boosting,test,108,2023-07,100.2,100.34303364737866,0.1430336473786582
gradient_boosting,test,109,2023-08,100.3,100.09428066892544,-0.20571933107456175
gradient_boosting,test,110,2023-09,100.2,100.35831533234814,0.15831533234813833
gradient_boosting,test,111,2023-10,99.9,100.05515814852444,0.15515814852443555
gradient_boosting,test,112,2023-11,99.5,99.86731019273283,0.3673101927328304
gradient_boosting,test,113,2023-12,100.1,99.86731019273283,-0.23268980726716393
gradient_boosting,test,114,2024-01,100.3,100.67616270790059,0.3761627079005905
gradient_boosting,test,115,2024-02,101.0,100.1469323095805,-0.8530676904194934
gradient_boosting,test,116,2024-03,99.0,99.74056566517193,0.7405656651719283
gradient_boosting,test,117,2024-04,100.1,99.8468187317096,-0.25318126829039045
gradient_boosting,test,118,2024-05,99.9,99.88259187770231,-0.017408122297695172
gradient_boosting,test,119,2024-06,99.8,100.05850752293273,0.2585075229327316
gradient_boosting,test,120,2024-07,100.5,100.28059946859325,-0.2194005314067482
gradient_boosting,test,121,2024-08,100.4,100.35831533234814,-0.041684667651864515
gradient_boosting,test,122,2024-09,100.0,100.35831533234814,0.35831533234814117
gradient_boosting,test,123,2024-10,99.7,100.17994779223153,0.4799477922315276
gradient_boosting,test,124,2024-11,99.4,99.86731019273283,0.4673101927328247
gradient_boosting,test,125,2024-12,100.0,100.1900908717084,0.19009087170840644
gradient_boosting,test,126,2025-01,100.7,100.37880679337137,-0.32119320662863515
gradient_boosting,test,127,2025-02,99.8,100.67616270790059,0.8761627079005905
gradient_boosting,test,128,2025-03,99.6,100.0380160619095,0.4380160619095079
gradient_boosting,test,129,2025-04,100.1,99.99889354150851,-0.10110645849148625
gradient_boosting,test,130,2025-05,99.8,100.09428066892544,0.29428066892543825
gradient_boosting,test,131,2025-06,99.9,100.05850752293273,0.15850752293272308
gradient_boosting,test,132,2025-07,100.4,100.28059946859325,-0.11940053140675388
gradient_boosting,test,133,2025-08,100.0,100.37880679337137,0.3788067933713677
gradient_boosting,test,134,2025-09,100.1,100.12644084855728,0.02644084855728579
gradient_boosting,test,135,2025-10,100.2,100.20043925325476,0.000439253254754135
gradient_boosting,test,136,2025-11,99.9,100.09428066892544,0.19428066892542972
gradient_boosting,test,137,2025-12,100.2,99.9755818831241,-0.22441811687590985
gradient_boosting,test,138,2026-01,100.2,100.18760946317147,-0.012390536828533527
gradient_boosting,test,139,2026-02,101.0,100.1469323095805,-0.8530676904194934
gradient_boosting,test,140,2026-03,99.3,99.61180251375744,0.31180251375744206
gradient_boosting,test,141,2026-04,100.3,100.01938500253173,-0.2806149974682626
