sample_i_id,sample_j_id,x_i_start_date,x_i_end_date,target_i_date,x_j_start_date,x_j_end_date,target_j_date,cpi_i,cpi_j,delta_cpi,window_distance
12,0,2014-07,2015-06,2015-07,2013-07,2014-06,2014-07,100.3,100.1,0.2,0.759115
13,0,2014-08,2015-07,2015-08,2013-07,2014-06,2014-07,100.5,100.1,0.4,1.008067
13,1,2014-08,2015-07,2015-08,2013-08,2014-07,2014-08,100.5,100.2,0.3,0.777135
14,0,2014-09,2015-08,2015-09,2013-07,2014-06,2014-07,100.1,100.1,0.0,1.615897
14,1,2014-09,2015-08,2015-09,2013-08,2014-07,2014-08,100.1,100.2,-0.1,1.034231
14,2,2014-09,2015-08,2015-09,2013-09,2014-08,2014-09,100.1,100.5,-0.4,0.786265
15,0,2014-10,2015-09,2015-10,2013-07,2014-06,2014-07,99.7,100.1,-0.4,1.649812
15,1,2014-10,2015-09,2015-10,2013-08,2014-07,2014-08,99.7,100.2,-0.5,1.609543
15,2,2014-10,2015-09,2015-10,2013-09,2014-08,2014-09,99.7,100.5,-0.8,1.061483
15,3,2014-10,2015-09,2015-10,2013-10,2014-09,2014-10,99.7,100.0,-0.3,0.845262
16,0,2014-11,2015-10,2015-11,2013-07,2014-06,2014-07,100.0,100.1,-0.1,1.488915
16,1,2014-11,2015-10,2015-11,2013-08,2014-07,2014-08,100.0,100.2,-0.2,1.633608
16,2,2014-11,2015-10,2015-11,2013-09,2014-08,2014-09,100.0,100.5,-0.5,1.597701
16,3,2014-11,2015-10,2015-11,2013-10,2014-09,2014-10,100.0,100.0,0.0,1.075006
16,4,2014-11,2015-10,2015-11,2013-11,2014-10,2014-11,100.0,99.8,0.2,0.843906
17,0,2014-12,2015-11,2015-12,2013-07,2014-06,2014-07,100.5,100.1,0.4,1.206846
17,1,2014-12,2015-11,2015-12,2013-08,2014-07,2014-08,100.5,100.2,0.3,1.496502
17,2,2014-12,2015-11,2015-12,2013-09,2014-08,2014-09,100.5,100.5,0.0,1.614264
17,3,2014-12,2015-11,2015-12,2013-10,2014-09,2014-10,100.5,100.0,0.5,1.563055
17,4,2014-12,2015-11,2015-12,2013-11,2014-10,2014-11,100.5,99.8,0.7,1.068329
17,5,2014-12,2015-11,2015-12,2013-12,2014-11,2014-12,100.5,100.3,0.2,0.862348
18,0,2015-01,2015-12,2016-01,2013-07,2014-06,2014-07,100.5,100.1,0.4,1.270091
18,1,2015-01,2015-12,2016-01,2013-08,2014-07,2014-08,100.5,100.2,0.3,1.219497
18,2,2015-01,2015-12,2016-01,2013-09,2014-08,2014-09,100.5,100.5,0.0,1.51102
18,3,2015-01,2015-12,2016-01,2013-10,2014-09,2014-10,100.5,100.0,0.5,1.619203
18,4,2015-01,2015-12,2016-01,2013-11,2014-10,2014-11,100.5,99.8,0.7,1.573463
18,5,2015-01,2015-12,2016-01,2013-12,2014-11,2014-12,100.5,100.3,0.2,1.121009
18,6,2015-01,2015-12,2016-01,2014-01,2014-12,2015-01,100.5,100.3,0.2,0.860548
19,0,2015-02,2016-01,2016-02,2013-07,2014-06,2014-07,101.6,100.1,1.5,1.382721
19,1,2015-02,2016-01,2016-02,2013-08,2014-07,2014-08,101.6,100.2,1.4,1.28018
19,2,2015-02,2016-01,2016-02,2013-09,2014-08,2014-09,101.6,100.5,1.1,1.234668
19,3,2015-02,2016-01,2016-02,2013-10,2014-09,2014-10,101.6,100.0,1.6,1.509173
19,4,2015-02,2016-01,2016-02,2013-11,2014-10,2014-11,101.6,99.8,1.8,1.627346
19,5,2015-02,2016-01,2016-02,2013-12,2014-11,2014-12,101.6,100.3,1.3,1.592819
19,6,2015-02,2016-01,2016-02,2014-01,2014-12,2015-01,101.6,100.3,1.3,1.113765
19,7,2015-02,2016-01,2016-02,2014-02,2015-01,2015-02,101.6,101.2,0.4,0.68231
20,0,2015-03,2016-02,2016-03,2013-07,2014-06,2014-07,99.6,100.1,-0.5,1.647098
20,1,2015-03,2016-02,2016-03,2013-08,2014-07,2014-08,99.6,100.2,-0.6,1.398371
20,2,2015-03,2016-02,2016-03,2013-09,2014-08,2014-09,99.6,100.5,-0.9,1.385021
20,3,2015-03,2016-02,2016-03,2013-10,2014-09,2014-10,99.6,100.0,-0.4,1.307082
20,4,2015-03,2016-02,2016-03,2013-11,2014-10,2014-11,99.6,99.8,-0.2,1.537577
20,5,2015-03,2016-02,2016-03,2013-12,2014-11,2014-12,99.6,100.3,-0.7,1.651905
20,6,2015-03,2016-02,2016-03,2014-01,2014-12,2015-01,99.6,100.3,-0.7,1.548944
20,7,2015-03,2016-02,2016-03,2014-02,2015-01,2015-02,99.6,101.2,-1.6,1.354254
20,8,2015-03,2016-02,2016-03,2014-03,2015-02,2015-03,99.6,99.5,0.1,0.464866
21,0,2015-04,2016-03,2016-04,2013-07,2014-06,2014-07,99.8,100.1,-0.3,1.680879
21,1,2015-04,2016-03,2016-04,2013-08,2014-07,2014-08,99.8,100.2,-0.4,1.653629
21,2,2015-04,2016-03,2016-04,2013-09,2014-08,2014-09,99.8,100.5,-0.7,1.338182
21,3,2015-04,2016-03,2016-04,2013-10,2014-09,2014-10,99.8,100.0,-0.2,1.306496
21,4,2015-04,2016-03,2016-04,2013-11,2014-10,2014-11,99.8,99.8,0.0,1.287849
21,5,2015-04,2016-03,2016-04,2013-12,2014-11,2014-12,99.8,100.3,-0.5,1.528407
21,6,2015-04,2016-03,2016-04,2014-01,2014-12,2015-01,99.8,100.3,-0.5,1.652098
21,7,2015-04,2016-03,2016-04,2014-02,2015-01,2015-02,99.8,101.2,-1.4,1.410409
21,8,2015-04,2016-03,2016-04,2014-03,2015-02,2015-03,99.8,99.5,0.3,1.472378
21,9,2015-04,2016-03,2016-04,2014-04,2015-03,2015-04,99.8,99.8,0.0,0.478996
22,0,2015-05,2016-04,2016-05,2013-07,2014-06,2014-07,99.5,100.1,-0.6,1.616582
22,1,2015-05,2016-04,2016-05,2013-08,2014-07,2014-08,99.5,100.2,-0.7,1.680879
22,2,2015-05,2016-04,2016-05,2013-09,2014-08,2014-09,99.5,100.5,-1.0,1.630585
22,3,2015-05,2016-04,2016-05,2013-10,2014-09,2014-10,99.5,100.0,-0.5,1.293614
22,4,2015-05,2016-04,2016-05,2013-11,2014-10,2014-11,99.5,99.8,-0.3,1.294299
22,5,2015-05,2016-04,2016-05,2013-12,2014-11,2014-12,99.5,100.3,-0.8,1.27718
22,6,2015-05,2016-04,2016-05,2014-01,2014-12,2015-01,99.5,100.3,-0.8,1.528407
22,7,2015-05,2016-04,2016-05,2014-02,2015-01,2015-02,99.5,101.2,-1.7,1.629577
22,8,2015-05,2016-04,2016-05,2014-03,2015-02,2015-03,99.5,99.5,0.0,1.48528
22,9,2015-05,2016-04,2016-05,2014-04,2015-03,2015-04,99.5,99.8,-0.3,1.472378
22,10,2015-05,2016-04,2016-05,2014-05,2015-04,2015-05,99.5,99.8,-0.3,0.476495
23,0,2015-06,2016-05,2016-06,2013-07,2014-06,2014-07,99.9,100.1,-0.2,1.343493
23,1,2015-06,2016-05,2016-06,2013-08,2014-07,2014-08,99.9,100.2,-0.3,1.601065
23,2,2015-06,2016-05,2016-06,2013-09,2014-08,2014-09,99.9,100.5,-0.6,1.650068
23,3,2015-06,2016-05,2016-06,2013-10,2014-09,2014-10,99.9,100.0,-0.1,1.633085
23,4,2015-06,2016-05,2016-06,2013-11,2014-10,2014-11,99.9,99.8,0.1,1.274612
23,5,2015-06,2016-05,2016-06,2013-12,2014-11,2014-12,99.9,100.3,-0.4,1.25922
23,6,2015-06,2016-05,2016-06,2014-01,2014-12,2015-01,99.9,100.3,-0.4,1.29895
23,7,2015-06,2016-05,2016-06,2014-02,2015-01,2015-02,99.9,101.2,-1.3,1.484069
23,8,2015-06,2016-05,2016-06,2014-03,2015-02,2015-03,99.9,99.5,0.4,1.69732
23,9,2015-06,2016-05,2016-06,2014-04,2015-03,2015-04,99.9,99.8,0.1,1.434657
23,10,2015-06,2016-05,2016-06,2014-05,2015-04,2015-05,99.9,99.8,0.1,1.454933
23,11,2015-06,2016-05,2016-06,2014-06,2015-05,2015-06,99.9,100.0,-0.1,0.443176
24,0,2015-07,2016-06,2016-07,2013-07,2014-06,2014-07,100.2,100.1,0.1,0.922684
24,1,2015-07,2016-06,2016-07,2013-08,2014-07,2014-08,100.2,100.2,0.0,1.341263
24,2,2015-07,2016-06,2016-07,2013-09,2014-08,2014-09,100.2,100.5,-0.3,1.592619
24,3,2015-07,2016-06,2016-07,2013-10,2014-09,2014-10,100.2,100.0,0.2,1.661965
24,4,2015-07,2016-06,2016-07,2013-11,2014-10,2014-11,100.2,99.8,0.4,1.623049
24,5,2015-07,2016-06,2016-07,2013-12,2014-11,2014-12,100.2,100.3,-0.1,1.262278
24,6,2015-07,2016-06,2016-07,2014-01,2014-12,2015-01,100.2,100.3,-0.1,1.265352
24,7,2015-07,2016-06,2016-07,2014-02,2015-01,2015-02,100.2,101.2,-1.0,1.22089
24,8,2015-07,2016-06,2016-07,2014-03,2015-02,2015-03,100.2,99.5,0.7,1.519448
24,9,2015-07,2016-06,2016-07,2014-04,2015-03,2015-04,100.2,99.8,0.4,1.682168
24,10,2015-07,2016-06,2016-07,2014-05,2015-04,2015-05,100.2,99.8,0.4,1.430627
24,11,2015-07,2016-06,2016-07,2014-06,2015-05,2015-06,100.2,100.0,0.2,1.43272
24,12,2015-07,2016-06,2016-07,2014-07,2015-06,2015-07,100.2,100.3,-0.1,0.443324
25,0,2015-08,2016-07,2016-08,2013-07,2014-06,2014-07,100.1,100.1,0.0,1.066032
25,1,2015-08,2016-07,2016-08,2013-08,2014-07,2014-08,100.1,100.2,-0.1,0.917261
25,2,2015-08,2016-07,2016-08,2013-09,2014-08,2014-09,100.1,100.5,-0.4,1.350945
25,3,2015-08,2016-07,2016-08,2013-10,2014-09,2014-10,100.1,100.0,0.1,1.625
25,4,2015-08,2016-07,2016-08,2013-11,2014-10,2014-11,100.1,99.8,0.3,1.661073
25,5,2015-08,2016-07,2016-08,2013-12,2014-11,2014-12,100.1,100.3,-0.2,1.615599
25,6,2015-08,2016-07,2016-08,2014-01,2014-12,2015-01,100.1,100.3,-0.2,1.267022
25,7,2015-08,2016-07,2016-08,2014-02,2015-01,2015-02,100.1,101.2,-1.1,1.262547
25,8,2015-08,2016-07,2016-08,2014-03,2015-02,2015-03,100.1,99.5,0.6,1.28336
25,9,2015-08,2016-07,2016-08,2014-04,2015-03,2015-04,100.1,99.8,0.3,1.504504
25,10,2015-08,2016-07,2016-08,2014-05,2015-04,2015-05,100.1,99.8,0.3,1.677
25,11,2015-08,2016-07,2016-08,2014-06,2015-05,2015-06,100.1,100.0,0.1,1.432346
25,12,2015-08,2016-07,2016-08,2014-07,2015-06,2015-07,100.1,100.3,-0.2,1.426354
25,13,2015-08,2016-07,2016-08,2014-08,2015-07,2015-08,100.1,100.5,-0.4,0.442391
26,0,2015-09,2016-08,2016-09,2013-07,2014-06,2014-07,100.7,100.1,0.6,1.457582
26,1,2015-09,2016-08,2016-09,2013-08,2014-07,2014-08,100.7,100.2,0.5,1.044775
26,2,2015-09,2016-08,2016-09,2013-09,2014-08,2014-09,100.7,100.5,0.2,0.936496
26,3,2015-09,2016-08,2016-09,2013-10,2014-09,2014-10,100.7,100.0,0.7,1.415645
26,4,2015-09,2016-08,2016-09,2013-11,2014-10,2014-11,100.7,99.8,0.9,1.621881
26,5,2015-09,2016-08,2016-09,2013-12,2014-11,2014-12,100.7,100.3,0.4,1.637666
26,6,2015-09,2016-08,2016-09,2014-01,2014-12,2015-01,100.7,100.3,0.4,1.635244
26,7,2015-09,2016-08,2016-09,2014-02,2015-01,2015-02,100.7,101.2,-0.5,1.347386
26,8,2015-09,2016-08,2016-09,2014-03,2015-02,2015-03,100.7,99.5,1.2,1.358285
26,9,2015-09,2016-08,2016-09,2014-04,2015-03,2015-04,100.7,99.8,0.9,1.205649
26,10,2015-09,2016-08,2016-09,2014-05,2015-04,2015-05,100.7,99.8,0.9,1.464524
26,11,2015-09,2016-08,2016-09,2014-06,2015-05,2015-06,100.7,100.0,0.7,1.669784
26,12,2015-09,2016-08,2016-09,2014-07,2015-06,2015-07,100.7,100.3,0.4,1.410943
26,13,2015-09,2016-08,2016-09,2014-08,2015-07,2015-08,100.7,100.5,0.2,1.425207
26,14,2015-09,2016-08,2016-09,2014-09,2015-08,2015-09,100.7,100.1,0.6,0.483646
27,0,2015-10,2016-09,2016-10,2013-07,2014-06,2014-07,99.9,100.1,-0.2,1.600741
27,1,2015-10,2016-09,2016-10,2013-08,2014-07,2014-08,99.9,100.2,-0.3,1.470266
27,2,2015-10,2016-09,2016-10,2013-09,2014-08,2014-09,99.9,100.5,-0.6,1.044783
27,3,2015-10,2016-09,2016-10,2013-10,2014-09,2014-10,99.9,100.0,-0.1,0.816596
27,4,2015-10,2016-09,2016-10,2013-11,2014-10,2014-11,99.9,99.8,0.1,1.437932
27,5,2015-10,2016-09,2016-10,2013-12,2014-11,2014-12,99.9,100.3,-0.4,1.657001
27,6,2015-10,2016-09,2016-10,2014-01,2014-12,2015-01,99.9,100.3,-0.4,1.605697
27,7,2015-10,2016-09,2016-10,2014-02,2015-01,2015-02,99.9,101.2,-1.3,1.641907
27,8,2015-10,2016-09,2016-10,2014-03,2015-02,2015-03,99.9,99.5,0.4,1.197162
27,9,2015-10,2016-09,2016-10,2014-04,2015-03,2015-04,99.9,99.8,0.1,1.456175
27,10,2015-10,2016-09,2016-10,2014-05,2015-04,2015-05,99.9,99.8,0.1,1.271056
27,11,2015-10,2016-09,2016-10,2014-06,2015-05,2015-06,99.9,100.0,-0.1,1.504599
27,12,2015-10,2016-09,2016-10,2014-07,2015-06,2015-07,99.9,100.3,-0.4,1.678499
27,13,2015-10,2016-09,2016-10,2014-08,2015-07,2015-08,99.9,100.5,-0.6,1.388439
27,14,2015-10,2016-09,2016-10,2014-09,2015-08,2015-09,99.9,100.1,-0.2,1.377348
27,15,2015-10,2016-09,2016-10,2014-10,2015-09,2015-10,99.9,99.7,0.2,0.515067
28,0,2015-11,2016-10,2016-11,2013-07,2014-06,2014-07,100.1,100.1,0.0,1.481138
28,1,2015-11,2016-10,2016-11,2013-08,2014-07,2014-08,100.1,100.2,-0.1,1.608876
28,2,2015-11,2016-10,2016-11,2013-09,2014-08,2014-09,100.1,100.5,-0.4,1.43548
28,3,2015-11,2016-10,2016-11,2013-10,2014-09,2014-10,100.1,100.0,0.1,0.910727
28,4,2015-11,2016-10,2016-11,2013-11,2014-10,2014-11,100.1,99.8,0.3,0.794495
28,5,2015-11,2016-10,2016-11,2013-12,2014-11,2014-12,100.1,100.3,-0.2,1.44321
28,6,2015-11,2016-10,2016-11,2014-01,2014-12,2015-01,100.1,100.3,-0.2,1.653889
28,7,2015-11,2016-10,2016-11,2014-02,2015-01,2015-02,100.1,101.2,-1.1,1.545826
28,8,2015-11,2016-10,2016-11,2014-03,2015-02,2015-03,100.1,99.5,0.6,1.609568
28,9,2015-11,2016-10,2016-11,2014-04,2015-03,2015-04,100.1,99.8,0.3,1.230027
28,10,2015-11,2016-10,2016-11,2014-05,2015-04,2015-05,100.1,99.8,0.3,1.486829
28,11,2015-11,2016-10,2016-11,2014-06,2015-05,2015-06,100.1,100.0,0.1,1.249275
28,12,2015-11,2016-10,2016-11,2014-07,2015-06,2015-07,100.1,100.3,-0.2,1.524469
28,13,2015-11,2016-10,2016-11,2014-08,2015-07,2015-08,100.1,100.5,-0.4,1.695516
28,14,2015-11,2016-10,2016-11,2014-09,2015-08,2015-09,100.1,100.1,0.0,1.407594
28,15,2015-11,2016-10,2016-11,2014-10,2015-09,2015-10,100.1,99.7,0.4,1.326662
28,16,2015-11,2016-10,2016-11,2014-11,2015-10,2015-11,100.1,100.0,0.1,0.50083
29,0,2015-12,2016-11,2016-12,2013-07,2014-06,2014-07,100.2,100.1,0.1,1.237592
29,1,2015-12,2016-11,2016-12,2013-08,2014-07,2014-08,100.2,100.2,0.0,1.483832
29,2,2015-12,2016-11,2016-12,2013-09,2014-08,2014-09,100.2,100.5,-0.3,1.600171
29,3,2015-12,2016-11,2016-12,2013-10,2014-09,2014-10,100.2,100.0,0.2,1.411394
29,4,2015-12,2016-11,2016-12,2013-11,2014-10,2014-11,100.2,99.8,0.4,0.909458
29,5,2015-12,2016-11,2016-12,2013-12,2014-11,2014-12,100.2,100.3,-0.1,0.811505
29,6,2015-12,2016-11,2016-12,2014-01,2014-12,2015-01,100.2,100.3,-0.1,1.438816
29,7,2015-12,2016-11,2016-12,2014-02,2015-01,2015-02,100.2,101.2,-1.0,1.67567
29,8,2015-12,2016-11,2016-12,2014-03,2015-02,2015-03,100.2,99.5,0.7,1.515836
29,9,2015-12,2016-11,2016-12,2014-04,2015-03,2015-04,100.2,99.8,0.4,1.624528
29,10,2015-12,2016-11,2016-12,2014-05,2015-04,2015-05,100.2,99.8,0.4,1.241456
29,11,2015-12,2016-11,2016-12,2014-06,2015-05,2015-06,100.2,100.0,0.2,1.479017
29,12,2015-12,2016-11,2016-12,2014-07,2015-06,2015-07,100.2,100.3,-0.1,1.256329
29,13,2015-12,2016-11,2016-12,2014-08,2015-07,2015-08,100.2,100.5,-0.3,1.529551
29,14,2015-12,2016-11,2016-12,2014-09,2015-08,2015-09,100.2,100.1,0.1,1.694706
29,15,2015-12,2016-11,2016-12,2014-10,2015-09,2015-10,100.2,99.7,0.5,1.388423
29,16,2015-12,2016-11,2016-12,2014-11,2015-10,2015-11,100.2,100.0,0.2,1.325201
29,17,2015-12,2016-11,2016-12,2014-12,2015-11,2015-12,100.2,100.5,-0.3,0.495625
30,0,2016-01,2016-12,2017-01,2013-07,2014-06,2014-07,101.0,100.1,0.9,1.406444
30,1,2016-01,2016-12,2017-01,2013-08,2014-07,2014-08,101.0,100.2,0.8,1.226069
30,2,2016-01,2016-12,2017-01,2013-09,2014-08,2014-09,101.0,100.5,0.5,1.510721
30,3,2016-01,2016-12,2017-01,2013-10,2014-09,2014-10,101.0,100.0,1.0,1.664777
30,4,2016-01,2016-12,2017-01,2013-11,2014-10,2014-11,101.0,99.8,1.2,1.407808
30,5,2016-01,2016-12,2017-01,2013-12,2014-11,2014-12,101.0,100.3,0.7,0.880009
30,6,2016-01,2016-12,2017-01,2014-01,2014-12,2015-01,101.0,100.3,0.7,0.824338
30,7,2016-01,2016-12,2017-01,2014-02,2015-01,2015-02,101.0,101.2,-0.2,1.543051
30,8,2016-01,2016-12,2017-01,2014-03,2015-02,2015-03,101.0,99.5,1.5,1.631763
30,9,2016-01,2016-12,2017-01,2014-04,2015-03,2015-04,101.0,99.8,1.2,1.470368
30,10,2016-01,2016-12,2017-01,2014-05,2015-04,2015-05,101.0,99.8,1.2,1.600244
30,11,2016-01,2016-12,2017-01,2014-06,2015-05,2015-06,101.0,100.0,1.0,1.242202
30,12,2016-01,2016-12,2017-01,2014-07,2015-06,2015-07,101.0,100.3,0.7,1.463514
30,13,2016-01,2016-12,2017-01,2014-08,2015-07,2015-08,101.0,100.5,0.5,1.251425
30,14,2016-01,2016-12,2017-01,2014-09,2015-08,2015-09,101.0,100.1,0.9,1.530433
30,15,2016-01,2016-12,2017-01,2014-10,2015-09,2015-10,101.0,99.7,1.3,1.728957
30,16,2016-01,2016-12,2017-01,2014-11,2015-10,2015-11,101.0,100.0,1.0,1.380729
30,17,2016-01,2016-12,2017-01,2014-12,2015-11,2015-12,101.0,100.5,0.5,1.295285
30,18,2016-01,2016-12,2017-01,2015-01,2015-12,2016-01,101.0,100.5,0.5,0.544392
31,0,2016-02,2017-01,2017-02,2013-07,2014-06,2014-07,99.8,100.1,-0.3,1.48675
31,1,2016-02,2017-01,2017-02,2013-08,2014-07,2014-08,99.8,100.2,-0.4,1.419005
31,2,2016-02,2017-01,2017-02,2013-09,2014-08,2014-09,99.8,100.5,-0.7,1.259599
31,3,2016-02,2017-01,2017-02,2013-10,2014-09,2014-10,99.8,100.0,-0.2,1.491707
31,4,2016-02,2017-01,2017-02,2013-11,2014-10,2014-11,99.8,99.8,0.0,1.67036
31,5,2016-02,2017-01,2017-02,2013-12,2014-11,2014-12,99.8,100.3,-0.5,1.459383
31,6,2016-02,2017-01,2017-02,2014-01,2014-12,2015-01,99.8,100.3,-0.5,0.894413
31,7,2016-02,2017-01,2017-02,2014-02,2015-01,2015-02,99.8,101.2,-1.4,0.708521
31,8,2016-02,2017-01,2017-02,2014-03,2015-02,2015-03,99.8,99.5,0.3,1.315638
31,9,2016-02,2017-01,2017-02,2014-04,2015-03,2015-04,99.8,99.8,0.0,1.682966
31,10,2016-02,2017-01,2017-02,2014-05,2015-04,2015-05,99.8,99.8,0.0,1.49993
31,11,2016-02,2017-01,2017-02,2014-06,2015-05,2015-06,99.8,100.0,-0.2,1.637556
31,12,2016-02,2017-01,2017-02,2014-07,2015-06,2015-07,99.8,100.3,-0.5,1.261955
31,13,2016-02,2017-01,2017-02,2014-08,2015-07,2015-08,99.8,100.5,-0.7,1.425795
31,14,2016-02,2017-01,2017-02,2014-09,2015-08,2015-09,99.8,100.1,-0.3,1.196859
31,15,2016-02,2017-01,2017-02,2014-10,2015-09,2015-10,99.8,99.7,0.1,1.55779
31,16,2016-02,2017-01,2017-02,2014-11,2015-10,2015-11,99.8,100.0,-0.2,1.756132
31,17,2016-02,2017-01,2017-02,2014-12,2015-11,2015-12,99.8,100.5,-0.7,1.381909
31,18,2016-02,2017-01,2017-02,2015-01,2015-12,2016-01,99.8,100.5,-0.7,1.244196
31,19,2016-02,2017-01,2017-02,2015-02,2016-01,2016-02,99.8,101.6,-1.8,0.547106
32,0,2016-03,2017-02,2017-03,2013-07,2014-06,2014-07,99.7,100.1,-0.4,1.427665
32,1,2016-03,2017-02,2017-03,2013-08,2014-07,2014-08,99.7,100.2,-0.5,1.457475
32,2,2016-03,2017-02,2017-03,2013-09,2014-08,2014-09,99.7,100.5,-0.8,1.571475
32,3,2016-03,2017-02,2017-03,2013-10,2014-09,2014-10,99.7,100.0,-0.3,1.573389
32,4,2016-03,2017-02,2017-03,2013-11,2014-10,2014-11,99.7,99.8,-0.1,1.480774
32,5,2016-03,2017-02,2017-03,2013-12,2014-11,2014-12,99.7,100.3,-0.6,1.617769
32,6,2016-03,2017-02,2017-03,2014-01,2014-12,2015-01,99.7,100.3,-0.6,1.57894
32,7,2016-03,2017-02,2017-03,2014-02,2015-01,2015-02,99.7,101.2,-1.5,1.2835
32,8,2016-03,2017-02,2017-03,2014-03,2015-02,2015-03,99.7,99.5,0.2,1.191167
32,9,2016-03,2017-02,2017-03,2014-04,2015-03,2015-04,99.7,99.8,-0.1,0.723271
32,10,2016-03,2017-02,2017-03,2014-05,2015-04,2015-05,99.7,99.8,-0.1,1.566754
32,11,2016-03,2017-02,2017-03,2014-06,2015-05,2015-06,99.7,100.0,-0.3,1.481373
32,12,2016-03,2017-02,2017-03,2014-07,2015-06,2015-07,99.7,100.3,-0.6,1.617729
32,13,2016-03,2017-02,2017-03,2014-08,2015-07,2015-08,99.7,100.5,-0.8,1.199136
32,14,2016-03,2017-02,2017-03,2014-09,2015-08,2015-09,99.7,100.1,-0.4,1.48917
32,15,2016-03,2017-02,2017-03,2014-10,2015-09,2015-10,99.7,99.7,0.0,1.285182
32,16,2016-03,2017-02,2017-03,2014-11,2015-10,2015-11,99.7,100.0,-0.3,1.511078
32,17,2016-03,2017-02,2017-03,2014-12,2015-11,2015-12,99.7,100.5,-0.8,1.755931
32,18,2016-03,2017-02,2017-03,2015-01,2015-12,2016-01,99.7,100.5,-0.8,1.488174
32,19,2016-03,2017-02,2017-03,2015-02,2016-01,2016-02,99.7,101.6,-1.9,1.296826
32,20,2016-03,2017-02,2017-03,2015-03,2016-02,2016-03,99.7,99.6,0.1,1.219078
33,0,2016-04,2017-03,2017-04,2013-07,2014-06,2014-07,100.1,100.1,0.0,1.65286
33,1,2016-04,2017-03,2017-04,2013-08,2014-07,2014-08,100.1,100.2,-0.1,1.431362
33,2,2016-04,2017-03,2017-04,2013-09,2014-08,2014-09,100.1,100.5,-0.4,1.409792
33,3,2016-04,2017-03,2017-04,2013-10,2014-09,2014-10,100.1,100.0,0.1,1.526158
33,4,2016-04,2017-03,2017-04,2013-11,2014-10,2014-11,100.1,99.8,0.3,1.564648
33,5,2016-04,2017-03,2017-04,2013-12,2014-11,2014-12,100.1,100.3,-0.2,1.476338
33,6,2016-04,2017-03,2017-04,2014-01,2014-12,2015-01,100.1,100.3,-0.2,1.616374
33,7,2016-04,2017-03,2017-04,2014-02,2015-01,2015-02,100.1,101.2,-1.1,1.475328
33,8,2016-04,2017-03,2017-04,2014-03,2015-02,2015-03,100.1,99.5,0.6,1.400234
33,9,2016-04,2017-03,2017-04,2014-04,2015-03,2015-04,100.1,99.8,0.3,1.211959
33,10,2016-04,2017-03,2017-04,2014-05,2015-04,2015-05,100.1,99.8,0.3,0.737743
33,11,2016-04,2017-03,2017-04,2014-06,2015-05,2015-06,100.1,100.0,0.1,1.531902
33,12,2016-04,2017-03,2017-04,2014-07,2015-06,2015-07,100.1,100.3,-0.2,1.502816
33,13,2016-04,2017-03,2017-04,2014-08,2015-07,2015-08,100.1,100.5,-0.4,1.643779
33,14,2016-04,2017-03,2017-04,2014-09,2015-08,2015-09,100.1,100.1,0.0,1.242099
33,15,2016-04,2017-03,2017-04,2014-10,2015-09,2015-10,100.1,99.7,0.4,1.431415
33,16,2016-04,2017-03,2017-04,2014-11,2015-10,2015-11,100.1,100.0,0.1,1.250435
33,17,2016-04,2017-03,2017-04,2014-12,2015-11,2015-12,100.1,100.5,-0.4,1.548166
33,18,2016-04,2017-03,2017-04,2015-01,2015-12,2016-01,100.1,100.5,-0.4,1.770437
33,19,2016-04,2017-03,2017-04,2015-02,2016-01,2016-02,100.1,101.6,-1.5,1.506333
33,20,2016-04,2017-03,2017-04,2015-03,2016-02,2016-03,100.1,99.6,0.5,1.327228
33,21,2016-04,2017-03,2017-04,2015-04,2016-03,2016-04,100.1,99.8,0.3,1.244707
34,0,2016-05,2017-04,2017-05,2013-07,2014-06,2014-07,99.9,100.1,-0.2,1.596375
34,1,2016-05,2017-04,2017-05,2013-08,2014-07,2014-08,99.9,100.2,-0.3,1.666658
34,2,2016-05,2017-04,2017-05,2013-09,2014-08,2014-09,99.9,100.5,-0.6,1.399705
34,3,2016-05,2017-04,2017-05,2013-10,2014-09,2014-10,99.9,100.0,-0.1,1.333969
34,4,2016-05,2017-04,2017-05,2013-11,2014-10,2014-11,99.9,99.8,0.1,1.533273
34,5,2016-05,2017-04,2017-05,2013-12,2014-11,2014-12,99.9,100.3,-0.4,1.59023
34,6,2016-05,2017-04,2017-05,2014-01,2014-12,2015-01,99.9,100.3,-0.4,1.459284
34,7,2016-05,2017-04,2017-05,2014-02,2015-01,2015-02,99.9,101.2,-1.3,1.566152
34,8,2016-05,2017-04,2017-05,2014-03,2015-02,2015-03,99.9,99.5,0.4,1.414214
34,9,2016-05,2017-04,2017-05,2014-04,2015-03,2015-04,99.9,99.8,0.1,1.466542
34,10,2016-05,2017-04,2017-05,2014-05,2015-04,2015-05,99.9,99.8,0.1,1.257047
34,11,2016-05,2017-04,2017-05,2014-06,2015-05,2015-06,99.9,100.0,-0.1,0.750359
34,12,2016-05,2017-04,2017-05,2014-07,2015-06,2015-07,99.9,100.3,-0.4,1.55644
34,13,2016-05,2017-04,2017-05,2014-08,2015-07,2015-08,99.9,100.5,-0.6,1.50662
34,14,2016-05,2017-04,2017-05,2014-09,2015-08,2015-09,99.9,100.1,-0.2,1.637439
34,15,2016-05,2017-04,2017-05,2014-10,2015-09,2015-10,99.9,99.7,0.2,1.191581
34,16,2016-05,2017-04,2017-05,2014-11,2015-10,2015-11,99.9,100.0,-0.1,1.444565
34,17,2016-05,2017-04,2017-05,2014-12,2015-11,2015-12,99.9,100.5,-0.6,1.279195
34,18,2016-05,2017-04,2017-05,2015-01,2015-12,2016-01,99.9,100.5,-0.6,1.531523
34,19,2016-05,2017-04,2017-05,2015-02,2016-01,2016-02,99.9,101.6,-1.7,1.757875
34,20,2016-05,2017-04,2017-05,2015-03,2016-02,2016-03,99.9,99.6,0.3,1.4086
34,21,2016-05,2017-04,2017-05,2015-04,2016-03,2016-04,99.9,99.8,0.1,1.385357
34,22,2016-05,2017-04,2017-05,2015-05,2016-04,2016-05,99.9,99.5,0.4,1.279241
35,0,2016-06,2017-05,2017-06,2013-07,2014-06,2014-07,99.8,100.1,-0.3,1.021563
35,1,2016-06,2017-05,2017-06,2013-08,2014-07,2014-08,99.8,100.2,-0.4,1.627452
35,2,2016-06,2017-05,2017-06,2013-09,2014-08,2014-09,99.8,100.5,-0.7,1.632146
35,3,2016-06,2017-05,2017-06,2013-10,2014-09,2014-10,99.8,100.0,-0.2,1.249945
35,4,2016-06,2017-05,2017-06,2013-11,2014-10,2014-11,99.8,99.8,0.0,1.324446
35,5,2016-06,2017-05,2017-06,2013-12,2014-11,2014-12,99.8,100.3,-0.5,1.570993
35,6,2016-06,2017-05,2017-06,2014-01,2014-12,2015-01,99.8,100.3,-0.5,1.582313
35,7,2016-06,2017-05,2017-06,2014-02,2015-01,2015-02,99.8,101.2,-1.4,1.179636
35,8,2016-06,2017-05,2017-06,2014-03,2015-02,2015-03,99.8,99.5,0.3,1.532047
35,9,2016-06,2017-05,2017-06,2014-04,2015-03,2015-04,99.8,99.8,0.0,1.510195
35,10,2016-06,2017-05,2017-06,2014-05,2015-04,2015-05,99.8,99.8,0.0,1.546405
35,11,2016-06,2017-05,2017-06,2014-06,2015-05,2015-06,99.8,100.0,-0.2,1.220758
35,12,2016-06,2017-05,2017-06,2014-07,2015-06,2015-07,99.8,100.3,-0.5,0.724514
35,13,2016-06,2017-05,2017-06,2014-08,2015-07,2015-08,99.8,100.5,-0.7,1.589132
35,14,2016-06,2017-05,2017-06,2014-09,2015-08,2015-09,99.8,100.1,-0.3,1.529625
35,15,2016-06,2017-05,2017-06,2014-10,2015-09,2015-10,99.8,99.7,0.1,1.588072
35,16,2016-06,2017-05,2017-06,2014-11,2015-10,2015-11,99.8,100.0,-0.2,1.168675
35,17,2016-06,2017-05,2017-06,2014-12,2015-11,2015-12,99.8,100.5,-0.7,1.510543
35,18,2016-06,2017-05,2017-06,2015-01,2015-12,2016-01,99.8,100.5,-0.7,1.258467
35,19,2016-06,2017-05,2017-06,2015-02,2016-01,2016-02,99.8,101.6,-1.8,1.534837
35,20,2016-06,2017-05,2017-06,2015-03,2016-02,2016-03,99.8,99.6,0.2,1.652533
35,21,2016-06,2017-05,2017-06,2015-04,2016-03,2016-04,99.8,99.8,0.0,1.499797
35,22,2016-06,2017-05,2017-06,2015-05,2016-04,2016-05,99.8,99.5,0.3,1.432983
35,23,2016-06,2017-05,2017-06,2015-06,2016-05,2016-06,99.8,99.9,-0.1,1.301586
36,0,2016-07,2017-06,2017-07,2013-07,2014-06,2014-07,100.1,100.1,0.0,0.698569
36,1,2016-07,2017-06,2017-07,2013-08,2014-07,2014-08,100.1,100.2,-0.1,1.0245
36,2,2016-07,2017-06,2017-07,2013-09,2014-08,2014-09,100.1,100.5,-0.4,1.605494
36,3,2016-07,2017-06,2017-07,2013-10,2014-09,2014-10,100.1,100.0,0.1,1.631819
36,4,2016-07,2017-06,2017-07,2013-11,2014-10,2014-11,100.1,99.8,0.3,1.236061
36,5,2016-07,2017-06,2017-07,2013-12,2014-11,2014-12,100.1,100.3,-0.2,1.302332
36,6,2016-07,2017-06,2017-07,2014-01,2014-12,2015-01,100.1,100.3,-0.2,1.574572
36,7,2016-07,2017-06,2017-07,2014-02,2015-01,2015-02,100.1,101.2,-1.1,1.559807
36,8,2016-07,2017-06,2017-07,2014-03,2015-02,2015-03,100.1,99.5,0.6,1.367252
36,9,2016-07,2017-06,2017-07,2014-04,2015-03,2015-04,100.1,99.8,0.3,1.507358
36,10,2016-07,2017-06,2017-07,2014-05,2015-04,2015-05,100.1,99.8,0.3,1.506306
36,11,2016-07,2017-06,2017-07,2014-06,2015-05,2015-06,100.1,100.0,0.1,1.504927
36,12,2016-07,2017-06,2017-07,2014-07,2015-06,2015-07,100.1,100.3,-0.2,1.227583
36,13,2016-07,2017-06,2017-07,2014-08,2015-07,2015-08,100.1,100.5,-0.4,0.792225
36,14,2016-07,2017-06,2017-07,2014-09,2015-08,2015-09,100.1,100.1,0.0,1.615967
36,15,2016-07,2017-06,2017-07,2014-10,2015-09,2015-10,100.1,99.7,0.4,1.49611
36,16,2016-07,2017-06,2017-07,2014-11,2015-10,2015-11,100.1,100.0,0.1,1.542248
36,17,2016-07,2017-06,2017-07,2014-12,2015-11,2015-12,100.1,100.5,-0.4,1.183715
36,18,2016-07,2017-06,2017-07,2015-01,2015-12,2016-01,100.1,100.5,-0.4,1.534957
36,19,2016-07,2017-06,2017-07,2015-02,2016-01,2016-02,100.1,101.6,-1.5,1.296885
36,20,2016-07,2017-06,2017-07,2015-03,2016-02,2016-03,100.1,99.6,0.5,1.579749
36,21,2016-07,2017-06,2017-07,2015-04,2016-03,2016-04,100.1,99.8,0.3,1.643175
36,22,2016-07,2017-06,2017-07,2015-05,2016-04,2016-05,100.1,99.5,0.6,1.486609
36,23,2016-07,2017-06,2017-07,2015-06,2016-05,2016-06,100.1,99.9,0.2,1.391154
36,24,2016-07,2017-06,2017-07,2015-07,2016-06,2016-07,100.1,100.2,-0.1,1.288355
37,0,2016-08,2017-07,2017-08,2013-07,2014-06,2014-07,100.4,100.1,0.3,1.455684
37,1,2016-08,2017-07,2017-08,2013-08,2014-07,2014-08,100.4,100.2,0.2,0.688781
37,2,2016-08,2017-07,2017-08,2013-09,2014-08,2014-09,100.4,100.5,-0.1,1.026203
37,3,2016-08,2017-07,2017-08,2013-10,2014-09,2014-10,100.4,100.0,0.4,1.641327
37,4,2016-08,2017-07,2017-08,2013-11,2014-10,2014-11,100.4,99.8,0.6,1.628651
37,5,2016-08,2017-07,2017-08,2013-12,2014-11,2014-12,100.4,100.3,0.1,1.226473
37,6,2016-08,2017-07,2017-08,2014-01,2014-12,2015-01,100.4,100.3,0.1,1.309593
37,7,2016-08,2017-07,2017-08,2014-02,2015-01,2015-02,100.4,101.2,-0.8,1.656723
37,8,2016-08,2017-07,2017-08,2014-03,2015-02,2015-03,100.4,99.5,0.9,1.538549
37,9,2016-08,2017-07,2017-08,2014-04,2015-03,2015-04,100.4,99.8,0.6,1.341669
37,10,2016-08,2017-07,2017-08,2014-05,2015-04,2015-05,100.4,99.8,0.6,1.493816
37,11,2016-08,2017-07,2017-08,2014-06,2015-05,2015-06,100.4,100.0,0.4,1.500885
37,12,2016-08,2017-07,2017-08,2014-07,2015-06,2015-07,100.4,100.3,0.1,1.498534
37,13,2016-08,2017-07,2017-08,2014-08,2015-07,2015-08,100.4,100.5,-0.1,1.228848
37,14,2016-08,2017-07,2017-08,2014-09,2015-08,2015-09,100.4,100.1,0.3,0.820361
37,15,2016-08,2017-07,2017-08,2014-10,2015-09,2015-10,100.4,99.7,0.7,1.630476
37,16,2016-08,2017-07,2017-08,2014-11,2015-10,2015-11,100.4,100.0,0.4,1.486933
37,17,2016-08,2017-07,2017-08,2014-12,2015-11,2015-12,100.4,100.5,-0.1,1.535344
37,18,2016-08,2017-07,2017-08,2015-01,2015-12,2016-01,100.4,100.5,-0.1,1.198252
37,19,2016-08,2017-07,2017-08,2015-02,2016-01,2016-02,100.4,101.6,-1.2,1.539093
37,20,2016-08,2017-07,2017-08,2015-03,2016-02,2016-03,100.4,99.6,0.8,1.351523
37,21,2016-08,2017-07,2017-08,2015-04,2016-03,2016-04,100.4,99.8,0.6,1.564314
37,22,2016-08,2017-07,2017-08,2015-05,2016-04,2016-05,100.4,99.5,0.9,1.632861
37,23,2016-08,2017-07,2017-08,2015-06,2016-05,2016-06,100.4,99.9,0.5,1.470737
37,24,2016-08,2017-07,2017-08,2015-07,2016-06,2016-07,100.4,100.2,0.2,1.385517
37,25,2016-08,2017-07,2017-08,2015-08,2016-07,2016-08,100.4,100.1,0.3,1.291562
38,0,2016-09,2017-08,2017-09,2013-07,2014-06,2014-07,100.5,100.1,0.4,1.606866
38,1,2016-09,2017-08,2017-09,2013-08,2014-07,2014-08,100.5,100.2,0.3,1.465657
38,2,2016-09,2017-08,2017-09,2013-09,2014-08,2014-09,100.5,100.5,0.0,0.67763
38,3,2016-09,2017-08,2017-09,2013-10,2014-09,2014-10,100.5,100.0,0.5,0.933142
38,4,2016-09,2017-08,2017-09,2013-11,2014-10,2014-11,100.5,99.8,0.7,1.650017
38,5,2016-09,2017-08,2017-09,2013-12,2014-11,2014-12,100.5,100.3,0.2,1.6555
38,6,2016-09,2017-08,2017-09,2014-01,2014-12,2015-01,100.5,100.3,0.2,1.207416
38,7,2016-09,2017-08,2017-09,2014-02,2015-01,2015-02,100.5,101.2,-0.7,1.231124
38,8,2016-09,2017-08,2017-09,2014-03,2015-02,2015-03,100.5,99.5,1.0,1.479332
38,9,2016-09,2017-08,2017-09,2014-04,2015-03,2015-04,100.5,99.8,0.7,1.600537
38,10,2016-09,2017-08,2017-09,2014-05,2015-04,2015-05,100.5,99.8,0.7,1.383462
38,11,2016-09,2017-08,2017-09,2014-06,2015-05,2015-06,100.5,100.0,0.5,1.521823
38,12,2016-09,2017-08,2017-09,2014-07,2015-06,2015-07,100.5,100.3,0.2,1.51358
38,13,2016-09,2017-08,2017-09,2014-08,2015-07,2015-08,100.5,100.5,0.0,1.480489
38,14,2016-09,2017-08,2017-09,2014-09,2015-08,2015-09,100.5,100.1,0.4,1.198086
38,15,2016-09,2017-08,2017-09,2014-10,2015-09,2015-10,100.5,99.7,0.8,0.818263
38,16,2016-09,2017-08,2017-09,2014-11,2015-10,2015-11,100.5,100.0,0.5,1.655577
38,17,2016-09,2017-08,2017-09,2014-12,2015-11,2015-12,100.5,100.5,0.0,1.500983
38,18,2016-09,2017-08,2017-09,2015-01,2015-12,2016-01,100.5,100.5,0.0,1.495043
38,19,2016-09,2017-08,2017-09,2015-02,2016-01,2016-02,100.5,101.6,-1.1,1.166562
38,20,2016-09,2017-08,2017-09,2015-03,2016-02,2016-03,100.5,99.6,0.9,1.398017
38,21,2016-09,2017-08,2017-09,2015-04,2016-03,2016-04,100.5,99.8,0.7,1.408138
38,22,2016-09,2017-08,2017-09,2015-05,2016-04,2016-05,100.5,99.5,1.0,1.593784
38,23,2016-09,2017-08,2017-09,2015-06,2016-05,2016-06,100.5,99.9,0.6,1.668267
38,24,2016-09,2017-08,2017-09,2015-07,2016-06,2016-07,100.5,100.2,0.3,1.4907
38,25,2016-09,2017-08,2017-09,2015-08,2016-07,2016-08,100.5,100.1,0.4,1.381914
38,26,2016-09,2017-08,2017-09,2015-09,2016-08,2016-09,100.5,100.7,-0.2,1.292385
39,0,2016-10,2017-09,2017-10,2013-07,2014-06,2014-07,100.1,100.1,0.0,1.398244
39,1,2016-10,2017-09,2017-10,2013-08,2014-07,2014-08,100.1,100.2,-0.1,1.610936
39,2,2016-10,2017-09,2017-10,2013-09,2014-08,2014-09,100.1,100.5,-0.4,1.535959
39,3,2016-10,2017-09,2017-10,2013-10,2014-09,2014-10,100.1,100.0,0.1,0.727046
39,4,2016-10,2017-09,2017-10,2013-11,2014-10,2014-11,100.1,99.8,0.3,0.917735
39,5,2016-10,2017-09,2017-10,2013-12,2014-11,2014-12,100.1,100.3,-0.2,1.655707
39,6,2016-10,2017-09,2017-10,2014-01,2014-12,2015-01,100.1,100.3,-0.2,1.681202
39,7,2016-10,2017-09,2017-10,2014-02,2015-01,2015-02,100.1,101.2,-1.1,1.392926
39,8,2016-10,2017-09,2017-10,2014-03,2015-02,2015-03,100.1,99.5,0.6,1.197558
39,9,2016-10,2017-09,2017-10,2014-04,2015-03,2015-04,100.1,99.8,0.3,1.43408
39,10,2016-10,2017-09,2017-10,2014-05,2015-04,2015-05,100.1,99.8,0.3,1.569755
39,11,2016-10,2017-09,2017-10,2014-06,2015-05,2015-06,100.1,100.0,0.1,1.424111
39,12,2016-10,2017-09,2017-10,2014-07,2015-06,2015-07,100.1,100.3,-0.2,1.498796
39,13,2016-10,2017-09,2017-10,2014-08,2015-07,2015-08,100.1,100.5,-0.4,1.488859
39,14,2016-10,2017-09,2017-10,2014-09,2015-08,2015-09,100.1,100.1,0.0,1.444877
39,15,2016-10,2017-09,2017-10,2014-10,2015-09,2015-10,100.1,99.7,0.4,1.276047
39,16,2016-10,2017-09,2017-10,2014-11,2015-10,2015-11,100.1,100.0,0.1,0.855857
39,17,2016-10,2017-09,2017-10,2014-12,2015-11,2015-12,100.1,100.5,-0.4,1.62796
39,18,2016-10,2017-09,2017-10,2015-01,2015-12,2016-01,100.1,100.5,-0.4,1.489595
39,19,2016-10,2017-09,2017-10,2015-02,2016-01,2016-02,100.1,101.6,-1.5,1.482709
39,20,2016-10,2017-09,2017-10,2015-03,2016-02,2016-03,100.1,99.6,0.5,1.216661
39,21,2016-10,2017-09,2017-10,2015-04,2016-03,2016-04,100.1,99.8,0.3,1.338192
39,22,2016-10,2017-09,2017-10,2015-05,2016-04,2016-05,100.1,99.5,0.6,1.381675
39,23,2016-10,2017-09,2017-10,2015-06,2016-05,2016-06,100.1,99.9,0.2,1.604663
39,24,2016-10,2017-09,2017-10,2015-07,2016-06,2016-07,100.1,100.2,-0.1,1.681677
39,25,2016-10,2017-09,2017-10,2015-08,2016-07,2016-08,100.1,100.1,0.0,1.513873
39,26,2016-10,2017-09,2017-10,2015-09,2016-08,2016-09,100.1,100.7,-0.6,1.447281
39,27,2016-10,2017-09,2017-10,2015-10,2016-09,2016-10,100.1,99.9,0.2,1.212445
40,0,2016-11,2017-10,2017-11,2013-07,2014-06,2014-07,100.0,100.1,-0.1,1.296066
40,1,2016-11,2017-10,2017-11,2013-08,2014-07,2014-08,100.0,100.2,-0.2,1.406104
40,2,2016-11,2017-10,2017-11,2013-09,2014-08,2014-09,100.0,100.5,-0.5,1.592341
40,3,2016-11,2017-10,2017-11,2013-10,2014-09,2014-10,100.0,100.0,0.0,1.490407
40,4,2016-11,2017-10,2017-11,2013-11,2014-10,2014-11,100.0,99.8,0.2,0.718936
40,5,2016-11,2017-10,2017-11,2013-12,2014-11,2014-12,100.0,100.3,-0.3,0.945627
40,6,2016-11,2017-10,2017-11,2014-01,2014-12,2015-01,100.0,100.3,-0.3,1.647365
40,7,2016-11,2017-10,2017-11,2014-02,2015-01,2015-02,100.0,101.2,-1.2,1.665831
40,8,2016-11,2017-10,2017-11,2014-03,2015-02,2015-03,100.0,99.5,0.5,1.375653
40,9,2016-11,2017-10,2017-11,2014-04,2015-03,2015-04,100.0,99.8,0.2,1.25287
40,10,2016-11,2017-10,2017-11,2014-05,2015-04,2015-05,100.0,99.8,0.2,1.47153
40,11,2016-11,2017-10,2017-11,2014-06,2015-05,2015-06,100.0,100.0,0.0,1.56713
40,12,2016-11,2017-10,2017-11,2014-07,2015-06,2015-07,100.0,100.3,-0.3,1.443485
40,13,2016-11,2017-10,2017-11,2014-08,2015-07,2015-08,100.0,100.5,-0.5,1.504878
40,14,2016-11,2017-10,2017-11,2014-09,2015-08,2015-09,100.0,100.1,-0.1,1.488552
40,15,2016-11,2017-10,2017-11,2014-10,2015-09,2015-10,100.0,99.7,0.3,1.412861
40,16,2016-11,2017-10,2017-11,2014-11,2015-10,2015-11,100.0,100.0,0.0,1.284824
40,17,2016-11,2017-10,2017-11,2014-12,2015-11,2015-12,100.0,100.5,-0.5,0.873392
40,18,2016-11,2017-10,2017-11,2015-01,2015-12,2016-01,100.0,100.5,-0.5,1.61785
40,19,2016-11,2017-10,2017-11,2015-02,2016-01,2016-02,100.0,101.6,-1.6,1.480916
40,20,2016-11,2017-10,2017-11,2015-03,2016-02,2016-03,100.0,99.6,0.4,1.412874
40,21,2016-11,2017-10,2017-11,2015-04,2016-03,2016-04,100.0,99.8,0.2,1.261867
40,22,2016-11,2017-10,2017-11,2015-05,2016-04,2016-05,100.0,99.5,0.5,1.36419
40,23,2016-11,2017-10,2017-11,2015-06,2016-05,2016-06,100.0,99.9,0.1,1.404021
40,24,2016-11,2017-10,2017-11,2015-07,2016-06,2016-07,100.0,100.2,-0.2,1.615266
40,25,2016-11,2017-10,2017-11,2015-08,2016-07,2016-08,100.0,100.1,-0.1,1.67876
40,26,2016-11,2017-10,2017-11,2015-09,2016-08,2016-09,100.0,100.7,-0.7,1.4921
40,27,2016-11,2017-10,2017-11,2015-10,2016-09,2016-10,100.0,99.9,0.1,1.45543
40,28,2016-11,2017-10,2017-11,2015-11,2016-10,2016-11,100.0,100.1,-0.1,1.240841
41,0,2016-12,2017-11,2017-12,2013-07,2014-06,2014-07,100.3,100.1,0.2,1.609681
41,1,2016-12,2017-11,2017-12,2013-08,2014-07,2014-08,100.3,100.2,0.1,1.292425
41,2,2016-12,2017-11,2017-12,2013-09,2014-08,2014-09,100.3,100.5,-0.2,1.401819
41,3,2016-12,2017-11,2017-12,2013-10,2014-09,2014-10,100.3,100.0,0.3,1.613489
41,4,2016-12,2017-11,2017-12,2013-11,2014-10,2014-11,100.3,99.8,0.5,1.481842
41,5,2016-12,2017-11,2017-12,2013-12,2014-11,2014-12,100.3,100.3,0.0,0.709308
41,6,2016-12,2017-11,2017-12,2014-01,2014-12,2015-01,100.3,100.3,0.0,0.959909
41,7,2016-12,2017-11,2017-12,2014-02,2015-01,2015-02,100.3,101.2,-0.9,1.708657
41,8,2016-12,2017-11,2017-12,2014-03,2015-02,2015-03,100.3,99.5,0.8,1.643976
41,9,2016-12,2017-11,2017-12,2014-04,2015-03,2015-04,100.3,99.8,0.5,1.349265
41,10,2016-12,2017-11,2017-12,2014-05,2015-04,2015-05,100.3,99.8,0.5,1.236602
41,11,2016-12,2017-11,2017-12,2014-06,2015-05,2015-06,100.3,100.0,0.3,1.452572
41,12,2016-12,2017-11,2017-12,2014-07,2015-06,2015-07,100.3,100.3,0.0,1.564366
41,13,2016-12,2017-11,2017-12,2014-08,2015-07,2015-08,100.3,100.5,-0.2,1.452638
41,14,2016-12,2017-11,2017-12,2014-09,2015-08,2015-09,100.3,100.1,0.2,1.518857
41,15,2016-12,2017-11,2017-12,2014-10,2015-09,2015-10,100.3,99.7,0.6,1.482444
41,16,2016-12,2017-11,2017-12,2014-11,2015-10,2015-11,100.3,100.0,0.3,1.392021
41,17,2016-12,2017-11,2017-12,2014-12,2015-11,2015-12,100.3,100.5,-0.2,1.281195
41,18,2016-12,2017-11,2017-12,2015-01,2015-12,2016-01,100.3,100.5,-0.2,0.920536
41,19,2016-12,2017-11,2017-12,2015-02,2016-01,2016-02,100.3,101.6,-1.3,1.626761
41,20,2016-12,2017-11,2017-12,2015-03,2016-02,2016-03,100.3,99.6,0.7,1.517922
41,21,2016-12,2017-11,2017-12,2015-04,2016-03,2016-04,100.3,99.8,0.5,1.39454
41,22,2016-12,2017-11,2017-12,2015-05,2016-04,2016-05,100.3,99.5,0.8,1.248176
41,23,2016-12,2017-11,2017-12,2015-06,2016-05,2016-06,100.3,99.9,0.4,1.340873
41,24,2016-12,2017-11,2017-12,2015-07,2016-06,2016-07,100.3,100.2,0.1,1.394525
41,25,2016-12,2017-11,2017-12,2015-08,2016-07,2016-08,100.3,100.1,0.2,1.614576
41,26,2016-12,2017-11,2017-12,2015-09,2016-08,2016-09,100.3,100.7,-0.4,1.67656
41,27,2016-12,2017-11,2017-12,2015-10,2016-09,2016-10,100.3,99.9,0.4,1.510677
41,28,2016-12,2017-11,2017-12,2015-11,2016-10,2016-11,100.3,100.1,0.2,1.44977
41,29,2016-12,2017-11,2017-12,2015-12,2016-11,2016-12,100.3,100.2,0.1,1.23916
42,0,2017-01,2017-12,2018-01,2013-07,2014-06,2014-07,100.6,100.1,0.5,1.646391
42,1,2017-01,2017-12,2018-01,2013-08,2014-07,2014-08,100.6,100.2,0.4,1.611772
42,2,2017-01,2017-12,2018-01,2013-09,2014-08,2014-09,100.6,100.5,0.1,1.298224
42,3,2017-01,2017-12,2018-01,2013-10,2014-09,2014-10,100.6,100.0,0.6,1.394228
42,4,2017-01,2017-12,2018-01,2013-11,2014-10,2014-11,100.6,99.8,0.8,1.619044
42,5,2017-01,2017-12,2018-01,2013-12,2014-11,2014-12,100.6,100.3,0.3,1.496697
42,6,2017-01,2017-12,2018-01,2014-01,2014-12,2015-01,100.6,100.3,0.3,0.703048
42,7,2017-01,2017-12,2018-01,2014-02,2015-01,2015-02,100.6,101.2,-0.6,0.797082
42,8,2017-01,2017-12,2018-01,2014-03,2015-02,2015-03,100.6,99.5,1.1,1.572794
42,9,2017-01,2017-12,2018-01,2014-04,2015-03,2015-04,100.6,99.8,0.8,1.664108
42,10,2017-01,2017-12,2018-01,2014-05,2015-04,2015-05,100.6,99.8,0.8,1.360287
42,11,2017-01,2017-12,2018-01,2014-06,2015-05,2015-06,100.6,100.0,0.6,1.266108
42,12,2017-01,2017-12,2018-01,2014-07,2015-06,2015-07,100.6,100.3,0.3,1.454868
42,13,2017-01,2017-12,2018-01,2014-08,2015-07,2015-08,100.6,100.5,0.1,1.551784
42,14,2017-01,2017-12,2018-01,2014-09,2015-08,2015-09,100.6,100.1,0.5,1.43098
42,15,2017-01,2017-12,2018-01,2014-10,2015-09,2015-10,100.6,99.7,0.9,1.531987
42,16,2017-01,2017-12,2018-01,2014-11,2015-10,2015-11,100.6,100.0,0.6,1.501791
42,17,2017-01,2017-12,2018-01,2014-12,2015-11,2015-12,100.6,100.5,0.1,1.391427
42,18,2017-01,2017-12,2018-01,2015-01,2015-12,2016-01,100.6,100.5,0.1,1.264572
42,19,2017-01,2017-12,2018-01,2015-02,2016-01,2016-02,100.6,101.6,-1.0,0.9109
42,20,2017-01,2017-12,2018-01,2015-03,2016-02,2016-03,100.6,99.6,1.0,1.546167
42,21,2017-01,2017-12,2018-01,2015-04,2016-03,2016-04,100.6,99.8,0.8,1.53506
42,22,2017-01,2017-12,2018-01,2015-05,2016-04,2016-05,100.6,99.5,1.1,1.407737
42,23,2017-01,2017-12,2018-01,2015-06,2016-05,2016-06,100.6,99.9,0.7,1.287568
42,24,2017-01,2017-12,2018-01,2015-07,2016-06,2016-07,100.6,100.2,0.4,1.352627
42,25,2017-01,2017-12,2018-01,2015-08,2016-07,2016-08,100.6,100.1,0.5,1.395408
42,26,2017-01,2017-12,2018-01,2015-09,2016-08,2016-09,100.6,100.7,-0.1,1.624448
42,27,2017-01,2017-12,2018-01,2015-10,2016-09,2016-10,100.6,99.9,0.7,1.641211
42,28,2017-01,2017-12,2018-01,2015-11,2016-10,2016-11,100.6,100.1,0.5,1.516424
42,29,2017-01,2017-12,2018-01,2015-12,2016-11,2016-12,100.6,100.2,0.4,1.45064
42,30,2017-01,2017-12,2018-01,2016-01,2016-12,2017-01,100.6,101.0,-0.4,1.244245
43,0,2017-02,2018-01,2018-02,2013-07,2014-06,2014-07,101.2,100.1,1.1,1.277198
43,1,2017-02,2018-01,2018-02,2013-08,2014-07,2014-08,101.2,100.2,1.0,1.684284
43,2,2017-02,2018-01,2018-02,2013-09,2014-08,2014-09,101.2,100.5,0.7,1.777019
43,3,2017-02,2018-01,2018-02,2013-10,2014-09,2014-10,101.2,100.0,1.2,1.481909
43,4,2017-02,2018-01,2018-02,2013-11,2014-10,2014-11,101.2,99.8,1.4,1.405454
43,5,2017-02,2018-01,2018-02,2013-12,2014-11,2014-12,101.2,100.3,0.9,1.641931
43,6,2017-02,2018-01,2018-02,2014-01,2014-12,2015-01,101.2,100.3,0.9,1.550567
43,7,2017-02,2018-01,2018-02,2014-02,2015-01,2015-02,101.2,101.2,0.0,0.952896
43,8,2017-02,2018-01,2018-02,2014-03,2015-02,2015-03,101.2,99.5,1.7,0.729641
43,9,2017-02,2018-01,2018-02,2014-04,2015-03,2015-04,101.2,99.8,1.4,1.494485
43,10,2017-02,2018-01,2018-02,2014-05,2015-04,2015-05,101.2,99.8,1.4,1.631415
43,11,2017-02,2018-01,2018-02,2014-06,2015-05,2015-06,101.2,100.0,1.2,1.41505
43,12,2017-02,2018-01,2018-02,2014-07,2015-06,2015-07,101.2,100.3,0.9,1.141239
43,13,2017-02,2018-01,2018-02,2014-08,2015-07,2015-08,101.2,100.5,0.7,1.411278
43,14,2017-02,2018-01,2018-02,2014-09,2015-08,2015-09,101.2,100.1,1.1,1.525649
43,15,2017-02,2018-01,2018-02,2014-10,2015-09,2015-10,101.2,99.7,1.5,1.590964
43,16,2017-02,2018-01,2018-02,2014-11,2015-10,2015-11,101.2,100.0,1.2,1.596771
43,17,2017-02,2018-01,2018-02,2014-12,2015-11,2015-12,101.2,100.5,0.7,1.420379
43,18,2017-02,2018-01,2018-02,2015-01,2015-12,2016-01,101.2,100.5,0.7,1.372153
43,19,2017-02,2018-01,2018-02,2015-02,2016-01,2016-02,101.2,101.6,-0.4,1.208193
43,20,2017-02,2018-01,2018-02,2015-03,2016-02,2016-03,101.2,99.6,1.6,1.003629
43,21,2017-02,2018-01,2018-02,2015-04,2016-03,2016-04,101.2,99.8,1.4,1.45822
43,22,2017-02,2018-01,2018-02,2015-05,2016-04,2016-05,101.2,99.5,1.7,1.50476
43,23,2017-02,2018-01,2018-02,2015-06,2016-05,2016-06,101.2,99.9,1.3,1.401561
43,24,2017-02,2018-01,2018-02,2015-07,2016-06,2016-07,101.2,100.2,1.0,1.244858
43,25,2017-02,2018-01,2018-02,2015-08,2016-07,2016-08,101.2,100.1,1.1,1.377373
43,26,2017-02,2018-01,2018-02,2015-09,2016-08,2016-09,101.2,100.7,0.5,1.517555
43,27,2017-02,2018-01,2018-02,2015-10,2016-09,2016-10,101.2,99.9,1.3,1.563777
43,28,2017-02,2018-01,2018-02,2015-11,2016-10,2016-11,101.2,100.1,1.1,1.605095
43,29,2017-02,2018-01,2018-02,2015-12,2016-11,2016-12,101.2,100.2,1.0,1.496856
43,30,2017-02,2018-01,2018-02,2016-01,2016-12,2017-01,101.2,101.0,0.2,1.558718
43,31,2017-02,2018-01,2018-02,2016-02,2017-01,2017-02,101.2,99.8,1.4,1.163067
44,0,2017-03,2018-02,2018-03,2013-07,2014-06,2014-07,98.9,100.1,-1.2,1.452652
44,1,2017-03,2018-02,2018-03,2013-08,2014-07,2014-08,98.9,100.2,-1.3,1.371053
44,2,2017-03,2018-02,2018-03,2013-09,2014-08,2014-09,98.9,100.5,-1.6,1.572977
44,3,2017-03,2018-02,2018-03,2013-10,2014-09,2014-10,98.9,100.0,-1.1,1.496054
44,4,2017-03,2018-02,2018-03,2013-11,2014-10,2014-11,98.9,99.8,-0.9,1.5239
44,5,2017-03,2018-02,2018-03,2013-12,2014-11,2014-12,98.9,100.3,-1.4,1.566974
44,6,2017-03,2018-02,2018-03,2014-01,2014-12,2015-01,98.9,100.3,-1.4,1.496178
44,7,2017-03,2018-02,2018-03,2014-02,2015-01,2015-02,98.9,101.2,-2.3,1.272669
44,8,2017-03,2018-02,2018-03,2014-03,2015-02,2015-03,98.9,99.5,-0.6,0.402966
44,9,2017-03,2018-02,2018-03,2014-04,2015-03,2015-04,98.9,99.8,-0.9,1.363321
44,10,2017-03,2018-02,2018-03,2014-05,2015-04,2015-05,98.9,99.8,-0.9,1.640687
44,11,2017-03,2018-02,2018-03,2014-06,2015-05,2015-06,98.9,100.0,-1.1,1.67543
44,12,2017-03,2018-02,2018-03,2014-07,2015-06,2015-07,98.9,100.3,-1.4,1.486511
44,13,2017-03,2018-02,2018-03,2014-08,2015-07,2015-08,98.9,100.5,-1.6,1.161764
44,14,2017-03,2018-02,2018-03,2014-09,2015-08,2015-09,98.9,100.1,-1.2,1.276114
44,15,2017-03,2018-02,2018-03,2014-10,2015-09,2015-10,98.9,99.7,-0.8,1.469962
44,16,2017-03,2018-02,2018-03,2014-11,2015-10,2015-11,98.9,100.0,-1.1,1.68099
44,17,2017-03,2018-02,2018-03,2014-12,2015-11,2015-12,98.9,100.5,-1.6,1.621577
44,18,2017-03,2018-02,2018-03,2015-01,2015-12,2016-01,98.9,100.5,-1.6,1.260048
44,19,2017-03,2018-02,2018-03,2015-02,2016-01,2016-02,98.9,101.6,-2.7,1.235134
44,20,2017-03,2018-02,2018-03,2015-03,2016-02,2016-03,98.9,99.6,-0.7,0.454882
44,21,2017-03,2018-02,2018-03,2015-04,2016-03,2016-04,98.9,99.8,-0.9,1.411341
44,22,2017-03,2018-02,2018-03,2015-05,2016-04,2016-05,98.9,99.5,-0.6,1.594933
44,23,2017-03,2018-02,2018-03,2015-06,2016-05,2016-06,98.9,99.9,-1.0,1.684678
44,24,2017-03,2018-02,2018-03,2015-07,2016-06,2016-07,98.9,100.2,-1.3,1.49618
44,25,2017-03,2018-02,2018-03,2015-08,2016-07,2016-08,98.9,100.1,-1.2,1.269792
44,26,2017-03,2018-02,2018-03,2015-09,2016-08,2016-09,98.9,100.7,-1.8,1.362601
44,27,2017-03,2018-02,2018-03,2015-10,2016-09,2016-10,98.9,99.9,-1.0,1.338245
44,28,2017-03,2018-02,2018-03,2015-11,2016-10,2016-11,98.9,100.1,-1.2,1.637903
44,29,2017-03,2018-02,2018-03,2015-12,2016-11,2016-12,98.9,100.2,-1.3,1.593947
44,30,2017-03,2018-02,2018-03,2016-01,2016-12,2017-01,98.9,101.0,-2.1,1.439595
44,31,2017-03,2018-02,2018-03,2016-02,2017-01,2017-02,98.9,99.8,-0.9,1.263399
44,32,2017-03,2018-02,2018-03,2016-03,2017-02,2017-03,98.9,99.7,-0.8,1.081784
45,0,2017-04,2018-03,2018-04,2013-07,2014-06,2014-07,99.8,100.1,-0.3,1.531916
45,1,2017-04,2018-03,2018-04,2013-08,2014-07,2014-08,99.8,100.2,-0.4,1.422187
45,2,2017-04,2018-03,2018-04,2013-09,2014-08,2014-09,99.8,100.5,-0.7,1.342128
45,3,2017-04,2018-03,2018-04,2013-10,2014-09,2014-10,99.8,100.0,-0.2,1.577234
45,4,2017-04,2018-03,2018-04,2013-11,2014-10,2014-11,99.8,99.8,0.0,1.428553
45,5,2017-04,2018-03,2018-04,2013-12,2014-11,2014-12,99.8,100.3,-0.5,1.4065
45,6,2017-04,2018-03,2018-04,2014-01,2014-12,2015-01,99.8,100.3,-0.5,1.565722
45,7,2017-04,2018-03,2018-04,2014-02,2015-01,2015-02,99.8,101.2,-1.4,1.426454
45,8,2017-04,2018-03,2018-04,2014-03,2015-02,2015-03,99.8,99.5,0.3,1.650553
45,9,2017-04,2018-03,2018-04,2014-04,2015-03,2015-04,99.8,99.8,0.0,0.481913
45,10,2017-04,2018-03,2018-04,2014-05,2015-04,2015-05,99.8,99.8,0.0,1.311739
45,11,2017-04,2018-03,2018-04,2014-06,2015-05,2015-06,99.8,100.0,-0.2,1.482366
45,12,2017-04,2018-03,2018-04,2014-07,2015-06,2015-07,99.8,100.3,-0.5,1.605025
45,13,2017-04,2018-03,2018-04,2014-08,2015-07,2015-08,99.8,100.5,-0.7,1.527057
45,14,2017-04,2018-03,2018-04,2014-09,2015-08,2015-09,99.8,100.1,-0.3,1.354875
45,15,2017-04,2018-03,2018-04,2014-10,2015-09,2015-10,99.8,99.7,0.1,1.238417
45,16,2017-04,2018-03,2018-04,2014-11,2015-10,2015-11,99.8,100.0,-0.2,1.328053
45,17,2017-04,2018-03,2018-04,2014-12,2015-11,2015-12,99.8,100.5,-0.7,1.62394
45,18,2017-04,2018-03,2018-04,2015-01,2015-12,2016-01,99.8,100.5,-0.7,1.657368
45,19,2017-04,2018-03,2018-04,2015-02,2016-01,2016-02,99.8,101.6,-1.8,1.401809
45,20,2017-04,2018-03,2018-04,2015-03,2016-02,2016-03,99.8,99.6,0.2,1.581038
45,21,2017-04,2018-03,2018-04,2015-04,2016-03,2016-04,99.8,99.8,0.0,0.602606
45,22,2017-04,2018-03,2018-04,2015-05,2016-04,2016-05,99.8,99.5,0.3,1.341061
45,23,2017-04,2018-03,2018-04,2015-06,2016-05,2016-06,99.8,99.9,-0.1,1.408537
45,24,2017-04,2018-03,2018-04,2015-07,2016-06,2016-07,99.8,100.2,-0.4,1.572549
45,25,2017-04,2018-03,2018-04,2015-08,2016-07,2016-08,99.8,100.1,-0.3,1.472692
45,26,2017-04,2018-03,2018-04,2015-09,2016-08,2016-09,99.8,100.7,-0.9,1.251854
45,27,2017-04,2018-03,2018-04,2015-10,2016-09,2016-10,99.8,99.9,-0.1,1.520946
45,28,2017-04,2018-03,2018-04,2015-11,2016-10,2016-11,99.8,100.1,-0.3,1.328561
45,29,2017-04,2018-03,2018-04,2015-12,2016-11,2016-12,99.8,100.2,-0.4,1.581089
45,30,2017-04,2018-03,2018-04,2016-01,2016-12,2017-01,99.8,101.0,-1.2,1.526909
45,31,2017-04,2018-03,2018-04,2016-02,2017-01,2017-02,99.8,99.8,0.0,1.592949
45,32,2017-04,2018-03,2018-04,2016-03,2017-02,2017-03,99.8,99.7,0.1,0.824194
45,33,2017-04,2018-03,2018-04,2016-04,2017-03,2017-04,99.8,100.1,-0.3,1.080528
46,0,2017-05,2018-04,2018-05,2013-07,2014-06,2014-07,99.8,100.1,-0.3,1.639779
46,1,2017-05,2018-04,2018-05,2013-08,2014-07,2014-08,99.8,100.2,-0.4,1.522666
46,2,2017-05,2018-04,2018-05,2013-09,2014-08,2014-09,99.8,100.5,-0.7,1.419565
46,3,2017-05,2018-04,2018-05,2013-10,2014-09,2014-10,99.8,100.0,-0.2,1.364093
46,4,2017-05,2018-04,2018-05,2013-11,2014-10,2014-11,99.8,99.8,0.0,1.561155
46,5,2017-05,2018-04,2018-05,2013-12,2014-11,2014-12,99.8,100.3,-0.5,1.398059
46,6,2017-05,2018-04,2018-05,2014-01,2014-12,2015-01,99.8,100.3,-0.5,1.420812
46,7,2017-05,2018-04,2018-05,2014-02,2015-01,2015-02,99.8,101.2,-1.4,1.615462
46,8,2017-05,2018-04,2018-05,2014-03,2015-02,2015-03,99.8,99.5,0.3,1.51448
46,9,2017-05,2018-04,2018-05,2014-04,2015-03,2015-04,99.8,99.8,0.0,1.603084
46,10,2017-05,2018-04,2018-05,2014-05,2015-04,2015-05,99.8,99.8,0.0,0.395728
46,11,2017-05,2018-04,2018-05,2014-06,2015-05,2015-06,99.8,100.0,-0.2,1.284179
46,12,2017-05,2018-04,2018-05,2014-07,2015-06,2015-07,99.8,100.3,-0.5,1.47373
46,13,2017-05,2018-04,2018-05,2014-08,2015-07,2015-08,99.8,100.5,-0.7,1.614455
46,14,2017-05,2018-04,2018-05,2014-09,2015-08,2015-09,99.8,100.1,-0.3,1.549978
46,15,2017-05,2018-04,2018-05,2014-10,2015-09,2015-10,99.8,99.7,0.1,1.345097
46,16,2017-05,2018-04,2018-05,2014-11,2015-10,2015-11,99.8,100.0,-0.2,1.207512
46,17,2017-05,2018-04,2018-05,2014-12,2015-11,2015-12,99.8,100.5,-0.7,1.320776
46,18,2017-05,2018-04,2018-05,2015-01,2015-12,2016-01,99.8,100.5,-0.7,1.642084
46,19,2017-05,2018-04,2018-05,2015-02,2016-01,2016-02,99.8,101.6,-1.8,1.672778
46,20,2017-05,2018-04,2018-05,2015-03,2016-02,2016-03,99.8,99.6,0.2,1.494482
46,21,2017-05,2018-04,2018-05,2015-04,2016-03,2016-04,99.8,99.8,0.0,1.547933
46,22,2017-05,2018-04,2018-05,2015-05,2016-04,2016-05,99.8,99.5,0.3,0.565326
46,23,2017-05,2018-04,2018-05,2015-06,2016-05,2016-06,99.8,99.9,-0.1,1.298125
46,24,2017-05,2018-04,2018-05,2015-07,2016-06,2016-07,99.8,100.2,-0.4,1.391227
46,25,2017-05,2018-04,2018-05,2015-08,2016-07,2016-08,99.8,100.1,-0.3,1.571499
46,26,2017-05,2018-04,2018-05,2015-09,2016-08,2016-09,99.8,100.7,-0.9,1.466619
46,27,2017-05,2018-04,2018-05,2015-10,2016-09,2016-10,99.8,99.9,-0.1,1.303509
46,28,2017-05,2018-04,2018-05,2015-11,2016-10,2016-11,99.8,100.1,-0.3,1.507027
46,29,2017-05,2018-04,2018-05,2015-12,2016-11,2016-12,99.8,100.2,-0.4,1.324547
46,30,2017-05,2018-04,2018-05,2016-01,2016-12,2017-01,99.8,101.0,-1.2,1.578654
46,31,2017-05,2018-04,2018-05,2016-02,2017-01,2017-02,99.8,99.8,0.0,1.563568
46,32,2017-05,2018-04,2018-05,2016-03,2017-02,2017-03,99.8,99.7,0.1,1.613511
46,33,2017-05,2018-04,2018-05,2016-04,2017-03,2017-04,99.8,100.1,-0.3,0.769565
46,34,2017-05,2018-04,2018-05,2016-05,2017-04,2017-05,99.8,99.9,-0.1,1.085403
47,0,2017-06,2018-05,2018-06,2013-07,2014-06,2014-07,99.9,100.1,-0.2,1.300543
47,1,2017-06,2018-05,2018-06,2013-08,2014-07,2014-08,99.9,100.2,-0.3,1.635834
47,2,2017-06,2018-05,2018-06,2013-09,2014-08,2014-09,99.9,100.5,-0.6,1.507522
47,3,2017-06,2018-05,2018-06,2013-10,2014-09,2014-10,99.9,100.0,-0.1,1.409898
47,4,2017-06,2018-05,2018-06,2013-11,2014-10,2014-11,99.9,99.8,0.1,1.353634
47,5,2017-06,2018-05,2018-06,2013-12,2014-11,2014-12,99.9,100.3,-0.4,1.543283
47,6,2017-06,2018-05,2018-06,2014-01,2014-12,2015-01,99.9,100.3,-0.4,1.402922
47,7,2017-06,2018-05,2018-06,2014-02,2015-01,2015-02,99.9,101.2,-1.3,1.370212
47,8,2017-06,2018-05,2018-06,2014-03,2015-02,2015-03,99.9,99.5,0.4,1.621556
47,9,2017-06,2018-05,2018-06,2014-04,2015-03,2015-04,99.9,99.8,0.1,1.498123
47,10,2017-06,2018-05,2018-06,2014-05,2015-04,2015-05,99.9,99.8,0.1,1.60243
47,11,2017-06,2018-05,2018-06,2014-06,2015-05,2015-06,99.9,100.0,-0.1,0.378627
47,12,2017-06,2018-05,2018-06,2014-07,2015-06,2015-07,99.9,100.3,-0.4,1.287311
47,13,2017-06,2018-05,2018-06,2014-08,2015-07,2015-08,99.9,100.5,-0.6,1.48844
47,14,2017-06,2018-05,2018-06,2014-09,2015-08,2015-09,99.9,100.1,-0.2,1.630862
47,15,2017-06,2018-05,2018-06,2014-10,2015-09,2015-10,99.9,99.7,0.2,1.52939
47,16,2017-06,2018-05,2018-06,2014-11,2015-10,2015-11,99.9,100.0,-0.1,1.318686
47,17,2017-06,2018-05,2018-06,2014-12,2015-11,2015-12,99.9,100.5,-0.6,1.215213
47,18,2017-06,2018-05,2018-06,2015-01,2015-12,2016-01,99.9,100.5,-0.6,1.345658
47,19,2017-06,2018-05,2018-06,2015-02,2016-01,2016-02,99.9,101.6,-1.7,1.652963
47,20,2017-06,2018-05,2018-06,2015-03,2016-02,2016-03,99.9,99.6,0.3,1.674584
47,21,2017-06,2018-05,2018-06,2015-04,2016-03,2016-04,99.9,99.8,0.1,1.488054
47,22,2017-06,2018-05,2018-06,2015-05,2016-04,2016-05,99.9,99.5,0.4,1.539181
47,23,2017-06,2018-05,2018-06,2015-06,2016-05,2016-06,99.9,99.9,0.0,0.576115
47,24,2017-06,2018-05,2018-06,2015-07,2016-06,2016-07,99.9,100.2,-0.3,1.288939
47,25,2017-06,2018-05,2018-06,2015-08,2016-07,2016-08,99.9,100.1,-0.2,1.387457
47,26,2017-06,2018-05,2018-06,2015-09,2016-08,2016-09,99.9,100.7,-0.8,1.555316
47,27,2017-06,2018-05,2018-06,2015-10,2016-09,2016-10,99.9,99.9,0.0,1.500024
47,28,2017-06,2018-05,2018-06,2015-11,2016-10,2016-11,99.9,100.1,-0.2,1.305836
47,29,2017-06,2018-05,2018-06,2015-12,2016-11,2016-12,99.9,100.2,-0.3,1.509164
47,30,2017-06,2018-05,2018-06,2016-01,2016-12,2017-01,99.9,101.0,-1.1,1.309306
47,31,2017-06,2018-05,2018-06,2016-02,2017-01,2017-02,99.9,99.8,0.1,1.599267
47,32,2017-06,2018-05,2018-06,2016-03,2017-02,2017-03,99.9,99.7,0.2,1.511785
47,33,2017-06,2018-05,2018-06,2016-04,2017-03,2017-04,99.9,100.1,-0.2,1.612564
47,34,2017-06,2018-05,2018-06,2016-05,2017-04,2017-05,99.9,99.9,0.0,0.792584
47,35,2017-06,2018-05,2018-06,2016-06,2017-05,2017-06,99.9,99.8,0.1,1.077814
48,0,2017-07,2018-06,2018-07,2013-07,2014-06,2014-07,100.3,100.1,0.2,0.61466
48,1,2017-07,2018-06,2018-07,2013-08,2014-07,2014-08,100.3,100.2,0.1,1.302422
48,2,2017-07,2018-06,2018-07,2013-09,2014-08,2014-09,100.3,100.5,-0.2,1.619174
48,3,2017-07,2018-06,2018-07,2013-10,2014-09,2014-10,100.3,100.0,0.3,1.479323
48,4,2017-07,2018-06,2018-07,2013-11,2014-10,2014-11,100.3,99.8,0.5,1.40458
48,5,2017-07,2018-06,2018-07,2013-12,2014-11,2014-12,100.3,100.3,0.0,1.354366
48,6,2017-07,2018-06,2018-07,2014-01,2014-12,2015-01,100.3,100.3,0.0,1.539959
48,7,2017-07,2018-06,2018-07,2014-02,2015-01,2015-02,100.3,101.2,-0.9,1.301976
48,8,2017-07,2018-06,2018-07,2014-03,2015-02,2015-03,100.3,99.5,0.8,1.415093
48,9,2017-07,2018-06,2018-07,2014-04,2015-03,2015-04,100.3,99.8,0.5,1.637639
48,10,2017-07,2018-06,2018-07,2014-05,2015-04,2015-05,100.3,99.8,0.5,1.517148
48,11,2017-07,2018-06,2018-07,2014-06,2015-05,2015-06,100.3,100.0,0.3,1.583992
48,12,2017-07,2018-06,2018-07,2014-07,2015-06,2015-07,100.3,100.3,0.0,0.382997
48,13,2017-07,2018-06,2018-07,2014-08,2015-07,2015-08,100.3,100.5,-0.2,1.301174
48,14,2017-07,2018-06,2018-07,2014-09,2015-08,2015-09,100.3,100.1,0.2,1.502613
48,15,2017-07,2018-06,2018-07,2014-10,2015-09,2015-10,100.3,99.7,0.6,1.609187
48,16,2017-07,2018-06,2018-07,2014-11,2015-10,2015-11,100.3,100.0,0.3,1.512899
48,17,2017-07,2018-06,2018-07,2014-12,2015-11,2015-12,100.3,100.5,-0.2,1.337258
48,18,2017-07,2018-06,2018-07,2015-01,2015-12,2016-01,100.3,100.5,-0.2,1.227028
48,19,2017-07,2018-06,2018-07,2015-02,2016-01,2016-02,100.3,101.6,-1.3,1.35454
48,20,2017-07,2018-06,2018-07,2015-03,2016-02,2016-03,100.3,99.6,0.7,1.617426
48,21,2017-07,2018-06,2018-07,2015-04,2016-03,2016-04,100.3,99.8,0.5,1.697708
48,22,2017-07,2018-06,2018-07,2015-05,2016-04,2016-05,100.3,99.5,0.8,1.496682
48,23,2017-07,2018-06,2018-07,2015-06,2016-05,2016-06,100.3,99.9,0.4,1.528978
48,24,2017-07,2018-06,2018-07,2015-07,2016-06,2016-07,100.3,100.2,0.1,0.570304
48,25,2017-07,2018-06,2018-07,2015-08,2016-07,2016-08,100.3,100.1,0.2,1.279398
48,26,2017-07,2018-06,2018-07,2015-09,2016-08,2016-09,100.3,100.7,-0.4,1.35979
48,27,2017-07,2018-06,2018-07,2015-10,2016-09,2016-10,100.3,99.9,0.4,1.576301
48,28,2017-07,2018-06,2018-07,2015-11,2016-10,2016-11,100.3,100.1,0.2,1.520179
48,29,2017-07,2018-06,2018-07,2015-12,2016-11,2016-12,100.3,100.2,0.1,1.313724
48,30,2017-07,2018-06,2018-07,2016-01,2016-12,2017-01,100.3,101.0,-0.7,1.491914
48,31,2017-07,2018-06,2018-07,2016-02,2017-01,2017-02,100.3,99.8,0.5,1.333277
48,32,2017-07,2018-06,2018-07,2016-03,2017-02,2017-03,100.3,99.7,0.6,1.539031
48,33,2017-07,2018-06,2018-07,2016-04,2017-03,2017-04,100.3,100.1,0.2,1.532343
48,34,2017-07,2018-06,2018-07,2016-05,2017-04,2017-05,100.3,99.9,0.4,1.641784
48,35,2017-07,2018-06,2018-07,2016-06,2017-05,2017-06,100.3,99.8,0.5,0.780274
48,36,2017-07,2018-06,2018-07,2016-07,2017-06,2017-07,100.3,100.1,0.2,1.081524
49,0,2017-08,2018-07,2018-08,2013-07,2014-06,2014-07,100.7,100.1,0.6,1.146068
49,1,2017-08,2018-07,2018-08,2013-08,2014-07,2014-08,100.7,100.2,0.5,0.630951
49,2,2017-08,2018-07,2018-08,2013-09,2014-08,2014-09,100.7,100.5,0.2,1.295709
49,3,2017-08,2018-07,2018-08,2013-10,2014-09,2014-10,100.7,100.0,0.7,1.613717
49,4,2017-08,2018-07,2018-08,2013-11,2014-10,2014-11,100.7,99.8,0.9,1.485608
49,5,2017-08,2018-07,2018-08,2013-12,2014-11,2014-12,100.7,100.3,0.4,1.422663
49,6,2017-08,2018-07,2018-08,2014-01,2014-12,2015-01,100.7,100.3,0.4,1.344707
49,7,2017-08,2018-07,2018-08,2014-02,2015-01,2015-02,100.7,101.2,-0.5,1.553649
49,8,2017-08,2018-07,2018-08,2014-03,2015-02,2015-03,100.7,99.5,1.2,1.281745
49,9,2017-08,2018-07,2018-08,2014-04,2015-03,2015-04,100.7,99.8,0.9,1.448006
49,10,2017-08,2018-07,2018-08,2014-05,2015-04,2015-05,100.7,99.8,0.9,1.657324
49,11,2017-08,2018-07,2018-08,2014-06,2015-05,2015-06,100.7,100.0,0.7,1.527236
49,12,2017-08,2018-07,2018-08,2014-07,2015-06,2015-07,100.7,100.3,0.4,1.591384
49,13,2017-08,2018-07,2018-08,2014-08,2015-07,2015-08,100.7,100.5,0.2,0.382233
49,14,2017-08,2018-07,2018-08,2014-09,2015-08,2015-09,100.7,100.1,0.6,1.288946
49,15,2017-08,2018-07,2018-08,2014-10,2015-09,2015-10,100.7,99.7,1.0,1.503057
49,16,2017-08,2018-07,2018-08,2014-11,2015-10,2015-11,100.7,100.0,0.7,1.617835
49,17,2017-08,2018-07,2018-08,2014-12,2015-11,2015-12,100.7,100.5,0.2,1.522015
49,18,2017-08,2018-07,2018-08,2015-01,2015-12,2016-01,100.7,100.5,0.2,1.322013
49,19,2017-08,2018-07,2018-08,2015-02,2016-01,2016-02,100.7,101.6,-0.9,1.214378
49,20,2017-08,2018-07,2018-08,2015-03,2016-02,2016-03,100.7,99.6,1.1,1.305286
49,21,2017-08,2018-07,2018-08,2015-04,2016-03,2016-04,100.7,99.8,0.9,1.6431
49,22,2017-08,2018-07,2018-08,2015-05,2016-04,2016-05,100.7,99.5,1.2,1.710864
49,23,2017-08,2018-07,2018-08,2015-06,2016-05,2016-06,100.7,99.9,0.8,1.516422
49,24,2017-08,2018-07,2018-08,2015-07,2016-06,2016-07,100.7,100.2,0.5,1.537179
49,25,2017-08,2018-07,2018-08,2015-08,2016-07,2016-08,100.7,100.1,0.6,0.565933
49,26,2017-08,2018-07,2018-08,2015-09,2016-08,2016-09,100.7,100.7,0.0,1.275442
49,27,2017-08,2018-07,2018-08,2015-10,2016-09,2016-10,100.7,99.9,0.8,1.344781
49,28,2017-08,2018-07,2018-08,2015-11,2016-10,2016-11,100.7,100.1,0.6,1.590603
49,29,2017-08,2018-07,2018-08,2015-12,2016-11,2016-12,100.7,100.2,0.5,1.524605
49,30,2017-08,2018-07,2018-08,2016-01,2016-12,2017-01,100.7,101.0,-0.3,1.309341
49,31,2017-08,2018-07,2018-08,2016-02,2017-01,2017-02,100.7,99.8,0.9,1.460836
49,32,2017-08,2018-07,2018-08,2016-03,2017-02,2017-03,100.7,99.7,1.0,1.297291
49,33,2017-08,2018-07,2018-08,2016-04,2017-03,2017-04,100.7,100.1,0.6,1.560621
49,34,2017-08,2018-07,2018-08,2016-05,2017-04,2017-05,100.7,99.9,0.8,1.536976
49,35,2017-08,2018-07,2018-08,2016-06,2017-05,2017-06,100.7,99.8,0.9,1.678163
49,36,2017-08,2018-07,2018-08,2016-07,2017-06,2017-07,100.7,100.1,0.6,0.830987
49,37,2017-08,2018-07,2018-08,2016-08,2017-07,2017-08,100.7,100.4,0.3,1.082134
