pair_id,sample_i_id,sample_j_id,x_i_start_date,x_i_end_date,target_i_date,x_j_start_date,x_j_end_date,target_j_date,cpi_i,cpi_j,delta_cpi,window_distance,delta_bin,selection_method,similar_label,delta_cpi_predicted,cpi_pred_pair,delta_error
672,162,26,2013-07,2014-06,2014-07,2002-03,2003-02,2003-03,102.3,100.6,1.7,1.750802,large,delta_stratified_train_only,0,1.5657517398198046,102.1657517398198,-0.1342482601801953
673,162,98,2013-07,2014-06,2014-07,2008-03,2009-02,2009-03,102.3,98.83,3.47,0.82745,large,delta_stratified_train_only,0,3.343164289988695,102.17316428998869,-0.12683571001130511
674,162,113,2013-07,2014-06,2014-07,2009-06,2010-05,2010-06,102.3,102.95,-0.65,1.832761,medium,delta_stratified_train_only,0,-1.4401496881125249,101.50985031188748,-0.7901496881125248
675,162,31,2013-07,2014-06,2014-07,2002-08,2003-07,2003-08,102.3,100.9,1.4,1.84736,medium,delta_stratified_train_only,0,1.4400180731135084,102.34001807311351,0.04001807311350847
676,162,122,2013-07,2014-06,2014-07,2010-03,2011-02,2011-03,102.3,105.38,-3.08,1.821664,small,delta_stratified_train_only,0,-2.982169424836402,102.3978305751636,0.09783057516359817
677,162,89,2013-07,2014-06,2014-07,2007-06,2008-05,2008-06,102.3,107.08,-4.78,1.742226,small,delta_stratified_train_only,0,-5.030092909202982,102.04990709079702,-0.2500929092029818
678,163,9,2013-08,2014-07,2014-08,2000-10,2001-09,2001-10,102.0,99.8,2.2,1.600537,large,delta_stratified_train_only,0,2.1885926543167544,101.98859265431675,-0.011407345683245751
679,163,100,2013-08,2014-07,2014-08,2008-05,2009-04,2009-05,102.0,98.63,3.37,0.852569,large,delta_stratified_train_only,0,3.7563348986893574,102.38633489868936,0.38633489868935733
680,163,73,2013-08,2014-07,2014-08,2006-02,2007-01,2007-02,102.0,102.7,-0.7,1.653652,medium,delta_stratified_train_only,0,-0.3436874316430317,102.35631256835697,0.35631256835696823
681,163,26,2013-08,2014-07,2014-08,2002-03,2003-02,2003-03,102.0,100.6,1.4,1.742927,medium,delta_stratified_train_only,0,1.7677266496133164,102.36772664961332,0.36772664961331647
682,163,93,2013-08,2014-07,2014-08,2007-10,2008-09,2008-10,102.0,103.97,-1.97,1.45876,small,delta_stratified_train_only,0,-2.4426419851468584,101.52735801485314,-0.4726419851468584
683,163,112,2013-08,2014-07,2014-08,2009-05,2010-04,2010-05,102.0,103.06,-1.06,1.83428,small,delta_stratified_train_only,0,-1.018079546120317,102.04192045387968,0.04192045387968313
684,164,102,2013-09,2014-08,2014-09,2008-07,2009-06,2009-07,101.6,98.19,3.41,0.586916,large,delta_stratified_train_only,0,3.4991153100982717,101.68911531009827,0.08911531009827156
685,164,13,2013-09,2014-08,2014-09,2001-02,2002-01,2002-02,101.6,99.2,2.4,1.020778,large,delta_stratified_train_only,0,2.5814072976680045,101.78140729766801,0.18140729766800456
686,164,51,2013-09,2014-08,2014-09,2004-04,2005-03,2005-04,101.6,102.2,-0.6,1.057782,medium,delta_stratified_train_only,0,-0.7669300011007723,101.43306999889923,-0.16693000110077227
687,164,108,2013-09,2014-08,2014-09,2009-01,2009-12,2010-01,101.6,101.53,0.07,1.4679,medium,delta_stratified_train_only,0,0.262303123610065,101.79230312361007,0.19230312361006502
688,164,39,2013-09,2014-08,2014-09,2003-04,2004-03,2004-04,101.6,103.8,-2.2,1.861381,small,delta_stratified_train_only,0,-1.6698542312765374,102.13014576872347,0.5301457687234628
689,164,132,2013-09,2014-08,2014-09,2011-01,2011-12,2012-01,101.6,104.55,-2.95,1.564589,small,delta_stratified_train_only,0,-2.182483113606949,102.36751688639305,0.767516886393051
690,165,20,2013-10,2014-09,2014-10,2001-09,2002-08,2002-09,101.6,99.1,2.5,0.803817,large,delta_stratified_train_only,0,2.216369742844152,101.31636974284415,-0.2836302571558482
691,165,18,2013-10,2014-09,2014-10,2001-07,2002-06,2002-07,101.6,99.0,2.6,0.642764,large,delta_stratified_train_only,0,2.359980813784838,101.35998081378484,-0.24001918621516216
692,165,95,2013-10,2014-09,2014-10,2007-12,2008-11,2008-12,101.6,101.2,0.4,1.087158,medium,delta_stratified_train_only,0,-0.49743966844578474,100.70256033155422,-0.8974396684457848
693,165,6,2013-10,2014-09,2014-10,2000-07,2001-06,2001-07,101.6,100.8,0.8,1.841103,medium,delta_stratified_train_only,0,0.21677233953484204,101.01677233953484,-0.5832276604651581
694,165,109,2013-10,2014-09,2014-10,2009-02,2010-01,2010-02,101.6,102.7,-1.1,1.743732,small,delta_stratified_train_only,0,-1.3290045841825049,101.3709954158175,-0.2290045841825048
695,165,48,2013-10,2014-09,2014-10,2004-01,2004-12,2005-01,101.6,102.8,-1.2,1.624819,small,delta_stratified_train_only,0,-1.3478890123111122,101.45211098768888,-0.1478890123111123
696,166,104,2013-11,2014-10,2014-11,2008-09,2009-08,2009-09,101.4,99.21,2.19,0.758283,large,delta_stratified_train_only,0,3.012668326547577,102.22266832654758,0.8226683265475772
697,166,17,2013-11,2014-10,2014-11,2001-06,2002-05,2002-06,101.4,99.0,2.4,0.671407,large,delta_stratified_train_only,0,2.7209386830103384,101.72093868301033,0.32093868301033845
698,166,59,2013-11,2014-10,2014-11,2004-12,2005-11,2005-12,101.4,101.4,0.0,0.931316,medium,delta_stratified_train_only,0,0.3109668431868157,101.71096684318682,0.3109668431868157
699,166,29,2013-11,2014-10,2014-11,2002-06,2003-05,2003-06,101.4,100.4,1.0,1.801374,medium,delta_stratified_train_only,0,1.291729254899482,101.69172925489949,0.2917292548994821
700,166,76,2013-11,2014-10,2014-11,2006-05,2007-04,2007-05,101.4,103.4,-2.0,1.782928,small,delta_stratified_train_only,0,-1.4787379226552364,101.92126207734476,0.5212620773447636
701,166,93,2013-11,2014-10,2014-11,2007-10,2008-09,2008-10,101.4,103.97,-2.57,1.065465,small,delta_stratified_train_only,0,-2.9781650888520206,100.99183491114798,-0.40816508885202074
702,167,102,2013-12,2014-11,2014-12,2008-07,2009-06,2009-07,101.5,98.19,3.31,0.871945,large,delta_stratified_train_only,0,3.5424888790384483,101.73248887903844,0.23248887903844828
703,167,101,2013-12,2014-11,2014-12,2008-06,2009-05,2009-06,101.5,98.3,3.2,0.792572,large,delta_stratified_train_only,0,3.225476095598919,101.52547609559892,0.025476095598918835
704,167,7,2013-12,2014-11,2014-12,2000-08,2001-07,2001-08,101.5,100.4,1.1,1.841189,medium,delta_stratified_train_only,0,0.7030394000621347,101.10303940006214,-0.39696059993786537
705,167,2,2013-12,2014-11,2014-12,2000-03,2001-02,2001-03,101.5,100.7,0.8,1.8415,medium,delta_stratified_train_only,0,1.0654909654986486,101.76549096549866,0.2654909654986486
706,167,85,2013-12,2014-11,2014-12,2007-02,2008-01,2008-02,101.5,108.74,-7.24,1.769666,small,delta_stratified_train_only,0,-5.619324838412519,103.12067516158747,1.6206751615874815
707,167,84,2013-12,2014-11,2014-12,2007-01,2007-12,2008-01,101.5,107.08,-5.58,1.796164,small,delta_stratified_train_only,0,-5.244779651388989,101.835220348611,0.3352203486110108
708,168,99,2014-01,2014-12,2015-01,2008-04,2009-03,2009-04,100.8,98.5,2.3,0.654655,large,delta_stratified_train_only,0,2.8279899340932153,101.32798993409321,0.5279899340932155
709,168,15,2014-01,2014-12,2015-01,2001-04,2002-03,2002-04,100.8,98.8,2.0,0.8161,large,delta_stratified_train_only,0,2.413319298044415,101.21331929804441,0.4133192980444149
710,168,62,2014-01,2014-12,2015-01,2005-03,2006-02,2006-03,100.8,100.8,0.0,1.232834,medium,delta_stratified_train_only,0,0.3888305251670336,101.18883052516703,0.3888305251670336
711,168,23,2014-01,2014-12,2015-01,2001-12,2002-11,2002-12,100.8,99.8,1.0,1.652363,medium,delta_stratified_train_only,0,1.5273499723246744,101.32734997232467,0.5273499723246744
712,168,113,2014-01,2014-12,2015-01,2009-06,2010-05,2010-06,100.8,102.95,-2.15,1.847691,small,delta_stratified_train_only,0,-2.236488584771025,100.71351141522898,-0.08648858477102506
713,168,81,2014-01,2014-12,2015-01,2006-10,2007-09,2007-10,100.8,106.5,-5.7,1.896328,small,delta_stratified_train_only,0,-4.9007812569297275,101.59921874307027,0.7992187430702726
714,169,11,2014-02,2015-01,2015-02,2000-12,2001-11,2001-12,101.4,99.3,2.1,0.669985,large,delta_stratified_train_only,0,1.5180399366660595,100.81803993666605,-0.5819600633339406
715,169,19,2014-02,2015-01,2015-02,2001-08,2002-07,2002-08,101.4,99.1,2.3,0.960458,large,delta_stratified_train_only,0,2.0147694911847647,101.11476949118476,-0.28523050881523515
716,169,69,2014-02,2015-01,2015-02,2005-10,2006-09,2006-10,101.4,101.4,0.0,1.507358,medium,delta_stratified_train_only,0,-0.30291002605114237,101.09708997394887,-0.30291002605114237
717,169,67,2014-02,2015-01,2015-02,2005-08,2006-07,2006-08,101.4,101.3,0.1,1.223828,medium,delta_stratified_train_only,0,0.05075277561738237,101.35075277561738,-0.04924722438261764
718,169,50,2014-02,2015-01,2015-02,2004-03,2005-02,2005-03,101.4,102.9,-1.5,0.670297,small,delta_stratified_train_only,0,-1.1907494657784115,101.7092505342216,0.30925053422158855
719,169,81,2014-02,2015-01,2015-02,2006-10,2007-09,2007-10,101.4,106.5,-5.1,1.905812,small,delta_stratified_train_only,0,-4.9593062414643025,101.5406937585357,0.1406937585356971
720,170,100,2014-03,2015-02,2015-03,2008-05,2009-04,2009-05,101.4,98.63,2.77,0.573374,large,delta_stratified_train_only,0,2.370811583327967,101.00081158332796,-0.399188416672033
721,170,18,2014-03,2015-02,2015-03,2001-07,2002-06,2002-07,101.4,99.0,2.4,0.73049,large,delta_stratified_train_only,0,1.6742337640207332,100.67423376402073,-0.7257662359792667
722,170,33,2014-03,2015-02,2015-03,2002-10,2003-09,2003-10,101.4,102.0,-0.6,1.817593,medium,delta_stratified_train_only,0,-0.904075344808791,101.09592465519121,-0.30407534480879106
723,170,24,2014-03,2015-02,2015-03,2002-01,2002-12,2003-01,101.4,100.1,1.3,1.756874,medium,delta_stratified_train_only,0,0.9766485211080509,101.07664852110804,-0.32335147889194915
724,170,113,2014-03,2015-02,2015-03,2009-06,2010-05,2010-06,101.4,102.95,-1.55,1.923024,small,delta_stratified_train_only,0,-2.6236980936804044,100.3263019063196,-1.0736980936804044
725,170,121,2014-03,2015-02,2015-03,2010-02,2011-01,2011-02,101.4,104.94,-3.54,1.882017,small,delta_stratified_train_only,0,-3.3690778401406063,101.57092215985939,0.17092215985939374
726,171,13,2014-04,2015-03,2015-04,2001-02,2002-01,2002-02,101.5,99.2,2.3,0.617038,large,delta_stratified_train_only,0,2.6428204827143444,101.84282048271434,0.3428204827143446
727,171,100,2014-04,2015-03,2015-04,2008-05,2009-04,2009-05,101.5,98.63,2.87,0.569801,large,delta_stratified_train_only,0,3.224047967630895,101.85404796763089,0.35404796763089497
728,171,8,2014-04,2015-03,2015-04,2000-09,2001-08,2001-09,101.5,100.0,1.5,1.694979,medium,delta_stratified_train_only,0,1.494132720234834,101.49413272023483,-0.005867279765165989
729,171,96,2014-04,2015-03,2015-04,2008-01,2008-12,2009-01,101.5,100.95,0.55,0.639475,medium,delta_stratified_train_only,0,0.8530584763481301,101.80305847634813,0.3030584763481301
730,171,128,2014-04,2015-03,2015-04,2010-09,2011-08,2011-09,101.5,106.07,-4.57,1.84392,small,delta_stratified_train_only,0,-4.179836361590969,101.89016363840902,0.3901636384090317
731,171,76,2014-04,2015-03,2015-04,2006-05,2007-04,2007-05,101.5,103.4,-1.9,1.878553,small,delta_stratified_train_only,0,-1.4755017500085372,101.92449824999147,0.4244982499914627
732,172,22,2014-05,2015-04,2015-05,2001-11,2002-10,2002-11,101.2,99.5,1.7,0.699515,large,delta_stratified_train_only,0,1.7643152196065168,101.26431521960652,0.06431521960651687
733,172,12,2014-05,2015-04,2015-05,2001-01,2001-12,2002-01,101.2,99.3,1.9,1.119785,large,delta_stratified_train_only,0,1.5037734714405988,100.80377347144059,-0.3962265285594011
734,172,57,2014-05,2015-04,2015-05,2004-10,2005-09,2005-10,101.2,101.0,0.2,0.678668,medium,delta_stratified_train_only,0,-0.05530934705676466,100.94469065294324,-0.25530934705676467
735,172,2,2014-05,2015-04,2015-05,2000-03,2001-02,2001-03,101.2,100.7,0.5,1.911058,medium,delta_stratified_train_only,0,0.3611713477667459,101.06117134776675,-0.13882865223325408
736,172,42,2014-05,2015-04,2015-05,2003-07,2004-06,2004-07,101.2,105.1,-3.9,1.880405,small,delta_stratified_train_only,0,-3.6308019988550724,101.46919800114492,0.26919800114492753
737,172,89,2014-05,2015-04,2015-05,2007-06,2008-05,2008-06,101.2,107.08,-5.88,1.928057,small,delta_stratified_train_only,0,-6.082764164305999,100.997235835694,-0.2027641643059992
738,173,12,2014-06,2015-05,2015-06,2001-01,2001-12,2002-01,101.4,99.3,2.1,1.213251,large,delta_stratified_train_only,0,1.8058868117719402,101.10588681177194,-0.2941131882280599
739,173,104,2014-06,2015-05,2015-06,2008-09,2009-08,2009-09,101.4,99.21,2.19,0.471919,large,delta_stratified_train_only,0,2.595658605687553,101.80565860568754,0.40565860568755285
740,173,31,2014-06,2015-05,2015-06,2002-08,2003-07,2003-08,101.4,100.9,0.5,1.943885,medium,delta_stratified_train_only,0,0.6894601583418338,101.58946015834184,0.18946015834183383
741,173,59,2014-06,2015-05,2015-06,2004-12,2005-11,2005-12,101.4,101.4,0.0,0.722969,medium,delta_stratified_train_only,0,-0.10604287767320908,101.2939571223268,-0.10604287767320908
742,173,40,2014-06,2015-05,2015-06,2003-05,2004-04,2004-05,101.4,104.4,-3.0,1.909361,small,delta_stratified_train_only,0,-2.82820599411279,101.57179400588721,0.17179400588721006
743,173,91,2014-06,2015-05,2015-06,2007-08,2008-07,2008-08,101.4,104.9,-3.5,1.775353,small,delta_stratified_train_only,0,-4.878393443647524,100.02160655635248,-1.378393443647524
744,174,21,2014-07,2015-06,2015-07,2001-10,2002-09,2002-10,101.6,99.1,2.5,0.474495,large,delta_stratified_train_only,0,2.2212379215852747,101.32123792158526,-0.27876207841472533
745,174,23,2014-07,2015-06,2015-07,2001-12,2002-11,2002-12,101.6,99.8,1.8,1.086974,large,delta_stratified_train_only,0,1.7505921252999321,101.55059212529993,-0.04940787470006791
746,174,146,2014-07,2015-06,2015-07,2012-03,2013-02,2013-03,101.6,102.1,-0.5,0.729429,medium,delta_stratified_train_only,0,-1.3177121372385803,100.78228786276141,-0.8177121372385803
747,174,148,2014-07,2015-06,2015-07,2012-05,2013-04,2013-05,101.6,102.1,-0.5,1.115768,medium,delta_stratified_train_only,0,-1.1181412639901787,100.98185873600981,-0.6181412639901787
748,174,135,2014-07,2015-06,2015-07,2011-04,2012-03,2012-04,101.6,103.37,-1.77,1.217401,small,delta_stratified_train_only,0,-1.6691068599276315,101.70089314007237,0.10089314007236849
749,174,111,2014-07,2015-06,2015-07,2009-04,2010-03,2010-04,101.6,102.81,-1.21,1.694819,small,delta_stratified_train_only,0,-1.154296437426918,101.65570356257308,0.055703562573081955
750,175,103,2014-08,2015-07,2015-08,2008-08,2009-07,2009-08,102.0,98.8,3.2,1.06687,large,delta_stratified_train_only,0,3.341250885414484,102.14125088541448,0.14125088541448383
751,175,22,2014-08,2015-07,2015-08,2001-11,2002-10,2002-11,102.0,99.5,2.5,0.669551,large,delta_stratified_train_only,0,2.3166257076808683,101.81662570768087,-0.18337429231913172
752,175,142,2014-08,2015-07,2015-08,2011-11,2012-10,2012-11,102.0,102.0,0.0,1.187223,medium,delta_stratified_train_only,0,-0.4177169589426268,101.58228304105738,-0.4177169589426268
753,175,110,2014-08,2015-07,2015-08,2009-03,2010-02,2010-03,102.0,102.37,-0.37,1.463771,medium,delta_stratified_train_only,0,-0.9186222268361366,101.45137777316387,-0.5486222268361366
754,175,90,2014-08,2015-07,2015-08,2007-07,2008-06,2008-07,102.0,106.3,-4.3,1.638386,small,delta_stratified_train_only,0,-5.028945886477186,101.27105411352281,-0.7289458864771863
755,175,44,2014-08,2015-07,2015-08,2003-09,2004-08,2004-09,102.0,104.2,-2.2,1.607293,small,delta_stratified_train_only,0,-3.130735272625332,101.06926472737467,-0.930735272625332
756,176,105,2014-09,2015-08,2015-09,2008-10,2009-09,2009-10,101.6,99.47,2.13,1.159069,large,delta_stratified_train_only,0,2.9956560797942235,102.46565607979423,0.8656560797942237
757,176,101,2014-09,2015-08,2015-09,2008-06,2009-05,2009-06,101.6,98.3,3.3,1.501301,large,delta_stratified_train_only,0,3.755349373615615,102.05534937361561,0.45534937361561534
758,176,54,2014-09,2015-08,2015-09,2004-07,2005-06,2005-07,101.6,101.4,0.2,1.495757,medium,delta_stratified_train_only,0,0.7758044484396158,102.17580444843962,0.5758044484396159
759,176,146,2014-09,2015-08,2015-09,2012-03,2013-02,2013-03,101.6,102.1,-0.5,0.943664,medium,delta_stratified_train_only,0,-0.5630937529097563,101.53690624709024,-0.06309375290975627
760,176,84,2014-09,2015-08,2015-09,2007-01,2007-12,2008-01,101.6,107.08,-5.48,1.268498,small,delta_stratified_train_only,0,-4.714906373372294,102.3650936266277,0.7650936266277064
761,176,115,2014-09,2015-08,2015-09,2009-08,2010-07,2010-08,101.6,103.48,-1.88,1.43423,small,delta_stratified_train_only,0,-1.0764070122104459,102.40359298778955,0.803592987789554
762,177,103,2014-10,2015-09,2015-10,2008-08,2009-07,2009-08,101.3,98.8,2.5,1.585989,large,delta_stratified_train_only,0,3.268901294939272,102.06890129493927,0.7689012949392722
763,177,104,2014-10,2015-09,2015-10,2008-09,2009-08,2009-09,101.3,99.21,2.09,1.524633,large,delta_stratified_train_only,0,2.7735061629553512,101.98350616295535,0.6835061629553514
764,177,61,2014-10,2015-09,2015-10,2005-02,2006-01,2006-02,101.3,100.9,0.4,1.370243,medium,delta_stratified_train_only,0,-0.5196339081092505,100.38036609189075,-0.9196339081092505
765,177,29,2014-10,2015-09,2015-10,2002-06,2003-05,2003-06,101.3,100.4,0.9,1.036287,medium,delta_stratified_train_only,0,1.0525670913072558,101.45256709130726,0.15256709130725576
766,177,86,2014-10,2015-09,2015-10,2007-03,2008-02,2008-03,101.3,108.31,-7.01,1.195512,small,delta_stratified_train_only,0,-6.887142505069283,101.42285749493072,0.12285749493071663
767,177,41,2014-10,2015-09,2015-10,2003-06,2004-05,2004-06,101.3,104.7,-3.4,1.136261,small,delta_stratified_train_only,0,-2.9548491753491906,101.7451508246508,0.44515082465080935
768,178,11,2014-11,2015-10,2015-11,2000-12,2001-11,2001-12,101.5,99.3,2.2,1.595063,large,delta_stratified_train_only,0,1.9192607028153212,101.21926070281532,-0.28073929718467894
769,178,105,2014-11,2015-10,2015-11,2008-10,2009-09,2009-10,101.5,99.47,2.03,1.619164,large,delta_stratified_train_only,0,2.3604913241048298,101.83049132410483,0.33049132410482995
770,178,4,2014-11,2015-10,2015-11,2000-05,2001-04,2001-05,101.5,101.4,0.1,1.34403,medium,delta_stratified_train_only,0,0.1420251380219231,101.54202513802193,0.04202513802192309
771,178,61,2014-11,2015-10,2015-11,2005-02,2006-01,2006-02,101.5,100.9,0.6,1.599522,medium,delta_stratified_train_only,0,-0.4005666656491866,100.49943333435083,-1.0005666656491865
772,178,114,2014-11,2015-10,2015-11,2009-07,2010-06,2010-07,101.5,103.3,-1.8,1.068144,small,delta_stratified_train_only,0,-1.7043859174502836,101.59561408254972,0.09561408254971648
773,178,150,2014-11,2015-10,2015-11,2012-07,2013-06,2013-07,101.5,102.7,-1.2,1.267298,small,delta_stratified_train_only,0,-1.0659844707633974,101.6340155292366,0.13401552923660254
774,179,10,2014-12,2015-11,2015-12,2000-11,2001-10,2001-11,101.6,99.5,2.1,1.454703,large,delta_stratified_train_only,0,1.2938509688493378,100.79385096884934,-0.8061490311506623
775,179,102,2014-12,2015-11,2015-12,2008-07,2009-06,2009-07,101.6,98.19,3.41,1.710983,large,delta_stratified_train_only,0,3.1320190264922076,101.3220190264922,-0.2779809735077925
776,179,29,2014-12,2015-11,2015-12,2002-06,2003-05,2003-06,101.6,100.4,1.2,1.043343,medium,delta_stratified_train_only,0,0.8664559588937786,101.26645595889379,-0.3335440411062214
777,179,141,2014-12,2015-11,2015-12,2011-10,2012-09,2012-10,101.6,101.7,-0.1,1.673298,medium,delta_stratified_train_only,0,-0.5213294042067655,101.17867059579324,-0.42132940420676557
778,179,88,2014-12,2015-11,2015-12,2007-05,2008-04,2008-05,101.6,107.72,-6.12,1.140014,small,delta_stratified_train_only,0,-6.655145213751221,101.06485478624877,-0.5351452137512211
779,179,113,2014-12,2015-11,2015-12,2009-06,2010-05,2010-06,101.6,102.95,-1.35,0.999677,small,delta_stratified_train_only,0,-2.198971178029879,100.75102882197012,-0.848971178029879
780,180,97,2015-01,2015-12,2016-01,2008-02,2009-01,2009-02,101.8,98.44,3.36,1.702663,large,delta_stratified_train_only,0,2.4581987742825797,100.89819877428258,-0.9018012257174202
781,180,18,2015-01,2015-12,2016-01,2001-07,2002-06,2002-07,101.8,99.0,2.8,1.77843,large,delta_stratified_train_only,0,2.783574252750875,101.78357425275088,-0.01642574724912471
782,180,146,2015-01,2015-12,2016-01,2012-03,2013-02,2013-03,101.8,102.1,-0.3,1.751745,medium,delta_stratified_train_only,0,-0.8188233103930751,101.28117668960692,-0.518823310393075
783,180,63,2015-01,2015-12,2016-01,2005-04,2006-03,2006-04,101.8,101.2,0.6,1.769282,medium,delta_stratified_train_only,0,0.9984341207202614,102.19843412072026,0.3984341207202614
784,180,113,2015-01,2015-12,2016-01,2009-06,2010-05,2010-06,101.8,102.95,-1.15,0.956549,small,delta_stratified_train_only,0,-1.5143576049502616,101.43564239504974,-0.3643576049502617
785,180,133,2015-01,2015-12,2016-01,2011-02,2012-01,2012-02,101.8,103.16,-1.36,1.268511,small,delta_stratified_train_only,0,-2.4964938402347343,100.66350615976526,-1.1364938402347342
786,181,101,2015-02,2016-01,2016-02,2008-06,2009-05,2009-06,102.3,98.3,4.0,1.675772,large,delta_stratified_train_only,0,3.0659611743225326,101.36596117432254,-0.9340388256774674
787,181,26,2015-02,2016-01,2016-02,2002-03,2003-02,2003-03,102.3,100.6,1.7,1.164348,large,delta_stratified_train_only,0,1.0578851811723047,101.6578851811723,-0.6421148188276953
788,181,49,2015-02,2016-01,2016-02,2004-02,2005-01,2005-02,102.3,102.7,-0.4,1.324214,medium,delta_stratified_train_only,1,-1.163657418961867,101.53634258103814,-0.7636574189618669
789,181,57,2015-02,2016-01,2016-02,2004-10,2005-09,2005-10,102.3,101.0,1.3,1.668087,medium,delta_stratified_train_only,0,0.4894953493987519,101.48949534939875,-0.8105046506012481
790,181,83,2015-02,2016-01,2016-02,2006-12,2007-11,2007-12,102.3,106.5,-4.2,1.157963,small,delta_stratified_train_only,0,-4.91034559867716,101.58965440132285,-0.7103455986771596
791,181,117,2015-02,2016-01,2016-02,2009-10,2010-09,2010-10,102.3,104.37,-2.07,1.045835,small,delta_stratified_train_only,0,-1.935929424328677,102.43407057567133,0.13407057567132274
792,182,27,2015-03,2016-02,2016-03,2002-04,2003-03,2003-04,102.3,100.6,1.7,0.897085,large,delta_stratified_train_only,1,1.5810972921241586,102.18109729212415,-0.11890270787584134
793,182,15,2015-03,2016-02,2016-03,2001-04,2002-03,2002-04,102.3,98.8,3.5,1.756409,large,delta_stratified_train_only,0,3.510889746216071,102.31088974621606,0.010889746216070861
794,182,33,2015-03,2016-02,2016-03,2002-10,2003-09,2003-10,102.3,102.0,0.3,0.691214,medium,delta_stratified_train_only,1,0.5807046122722443,102.58070461227224,0.28070461227224436
795,182,6,2015-03,2016-02,2016-03,2000-07,2001-06,2001-07,102.3,100.8,1.5,0.846451,medium,delta_stratified_train_only,0,1.0158052468517729,101.81580524685177,-0.48419475314822713
796,182,93,2015-03,2016-02,2016-03,2007-10,2008-09,2008-10,102.3,103.97,-1.67,1.635855,small,delta_stratified_train_only,0,-2.3433853434272143,101.62661465657278,-0.6733853434272143
797,182,85,2015-03,2016-02,2016-03,2007-02,2008-01,2008-02,102.3,108.74,-6.44,0.929676,small,delta_stratified_train_only,1,-4.969741649528248,103.77025835047175,1.4702583504717524
798,183,0,2015-04,2016-03,2016-04,2000-01,2000-12,2001-01,102.3,100.5,1.8,0.699408,large,delta_stratified_train_only,1,1.3561509900500164,101.85615099005001,-0.44384900994998366
799,183,8,2015-04,2016-03,2016-04,2000-09,2001-08,2001-09,102.3,100.0,2.3,1.475669,large,delta_stratified_train_only,0,2.115311672914787,102.11531167291479,-0.18468832708521266
800,183,3,2015-04,2016-03,2016-04,2000-04,2001-03,2001-04,102.3,101.3,1.0,1.159136,medium,delta_stratified_train_only,0,1.665852746255323,102.96585274625532,0.665852746255323
801,183,142,2015-04,2016-03,2016-04,2011-11,2012-10,2012-11,102.3,102.0,0.3,1.781422,medium,delta_stratified_train_only,0,0.37351073950103997,102.37351073950104,0.07351073950103998
802,183,128,2015-04,2016-03,2016-04,2010-09,2011-08,2011-09,102.3,106.07,-3.77,0.865259,small,delta_stratified_train_only,1,-3.5586574089110163,102.51134259108898,0.21134259108898368
803,183,45,2015-04,2016-03,2016-04,2003-10,2004-09,2004-10,102.3,103.8,-1.5,1.016568,small,delta_stratified_train_only,0,-1.8357376548633384,101.96426234513666,-0.3357376548633384
804,184,105,2015-05,2016-04,2016-05,2008-10,2009-09,2009-10,102.0,99.47,2.53,1.710498,large,delta_stratified_train_only,0,2.9804999663083556,102.45049996630836,0.45049996630835576
805,184,17,2015-05,2016-04,2016-05,2001-06,2002-05,2002-06,102.0,99.0,3.0,1.840759,large,delta_stratified_train_only,0,3.220852404081702,102.2208524040817,0.22085240408170215
806,184,161,2015-05,2016-04,2016-05,2013-06,2014-05,2014-06,102.0,102.3,-0.3,1.711231,medium,delta_stratified_train_only,0,-0.10713241378858337,102.19286758621142,0.19286758621141661
807,184,157,2015-05,2016-04,2016-05,2013-02,2014-01,2014-02,102.0,102.0,0.0,1.51058,medium,delta_stratified_train_only,0,0.47664780017583935,102.47664780017584,0.47664780017583935
808,184,118,2015-05,2016-04,2016-05,2009-11,2010-10,2010-11,102.0,105.12,-3.12,0.692064,small,delta_stratified_train_only,1,-2.027625222996005,103.092374777004,1.0923747770039953
809,184,40,2015-05,2016-04,2016-05,2003-05,2004-04,2004-05,102.0,104.4,-2.4,0.83712,small,delta_stratified_train_only,1,-1.9112825521814014,102.4887174478186,0.4887174478185985
810,185,20,2015-06,2016-05,2016-06,2001-09,2002-08,2002-09,101.9,99.1,2.8,1.776279,large,delta_stratified_train_only,0,2.532958815981715,101.63295881598171,-0.2670411840182849
811,185,11,2015-06,2016-05,2016-06,2000-12,2001-11,2001-12,101.9,99.3,2.6,1.879844,large,delta_stratified_train_only,0,2.1916915351929234,101.49169153519293,-0.4083084648070767
812,185,25,2015-06,2016-05,2016-06,2002-02,2003-01,2003-02,101.9,100.3,1.6,1.00362,medium,delta_stratified_train_only,1,1.517162555916586,101.81716255591658,-0.08283744408341409
813,185,96,2015-06,2016-05,2016-06,2008-01,2008-12,2009-01,101.9,100.95,0.95,1.831727,medium,delta_stratified_train_only,0,1.0021582149468704,101.95215821494688,0.05215821494687045
814,185,43,2015-06,2016-05,2016-06,2003-08,2004-07,2004-08,101.9,105.0,-3.1,0.735342,small,delta_stratified_train_only,0,-3.0379484496172475,101.96205155038275,0.06205155038275256
815,185,122,2015-06,2016-05,2016-06,2010-03,2011-02,2011-03,101.9,105.38,-3.48,0.639238,small,delta_stratified_train_only,0,-3.1633817075026123,102.21661829249739,0.3166182924973877
816,186,22,2015-07,2016-06,2016-07,2001-11,2002-10,2002-11,101.8,99.5,2.3,1.569524,large,delta_stratified_train_only,0,2.5969280098733294,102.09692800987332,0.29692800987332957
817,186,101,2015-07,2016-06,2016-07,2008-06,2009-05,2009-06,101.8,98.3,3.5,1.817416,large,delta_stratified_train_only,0,3.3537692681338296,101.65376926813383,-0.14623073186617042
818,186,28,2015-07,2016-06,2016-07,2002-05,2003-04,2003-05,101.8,100.4,1.4,0.812803,medium,delta_stratified_train_only,1,1.058488389732995,101.458488389733,-0.34151161026700483
819,186,66,2015-07,2016-06,2016-07,2005-07,2006-06,2006-07,101.8,101.0,0.8,1.586212,medium,delta_stratified_train_only,0,0.008082731398490917,101.00808273139849,-0.7919172686015091
820,186,123,2015-07,2016-06,2016-07,2010-04,2011-03,2011-04,101.8,105.34,-3.54,0.773214,small,delta_stratified_train_only,0,-3.5830616844934213,101.75693831550659,-0.04306168449342129
821,186,45,2015-07,2016-06,2016-07,2003-10,2004-09,2004-10,101.8,103.8,-2.0,0.673272,small,delta_stratified_train_only,0,-2.346663051114544,101.45333694888545,-0.3466630511145441
822,187,101,2015-08,2016-07,2016-08,2008-06,2009-05,2009-06,101.3,98.3,3.0,1.756438,large,delta_stratified_train_only,0,3.444161077204278,101.74416107720427,0.4441610772042779
823,187,10,2015-08,2016-07,2016-08,2000-11,2001-10,2001-11,101.3,99.5,1.8,1.119863,large,delta_stratified_train_only,0,1.923005803000936,101.42300580300093,0.123005803000936
824,187,61,2015-08,2016-07,2016-08,2005-02,2006-01,2006-02,101.3,100.9,0.4,1.784377,medium,delta_stratified_train_only,0,-0.07659020637112923,100.82340979362888,-0.47659020637112925
825,187,138,2015-08,2016-07,2016-08,2011-07,2012-06,2012-07,101.3,101.8,-0.5,1.706217,medium,delta_stratified_train_only,0,-0.2093284773416217,101.59067152265837,0.2906715226583783
826,187,150,2015-08,2016-07,2016-08,2012-07,2013-06,2013-07,101.3,102.7,-1.4,1.062496,small,delta_stratified_train_only,0,-0.74200801148534,101.95799198851466,0.6579919885146599
827,187,87,2015-08,2016-07,2016-08,2007-04,2008-03,2008-04,101.3,108.48,-7.18,1.158736,small,delta_stratified_train_only,0,-6.578713460958259,101.90128653904175,0.601286539041741
828,188,18,2015-09,2016-08,2016-09,2001-07,2002-06,2002-07,101.9,99.0,2.9,1.708904,large,delta_stratified_train_only,0,2.287316596269704,101.2873165962697,-0.612683403730296
829,188,105,2015-09,2016-08,2016-09,2008-10,2009-09,2009-10,101.9,99.47,2.43,1.796585,large,delta_stratified_train_only,0,2.2436688658297346,101.71366886582973,-0.1863311341702656
830,188,144,2015-09,2016-08,2016-09,2012-01,2012-12,2013-01,101.9,102.0,-0.1,1.802152,medium,delta_stratified_train_only,0,-0.14906840584347553,101.85093159415652,-0.04906840584347552
831,188,155,2015-09,2016-08,2016-09,2012-12,2013-11,2013-12,101.9,102.5,-0.6,1.439808,medium,delta_stratified_train_only,0,-0.8816115345690603,101.61838846543094,-0.2816115345690603
832,188,88,2015-09,2016-08,2016-09,2007-05,2008-04,2008-05,101.9,107.72,-5.82,1.238391,small,delta_stratified_train_only,0,-6.4667892971527765,101.25321070284723,-0.6467892971527762
833,188,118,2015-09,2016-08,2016-09,2009-11,2010-10,2010-11,101.9,105.12,-3.22,1.246254,small,delta_stratified_train_only,0,-2.764456323474626,102.35554367652537,0.455543676525374
834,189,13,2015-10,2016-09,2016-10,2001-02,2002-01,2002-02,102.1,99.2,2.9,1.280669,large,delta_stratified_train_only,0,3.0638290809257933,102.2638290809258,0.1638290809257934
835,189,24,2015-10,2016-09,2016-10,2002-01,2002-12,2003-01,102.1,100.1,2.0,1.717978,large,delta_stratified_train_only,1,2.250893503622427,102.35089350362242,0.2508935036224269
836,189,33,2015-10,2016-09,2016-10,2002-10,2003-09,2003-10,102.1,102.0,0.1,1.070758,medium,delta_stratified_train_only,0,0.3701696377055856,102.37016963770559,0.27016963770558555
837,189,111,2015-10,2016-09,2016-10,2009-04,2010-03,2010-04,102.1,102.81,-0.71,1.473774,medium,delta_stratified_train_only,0,-0.4905031167971779,102.31949688320283,0.21949688320282207
838,189,116,2015-10,2016-09,2016-10,2009-09,2010-08,2010-09,102.1,103.61,-1.51,1.062256,small,delta_stratified_train_only,0,-1.2897637503562764,102.32023624964373,0.22023624964372357
839,189,88,2015-10,2016-09,2016-10,2007-05,2008-04,2008-05,102.1,107.72,-5.62,1.202166,small,delta_stratified_train_only,0,-5.80562714688737,101.91437285311262,-0.18562714688737003
840,190,18,2015-11,2016-10,2016-11,2001-07,2002-06,2002-07,102.3,99.0,3.3,1.551523,large,delta_stratified_train_only,0,2.6662816189602485,101.66628161896026,-0.6337183810397513
841,190,26,2015-11,2016-10,2016-11,2002-03,2003-02,2003-03,102.3,100.6,1.7,1.48353,large,delta_stratified_train_only,0,1.3742511891914415,101.97425118919143,-0.32574881080855844
842,190,151,2015-11,2016-10,2016-11,2012-08,2013-07,2013-08,102.3,102.6,-0.3,1.205936,medium,delta_stratified_train_only,0,-0.9602216688619085,101.63977833113809,-0.6602216688619085
843,190,51,2015-11,2016-10,2016-11,2004-04,2005-03,2005-04,102.3,102.2,0.1,1.059769,medium,delta_stratified_train_only,0,-0.5667053454178448,101.63329465458216,-0.6667053454178448
844,190,129,2015-11,2016-10,2016-11,2010-10,2011-09,2011-10,102.3,105.5,-3.2,1.526545,small,delta_stratified_train_only,0,-4.052696693475467,101.44730330652453,-0.8526966934754672
845,190,74,2015-11,2016-10,2016-11,2006-03,2007-02,2007-03,102.3,103.3,-1.0,1.556768,small,delta_stratified_train_only,0,-0.8310052950261493,102.46899470497385,0.16899470497385072
846,191,28,2015-12,2016-11,2016-12,2002-05,2003-04,2003-05,102.1,100.4,1.7,1.443278,large,delta_stratified_train_only,0,1.2890621539378124,101.68906215393781,-0.41093784606218753
847,191,21,2015-12,2016-11,2016-12,2001-10,2002-09,2002-10,102.1,99.1,3.0,1.4237,large,delta_stratified_train_only,0,2.8048499646371297,101.90484996463712,-0.19515003536287034
848,191,71,2015-12,2016-11,2016-12,2005-12,2006-11,2006-12,102.1,102.8,-0.7,1.543387,medium,delta_stratified_train_only,0,-0.2529026255511332,102.54709737444887,0.44709737444886677
849,191,163,2015-12,2016-11,2016-12,2013-08,2014-07,2014-08,102.1,102.0,0.1,1.030495,medium,delta_stratified_train_only,0,-0.21943090816072083,101.78056909183928,-0.31943090816072084
850,191,84,2015-12,2016-11,2016-12,2007-01,2007-12,2008-01,102.1,107.08,-4.98,1.50448,small,delta_stratified_train_only,0,-4.885912714649261,102.19408728535073,0.09408728535073951
851,191,118,2015-12,2016-11,2016-12,2009-11,2010-10,2010-11,102.1,105.12,-3.02,1.292549,small,delta_stratified_train_only,0,-2.183475450787105,102.9365245492129,0.836524549212895
852,192,20,2016-01,2016-12,2017-01,2001-09,2002-08,2002-09,102.5,99.1,3.4,1.167022,large,delta_stratified_train_only,0,2.7587499149975683,101.85874991499756,-0.6412500850024316
853,192,9,2016-01,2016-12,2017-01,2000-10,2001-09,2001-10,102.5,99.8,2.7,1.784219,large,delta_stratified_train_only,0,2.0311965608728846,101.83119656087288,-0.6688034391271156
854,192,32,2016-01,2016-12,2017-01,2002-09,2003-08,2003-09,102.5,101.6,0.9,1.639892,medium,delta_stratified_train_only,0,1.0842635558598037,102.6842635558598,0.1842635558598037
855,192,33,2016-01,2016-12,2017-01,2002-10,2003-09,2003-10,102.5,102.0,0.5,1.434378,medium,delta_stratified_train_only,0,0.32405187710872996,102.32405187710873,-0.17594812289127004
856,192,128,2016-01,2016-12,2017-01,2010-09,2011-08,2011-09,102.5,106.07,-3.57,1.332569,small,delta_stratified_train_only,0,-3.804945523976376,102.26505447602362,-0.23494552397637625
857,192,121,2016-01,2016-12,2017-01,2010-02,2011-01,2011-02,102.5,104.94,-2.44,1.423241,small,delta_stratified_train_only,0,-2.1409506182230853,102.79904938177691,0.29904938177691465
858,193,99,2016-02,2017-01,2017-02,2008-04,2009-03,2009-04,100.8,98.5,2.3,1.460163,large,delta_stratified_train_only,0,3.6241544864288153,102.12415448642882,1.3241544864288155
859,193,15,2016-02,2017-01,2017-02,2001-04,2002-03,2002-04,100.8,98.8,2.0,1.313739,large,delta_stratified_train_only,0,3.2094838503800154,102.00948385038001,1.2094838503800154
860,193,10,2016-02,2017-01,2017-02,2000-11,2001-10,2001-11,100.8,99.5,1.3,1.86369,medium,delta_stratified_train_only,0,2.052498114443792,101.5524981144438,0.7524981144437921
861,193,31,2016-02,2017-01,2017-02,2002-08,2003-07,2003-08,100.8,100.9,-0.1,1.607744,medium,delta_stratified_train_only,0,1.4398437287906096,102.33984372879061,1.5398437287906097
862,193,107,2016-02,2017-01,2017-02,2008-12,2009-11,2009-12,100.8,101.86,-1.06,0.836445,small,delta_stratified_train_only,0,0.5145421269308732,102.37454212693088,1.5745421269308733
863,193,78,2016-02,2017-01,2017-02,2006-07,2007-06,2007-07,100.8,105.6,-4.8,1.329171,small,delta_stratified_train_only,0,-2.6836519074021177,102.91634809259787,2.116348092597882
864,194,20,2016-03,2017-02,2017-03,2001-09,2002-08,2002-09,100.9,99.1,1.8,1.312345,large,delta_stratified_train_only,0,1.6470304475506934,100.74703044755069,-0.15296955244930666
865,194,13,2016-03,2017-02,2017-03,2001-02,2002-01,2002-02,100.9,99.2,1.7,1.407,large,delta_stratified_train_only,0,1.905991852882063,101.10599185288207,0.205991852882063
866,194,23,2016-03,2017-02,2017-03,2001-12,2002-11,2002-12,100.9,99.8,1.1,1.469421,medium,delta_stratified_train_only,0,1.2565482178859415,101.05654821788593,0.15654821788594142
867,194,53,2016-03,2017-02,2017-03,2004-06,2005-05,2005-06,100.9,101.6,-0.7,1.136715,medium,delta_stratified_train_only,0,-0.38719894924599013,101.21280105075401,0.3128010507540098
868,194,75,2016-03,2017-02,2017-03,2006-04,2007-03,2007-04,100.9,103.0,-2.1,1.560109,small,delta_stratified_train_only,0,-2.011710486011542,100.98828951398846,0.08828951398845808
869,194,155,2016-03,2017-02,2017-03,2012-12,2013-11,2013-12,100.9,102.5,-1.6,1.375033,small,delta_stratified_train_only,0,-1.3782866123473854,101.12171338765262,0.22171338765261472
870,195,15,2016-04,2017-03,2017-04,2001-04,2002-03,2002-04,101.2,98.8,2.4,1.209261,large,delta_stratified_train_only,0,1.9977075119208278,100.79770751192082,-0.40229248807917206
871,195,21,2016-04,2017-03,2017-04,2001-10,2002-09,2002-10,101.2,99.1,2.1,1.397536,large,delta_stratified_train_only,0,1.58238398248643,100.68238398248643,-0.51761601751357
872,195,2,2016-04,2017-03,2017-04,2000-03,2001-02,2001-03,101.2,100.7,0.5,1.483826,medium,delta_stratified_train_only,0,0.20189192008767537,100.90189192008768,-0.29810807991232463
873,195,3,2016-04,2017-03,2017-04,2000-04,2001-03,2001-04,101.2,101.3,-0.1,1.501442,medium,delta_stratified_train_only,0,0.16303513205823392,101.46303513205824,0.2630351320582339
874,195,145,2016-04,2017-03,2017-04,2012-02,2013-01,2013-02,101.2,103.2,-2.0,1.383892,small,delta_stratified_train_only,0,-1.8940181921684054,101.3059818078316,0.10598180783159461
875,195,83,2016-04,2017-03,2017-04,2006-12,2007-11,2007-12,101.2,106.5,-5.3,1.583517,small,delta_stratified_train_only,0,-5.614429722811746,100.88557027718825,-0.3144297228117461
876,196,11,2016-05,2017-04,2017-05,2000-12,2001-11,2001-12,101.5,99.3,2.2,0.785915,large,delta_stratified_train_only,0,1.9014182916187217,101.20141829161872,-0.2985817083812785
877,196,17,2016-05,2017-04,2017-05,2001-06,2002-05,2002-06,101.5,99.0,2.5,1.171896,large,delta_stratified_train_only,0,2.583001350681577,101.58300135068157,0.08300135068157699
878,196,28,2016-05,2017-04,2017-05,2002-05,2003-04,2003-05,101.5,100.4,1.1,1.731945,medium,delta_stratified_train_only,0,0.8070613283287873,101.20706132832879,-0.2929386716712128
879,196,65,2016-05,2017-04,2017-05,2005-06,2006-05,2006-06,101.5,101.5,0.0,1.15771,medium,delta_stratified_train_only,0,0.29370262430617616,101.79370262430618,0.29370262430617616
880,196,92,2016-05,2017-04,2017-05,2007-09,2008-08,2008-09,101.5,104.64,-3.14,0.894201,small,delta_stratified_train_only,0,-3.4950590663731704,101.14494093362683,-0.3550590663731703
881,196,76,2016-05,2017-04,2017-05,2006-05,2007-04,2007-05,101.5,103.4,-1.9,1.712709,small,delta_stratified_train_only,0,-1.6166752549839982,101.783324745016,0.2833247450160017
882,197,9,2016-06,2017-05,2017-06,2000-10,2001-09,2001-10,101.5,99.8,1.7,1.287264,large,delta_stratified_train_only,0,1.4554545169740523,101.25545451697405,-0.2445454830259477
883,197,98,2016-06,2017-05,2017-06,2008-03,2009-02,2009-03,101.5,98.83,2.67,1.064617,large,delta_stratified_train_only,0,2.812001062439506,101.6420010624395,0.14200106243950605
884,197,27,2016-06,2017-05,2017-06,2002-04,2003-03,2003-04,101.5,100.6,0.9,1.75986,medium,delta_stratified_train_only,0,0.7487025130618121,101.34870251306181,-0.1512974869381879
885,197,29,2016-06,2017-05,2017-06,2002-06,2003-05,2003-06,101.5,100.4,1.1,1.72603,medium,delta_stratified_train_only,0,1.0941142212619421,101.49411422126195,-0.005885778738057956
886,197,143,2016-06,2017-05,2017-06,2011-12,2012-11,2012-12,101.5,102.5,-1.0,1.167443,small,delta_stratified_train_only,0,-0.5940697710277532,101.90593022897225,0.40593022897224684
887,197,83,2016-06,2017-05,2017-06,2006-12,2007-11,2007-12,101.5,106.5,-5.0,1.7232,small,delta_stratified_train_only,0,-4.93364226757885,101.56635773242115,0.0663577324211504
888,198,102,2016-07,2017-06,2017-07,2008-07,2009-06,2009-07,101.4,98.19,3.21,1.031717,large,delta_stratified_train_only,0,3.3317114589721624,101.52171145897216,0.1217114589721624
889,198,20,2016-07,2017-06,2017-07,2001-09,2002-08,2002-09,101.4,99.1,2.3,1.139766,large,delta_stratified_train_only,0,2.155042041210526,101.25504204121052,-0.14495795878947382
890,198,141,2016-07,2017-06,2017-07,2011-10,2012-09,2012-10,101.4,101.7,-0.3,1.065602,medium,delta_stratified_train_only,0,-0.32163697172681105,101.37836302827318,-0.02163697172681106
891,198,28,2016-07,2017-06,2017-07,2002-05,2003-04,2003-05,101.4,100.4,1.0,1.742338,medium,delta_stratified_train_only,0,0.7194177971317994,101.1194177971318,-0.28058220286820057
892,198,110,2016-07,2017-06,2017-07,2009-03,2010-02,2010-03,101.4,102.37,-0.97,1.725603,small,delta_stratified_train_only,0,-0.9773905172448714,101.39260948275513,-0.007390517244871386
893,198,132,2016-07,2017-06,2017-07,2011-01,2011-12,2012-01,101.4,104.55,-3.15,1.313725,small,delta_stratified_train_only,0,-2.349886964733058,102.20011303526694,0.8001130352669419
894,199,9,2016-08,2017-07,2017-08,2000-10,2001-09,2001-10,101.8,99.8,2.0,1.698995,large,delta_stratified_train_only,0,1.3808974588192369,101.18089745881923,-0.6191025411807631
895,199,23,2016-08,2017-07,2017-08,2001-12,2002-11,2002-12,101.8,99.8,2.0,1.579634,large,delta_stratified_train_only,0,1.7179685832791691,101.51796858327917,-0.2820314167208309
896,199,174,2016-08,2017-07,2017-08,2014-07,2015-06,2015-07,101.8,101.6,0.2,1.175206,medium,delta_stratified_train_only,0,-0.06059483975658585,101.5394051602434,-0.26059483975658587
897,199,158,2016-08,2017-07,2017-08,2013-03,2014-02,2014-03,101.8,102.4,-0.6,1.653391,medium,delta_stratified_train_only,0,-1.2682476516753822,101.13175234832462,-0.6682476516753822
898,199,150,2016-08,2017-07,2017-08,2012-07,2013-06,2013-07,101.8,102.7,-0.9,1.636877,small,delta_stratified_train_only,0,-1.2180616414235903,101.48193835857641,-0.3180616414235903
899,199,37,2016-08,2017-07,2017-08,2003-02,2004-01,2004-02,101.8,102.8,-1.0,1.725507,small,delta_stratified_train_only,0,-1.1606898852496783,101.63931011475032,-0.1606898852496783
900,200,101,2016-09,2017-08,2017-09,2008-06,2009-05,2009-06,101.6,98.3,3.3,0.972064,large,delta_stratified_train_only,0,2.7959092010262876,101.09590920102629,-0.5040907989737122
901,200,16,2016-09,2017-08,2017-09,2001-05,2002-04,2002-05,101.6,98.8,2.8,0.968106,large,delta_stratified_train_only,0,2.441453266112401,101.2414532661124,-0.3585467338875987
902,200,146,2016-09,2017-08,2017-09,2012-03,2013-02,2013-03,101.6,102.1,-0.5,1.052839,medium,delta_stratified_train_only,0,-1.5225339254990833,100.5774660745009,-1.0225339254990833
903,200,106,2016-09,2017-08,2017-09,2008-11,2009-10,2009-11,101.6,100.56,1.04,1.030019,medium,delta_stratified_train_only,0,1.2492092687027505,101.80920926870276,0.20920926870275047
904,200,152,2016-09,2017-08,2017-09,2012-09,2013-08,2013-09,101.6,103.1,-1.5,1.775672,small,delta_stratified_train_only,0,-1.2663037403462643,101.83369625965373,0.23369625965373575
905,200,44,2016-09,2017-08,2017-09,2003-09,2004-08,2004-09,101.6,104.2,-2.6,1.657588,small,delta_stratified_train_only,0,-3.408293037540413,100.79170696245959,-0.8082930375404129
906,201,100,2016-10,2017-09,2017-10,2008-05,2009-04,2009-05,101.9,98.63,3.27,1.122077,large,delta_stratified_train_only,0,2.9310702770080606,101.56107027700806,-0.33892972299193946
907,201,13,2016-10,2017-09,2017-10,2001-02,2002-01,2002-02,101.9,99.2,2.7,1.279622,large,delta_stratified_train_only,0,2.3498427920915104,101.54984279209151,-0.3501572079084898
908,201,169,2016-10,2017-09,2017-10,2014-02,2015-01,2015-02,101.9,101.4,0.5,1.326129,medium,delta_stratified_train_only,0,0.20360287156946694,101.60360287156948,-0.29639712843053306
909,201,140,2016-10,2017-09,2017-10,2011-09,2012-08,2012-09,101.9,101.9,0.0,1.13078,medium,delta_stratified_train_only,0,-0.6731625308724207,101.22683746912759,-0.6731625308724207
910,201,118,2016-10,2017-09,2017-10,2009-11,2010-10,2010-11,101.9,105.12,-3.22,1.658174,small,delta_stratified_train_only,0,-2.8172804620435037,102.3027195379565,0.4027195379564965
911,201,135,2016-10,2017-09,2017-10,2011-04,2012-03,2012-04,101.9,103.37,-1.47,1.360619,small,delta_stratified_train_only,0,-1.719299828132174,101.65070017186783,-0.2492998281321741
912,202,20,2016-11,2017-10,2017-11,2001-09,2002-08,2002-09,101.7,99.1,2.6,1.01873,large,delta_stratified_train_only,0,2.3756020130167914,101.47560201301678,-0.22439798698320867
913,202,16,2016-11,2017-10,2017-11,2001-05,2002-04,2002-05,101.7,98.8,2.9,1.125438,large,delta_stratified_train_only,0,2.8808027124250115,101.680802712425,-0.019197287574988398
914,202,94,2016-11,2017-10,2017-11,2007-11,2008-10,2008-11,101.7,102.43,-0.73,1.723315,medium,delta_stratified_train_only,0,-1.7289981971336799,100.70100180286633,-0.9989981971336799
915,202,60,2016-11,2017-10,2017-11,2005-01,2005-12,2006-01,101.7,101.9,-0.2,1.018197,medium,delta_stratified_train_only,0,0.6531422889972838,102.5531422889973,0.8531422889972837
916,202,42,2016-11,2017-10,2017-11,2003-07,2004-06,2004-07,101.7,105.1,-3.4,1.589127,small,delta_stratified_train_only,0,-2.9166998293831896,102.1833001706168,0.4833001706168103
917,202,40,2016-11,2017-10,2017-11,2003-05,2004-04,2004-05,101.7,104.4,-2.7,1.582969,small,delta_stratified_train_only,0,-2.41621716497225,101.98378283502775,0.28378283502775004
918,203,13,2016-12,2017-11,2017-12,2001-02,2002-01,2002-02,101.8,99.2,2.6,1.714121,large,delta_stratified_train_only,0,3.241939278518075,102.44193927851808,0.6419392785180751
919,203,98,2016-12,2017-11,2017-12,2008-03,2009-02,2009-03,101.8,98.83,2.97,1.480222,large,delta_stratified_train_only,0,3.611971064527475,102.44197106452748,0.6419710645274748
920,203,61,2016-12,2017-11,2017-12,2005-02,2006-01,2006-02,101.8,100.9,0.9,1.123794,medium,delta_stratified_train_only,0,0.3218832239334055,101.22188322393342,-0.5781167760665945
921,203,172,2016-12,2017-11,2017-12,2014-05,2015-04,2015-05,101.8,101.2,0.6,1.392857,medium,delta_stratified_train_only,0,1.2935067319059732,102.49350673190598,0.6935067319059732
922,203,85,2016-12,2017-11,2017-12,2007-02,2008-01,2008-02,101.8,108.74,-6.94,1.345902,small,delta_stratified_train_only,0,-5.002166426502625,103.73783357349737,1.9378335734973753
923,203,90,2016-12,2017-11,2017-12,2007-07,2008-06,2008-07,101.8,106.3,-4.5,1.400498,small,delta_stratified_train_only,0,-4.259778344909743,102.04022165509025,0.24022165509025672
924,204,104,2017-01,2017-12,2018-01,2008-09,2009-08,2009-09,101.5,99.21,2.29,1.527781,large,delta_stratified_train_only,0,2.688153418218454,101.89815341821844,0.39815341821845385
925,204,98,2017-01,2017-12,2018-01,2008-03,2009-02,2009-03,101.5,98.83,2.67,1.651058,large,delta_stratified_train_only,0,2.685101187747922,101.51510118774792,0.015101187747922129
926,204,163,2017-01,2017-12,2018-01,2013-08,2014-07,2014-08,101.5,102.0,-0.5,1.729987,medium,delta_stratified_train_only,0,-0.8880093097701083,101.11199069022989,-0.3880093097701083
927,204,5,2017-01,2017-12,2018-01,2000-06,2001-05,2001-06,101.5,101.2,0.3,1.154962,medium,delta_stratified_train_only,0,0.03048123216044213,101.23048123216044,-0.26951876783955786
928,204,78,2017-01,2017-12,2018-01,2006-07,2007-06,2007-07,101.5,105.6,-4.1,1.201599,small,delta_stratified_train_only,0,-3.3415406653199926,102.25845933468,0.758459334680007
929,204,162,2017-01,2017-12,2018-01,2013-07,2014-06,2014-07,101.5,102.3,-0.8,1.709851,small,delta_stratified_train_only,0,-0.6860343999765963,101.6139656000234,0.11396560002340372
930,205,16,2017-02,2018-01,2018-02,2001-05,2002-04,2002-05,102.9,98.8,4.1,1.936019,large,delta_stratified_train_only,0,3.5127549493761125,102.31275494937611,-0.5872450506238871
931,205,106,2017-02,2018-01,2018-02,2008-11,2009-10,2009-11,102.9,100.56,2.34,1.936958,large,delta_stratified_train_only,0,2.3205109519664617,102.88051095196647,-0.019489048033538126
932,205,175,2017-02,2018-01,2018-02,2014-08,2015-07,2015-08,102.9,102.0,0.9,1.7228,medium,delta_stratified_train_only,0,0.7657726206128082,102.76577262061281,-0.13422737938719187
933,205,34,2017-02,2018-01,2018-02,2002-11,2003-10,2003-11,102.9,102.4,0.5,0.900919,medium,delta_stratified_train_only,1,0.5173871600366691,102.91738716003667,0.01738716003666907
934,205,82,2017-02,2018-01,2018-02,2006-11,2007-10,2007-11,102.9,106.9,-4.0,0.794291,small,delta_stratified_train_only,1,-4.105916335893625,102.79408366410638,-0.10591633589362459
935,205,125,2017-02,2018-01,2018-02,2010-06,2011-05,2011-06,102.9,106.36,-3.46,0.654373,small,delta_stratified_train_only,0,-3.380941543559602,102.9790584564404,0.07905845644039777
936,206,23,2017-03,2018-02,2018-03,2001-12,2002-11,2002-12,102.1,99.8,2.3,1.234379,large,delta_stratified_train_only,0,2.972278938901055,102.77227893890105,0.6722789389010551
937,206,16,2017-03,2018-02,2018-03,2001-05,2002-04,2002-05,102.1,98.8,3.3,1.874217,large,delta_stratified_train_only,0,3.867961867974027,102.66796186797403,0.5679618679740273
938,206,173,2017-03,2018-02,2018-03,2014-06,2015-05,2015-06,102.1,101.4,0.7,1.852059,medium,delta_stratified_train_only,0,1.3711766869537332,102.77117668695374,0.6711766869537332
939,206,166,2017-03,2018-02,2018-03,2013-11,2014-10,2014-11,102.1,101.4,0.7,1.837996,medium,delta_stratified_train_only,0,0.9541669660937084,102.35416696609371,0.2541669660937085
940,206,81,2017-03,2018-02,2018-03,2006-10,2007-09,2007-10,102.1,106.5,-4.4,0.806854,small,delta_stratified_train_only,0,-3.4558522903533477,103.04414770964665,0.9441477096466526
941,206,85,2017-03,2018-02,2018-03,2007-02,2008-01,2008-02,102.1,108.74,-6.64,0.777823,small,delta_stratified_train_only,0,-4.622383131123524,104.11761686887647,2.017616868876476
942,207,99,2017-04,2018-03,2018-04,2008-04,2009-03,2009-04,101.8,98.5,3.3,1.880879,large,delta_stratified_train_only,0,3.4014013499759805,101.90140134997598,0.10140134997598071
943,207,16,2017-04,2018-03,2018-04,2001-05,2002-04,2002-05,101.8,98.8,3.0,1.817941,large,delta_stratified_train_only,0,2.996444317280412,101.7964443172804,-0.0035556827195879492
944,207,4,2017-04,2018-03,2018-04,2000-05,2001-04,2001-05,101.8,101.4,0.4,0.904266,medium,delta_stratified_train_only,0,0.37274077229000163,101.77274077229,-0.02725922770999839
945,207,144,2017-04,2018-03,2018-04,2012-01,2012-12,2013-01,101.8,102.0,-0.2,1.748277,medium,delta_stratified_train_only,0,0.1984696866996984,102.1984696866997,0.3984696866996984
946,207,123,2017-04,2018-03,2018-04,2010-04,2011-03,2011-04,101.8,105.34,-3.54,0.87113,small,delta_stratified_train_only,0,-3.585930700432952,101.75406929956705,-0.04593070043295189
947,207,115,2017-04,2018-03,2018-04,2009-08,2010-07,2010-08,101.8,103.48,-1.68,0.850213,small,delta_stratified_train_only,0,-1.4808561336317618,101.99914386636824,0.1991438663682381
948,208,100,2017-05,2018-04,2018-05,2008-05,2009-04,2009-05,101.8,98.63,3.17,1.821984,large,delta_stratified_train_only,0,3.3372337441172166,101.96723374411721,0.1672337441172167
949,208,8,2017-05,2018-04,2018-05,2000-09,2001-08,2001-09,101.8,100.0,1.8,1.139097,large,delta_stratified_train_only,0,1.6073184967211562,101.60731849672116,-0.1926815032788438
950,208,59,2017-05,2018-04,2018-05,2004-12,2005-11,2005-12,101.8,101.4,0.4,1.773704,medium,delta_stratified_train_only,0,0.427388792319837,101.82738879231984,0.027388792319836985
951,208,139,2017-05,2018-04,2018-05,2011-08,2012-07,2012-08,101.8,102.0,-0.2,1.738535,medium,delta_stratified_train_only,0,0.11817909183783926,102.11817909183785,0.31817909183783927
952,208,132,2017-05,2018-04,2018-05,2011-01,2011-12,2012-01,101.8,104.55,-2.75,1.451012,small,delta_stratified_train_only,0,-2.0078841520742876,102.54211584792571,0.7421158479257124
953,208,150,2017-05,2018-04,2018-05,2012-07,2013-06,2013-07,101.8,102.7,-0.9,1.165444,small,delta_stratified_train_only,0,-0.8294676004982138,101.87053239950178,0.07053239950178625
954,209,11,2017-06,2018-05,2018-06,2000-12,2001-11,2001-12,101.9,99.3,2.6,1.54828,large,delta_stratified_train_only,0,2.1834047295091406,101.48340472950913,-0.41659527049085954
955,209,8,2017-06,2018-05,2018-06,2000-09,2001-08,2001-09,101.9,100.0,1.9,0.916968,large,delta_stratified_train_only,0,1.6349456531497926,101.6349456531498,-0.26505434685020735
956,209,25,2017-06,2018-05,2018-06,2002-02,2003-01,2003-02,101.9,100.3,1.6,1.3604,medium,delta_stratified_train_only,0,1.508875750232804,101.8088757502328,-0.09112424976719602
957,209,161,2017-06,2018-05,2018-06,2013-06,2014-05,2014-06,101.9,102.3,-0.4,1.715458,medium,delta_stratified_train_only,0,-0.46299702929828984,101.8370029707017,-0.06299702929828982
958,209,149,2017-06,2018-05,2018-06,2012-06,2013-05,2013-06,101.9,102.7,-0.8,0.662301,small,delta_stratified_train_only,0,-0.6966681081468953,102.00333189185311,0.10333189185310476
959,209,42,2017-06,2018-05,2018-06,2003-07,2004-06,2004-07,101.9,105.1,-3.2,1.089788,small,delta_stratified_train_only,0,-2.7676298321020485,102.33237016789795,0.4323701678979517
960,210,28,2017-07,2018-06,2018-07,2002-05,2003-04,2003-05,102.1,100.4,1.7,1.148506,large,delta_stratified_train_only,0,1.1563404418797438,101.55634044187975,-0.5436595581202561
961,210,100,2017-07,2018-06,2018-07,2008-05,2009-04,2009-05,102.1,98.63,3.47,1.662455,large,delta_stratified_train_only,0,3.43215357620639,102.06215357620638,-0.03784642379361003
962,210,146,2017-07,2018-06,2018-07,2012-03,2013-02,2013-03,102.1,102.1,0.0,1.697359,medium,delta_stratified_train_only,0,-0.8668218062447928,101.23317819375521,-0.8668218062447928
963,210,164,2017-07,2018-06,2018-07,2013-09,2014-08,2014-09,102.1,101.6,0.5,1.787757,medium,delta_stratified_train_only,0,0.24154749588601365,101.841547495886,-0.25845250411398635
964,210,132,2017-07,2018-06,2018-07,2011-01,2011-12,2012-01,102.1,104.55,-2.45,1.23929,small,delta_stratified_train_only,0,-1.9129643199851132,102.63703568001489,0.537035680014887
965,210,82,2017-07,2018-06,2018-07,2006-11,2007-10,2007-11,102.1,106.9,-4.8,1.147154,small,delta_stratified_train_only,0,-4.521505899903045,102.37849410009696,0.27849410009695497
966,211,28,2017-08,2018-07,2018-08,2002-05,2003-04,2003-05,102.3,100.4,1.9,1.232503,large,delta_stratified_train_only,0,1.1272767968317368,101.52727679683174,-0.7727232031682632
967,211,26,2017-08,2018-07,2018-08,2002-03,2003-02,2003-03,102.3,100.6,1.7,1.329654,large,delta_stratified_train_only,0,1.4144816820823423,102.01448168208233,-0.2855183179176577
968,211,49,2017-08,2018-07,2018-08,2004-02,2005-01,2005-02,102.3,102.7,-0.4,1.258735,medium,delta_stratified_train_only,0,-0.8070609180518293,101.89293908194817,-0.4070609180518293
969,211,146,2017-08,2018-07,2018-08,2012-03,2013-02,2013-03,102.3,102.1,0.2,1.564392,medium,delta_stratified_train_only,0,-0.8958854512928005,101.2041145487072,-1.0958854512928005
970,211,123,2017-08,2018-07,2018-08,2010-04,2011-03,2011-04,102.3,105.34,-3.04,1.097967,small,delta_stratified_train_only,0,-3.51427327739468,101.82572672260532,-0.47427327739467984
971,211,83,2017-08,2018-07,2018-08,2006-12,2007-11,2007-12,102.3,106.5,-4.2,1.202251,small,delta_stratified_train_only,0,-4.553749097767122,101.94625090223288,-0.35374909776712204
